animal,date,k,state,block,session,start_s,end_s,lambda,fit_r2,rho_raw,candidate,nodes,Q,Q_over_awake,Cspec,Cspec_over_awake,Aspec,Aspec_over_awake,Deff_frac,Deff_frac_over_awake,Gpair,Gpair_over_awake,Oorg,Oorg_over_awake,top_share,top_share_over_awake,WMI,WMI_over_awake
Chibi,20110621,3,eyes_open,1,1,70.91,150.91,0.01,0.19221405327740737,0.723518223207485,18;25;41,BP029-040;BP039-051;BP086-099,0.08320481148379108,0.9875863665561521,0.0899755372528735,0.9453823495981,0.9247492599010162,1.044642273018947,0.801093073686014,0.9254013309187883,0.5771718762394707,1.3654786579347316,0.4623683923818013,1.2636157673940014,0.6331866516023735,1.1855550712157756,0.03847127492419129,1.2479297044437037
Chibi,20110621,3,eyes_open,2,1,283.73,363.73,0.01,0.18921663124885957,0.7066806130209122,18;25;41,BP029-040;BP039-051;BP086-099,0.08794948922979498,1.0439025695748758,0.1016776654282658,1.0683378302490054,0.8649833654161136,0.9771277773918817,0.8841586178852167,1.0213564298709534,0.5104601096302666,1.2076513325087157,0.45132770501623265,1.2334424535000015,0.5357445855317166,1.003108180891316,0.03969404113143322,1.2875937466313891
Chibi,20110621,3,eyes_open,3,1,496.55,576.55,0.01,0.20389697719195354,0.7504736861308106,18;25;41,BP029-040;BP039-051;BP086-099,0.10616433322625542,1.2601007831043405,0.11482690806819322,1.20649829343616,0.9245597135055375,1.0444281520826009,0.8643467190285851,0.9984702532552994,0.5169495743213127,1.2230041691624682,0.4468236684678503,1.2211332825159367,0.5414544002225223,1.0137990249658972,0.04743673683259874,1.5387510055731042
Chibi,20110621,3,eyes_open,4,1,709.37,789.37,0.01,0.2751322688742318,0.749773590011098,18;25;41,BP029-040;BP039-051;BP086-099,0.18398062098320722,2.1837289184766204,0.20498245790016778,2.153772053968651,0.8975432476900582,1.0139090227551097,0.9032633154397609,1.043425666423491,0.6328574827216078,1.4972201899389033,0.5716369480439807,1.5622379744697061,0.4407076973550944,0.8251646559524548,0.10517012067807704,3.4115042423918385
Chibi,20110621,3,eyes_open,5,1,922.19,1002.19,0.01,0.2072018321698429,0.7676385677769507,18;25;41,BP029-040;BP039-051;BP086-099,0.11835558997970957,1.4048029793618537,0.12662872500693048,1.3305012143157882,0.9346662060542099,1.0558449434292891,0.8887781341403334,1.0266927717157481,0.6241994806475212,1.4767370071311277,0.554774849741269,1.5161552109466763,0.479797602973978,0.8983551373413707,0.06566070464703258,2.1298993575128873
Chibi,20110621,3,eyes_open,6,1,1135.01,1215.01,0.01,0.2610971703035315,0.9043340626104003,18;25;41,BP029-040;BP039-051;BP086-099,0.08593794396016467,1.0200268507483943,0.09856017981358584,1.0355820839069594,0.8719337172751254,0.9849792368945978,0.9162423414136329,1.0584186907109017,0.6689998632717264,1.5827261740656597,0.612966001129487,1.67518696490845,0.48332293133162196,0.9049558306780493,0.05267703785455209,1.7087356842303258
Chibi,20110621,3,eyes_closed,1,1,1469.47,1549.47,0.01,0.15361177782269264,0.6313035547502224,18;25;41,BP029-040;BP039-051;BP086-099,0.09394914090892961,1.1151144874524057,0.09684970069948501,1.0176099015427418,0.9700509163207892,1.09581725350927,0.7603822266520951,0.8783732473346005,0.40868235621937027,0.966864565418454,0.3107548000155095,0.8492679680593648,0.6878441594045047,1.2878937503253993,0.02919514649478333,0.9470310149122636
Chibi,20110621,3,eyes_closed,2,1,1680.696,1760.696,0.01,0.17444756085794455,0.6601736362041397,18;25;41,BP029-040;BP039-051;BP086-099,0.12529080025512476,1.4871193622135166,0.13340544826034229,1.4017049519926301,0.9391730389497909,1.0609360836597341,0.813552682029831,0.939794337827514,0.434646218178937,1.02829011444961,0.3536075965335973,0.9663812272037496,0.6014420067691771,1.1261175821741185,0.0443037787459857,1.4371242342543549
Chibi,20110621,3,eyes_closed,3,1,1891.922,1971.922,0.01,0.17342600813443154,0.6952883509623337,18;25;41,BP029-040;BP039-051;BP086-099,0.10713857969918053,1.2716644477190207,0.11150265231097464,1.1715699916512887,0.9608612663345177,1.085436172640998,0.7696453970794531,0.8890738145016118,0.4232247508843985,1.0012690996097926,0.3257329814482755,0.8902021377326726,0.6756430695904804,1.265048884807831,0.034898568993547714,1.1320384098381084
Chibi,20110621,3,eyes_closed,4,1,2103.148,2183.148,0.01,0.19288710035920598,0.7146427891254469,18;25;41,BP029-040;BP039-051;BP086-099,0.139795679540612,1.65928273564632,0.15351223843220121,1.6129690924014268,0.9106484340813834,1.0287132862390689,0.9018131022173109,1.0417504188271085,0.5303230050289625,1.254643157419561,0.47825223434237524,1.3070250347203933,0.5058340883878406,0.9471048815770161,0.0668575960917083,2.168724075169077
Chibi,20110621,3,eyes_closed,5,1,2314.374,2394.374,0.01,0.19232619746046797,0.6994033742000031,18;25;41,BP029-040;BP039-051;BP086-099,0.13818438227828003,1.6401576973177578,0.1476235340372968,1.551095861444247,0.9360593023289092,1.0574186535386563,0.9019086602029867,1.0418608048609277,0.6162258457305092,1.4578729065857547,0.555779426905256,1.5189006398403746,0.540799043915799,1.0125719602592695,0.07680003678987934,2.4912365758950576
Chibi,20110621,3,eyes_closed,6,1,2525.6,2605.6,0.01,0.19897934173901344,0.7238137650811882,18;25;41,BP029-040;BP039-051;BP086-099,0.1482639601916961,1.7597956551523166,0.1556303788972358,1.635224615077389,0.9526672185871641,1.07617977305768,0.8519958830745322,0.984202897307194,0.40251042730806774,0.952262957901498,0.3429372269610445,0.9372199621649728,0.5970134440800218,1.1178257065620245,0.05084523136640295,1.6493156173399361
Chibi,20110621,3,deep_anesthesia,1,2,719.73,799.73,0.01,0.8309878322709735,0.924120521296851,18;25;41,BP029-040;BP039-051;BP086-099,1.308278265925276,15.52840221675432,1.7560460349208167,18.450958751489424,0.745013649932172,0.8416040827960127,0.6804556364068223,0.7860441841853588,0.4667109779960075,1.1041492250620037,0.3175761155503237,0.8679100768327589,0.7581853911892842,1.419598049282066,0.41547792975146347,13.477256761033242
Chibi,20110621,3,deep_anesthesia,2,2,1040.49,1120.49,0.01,0.9107696201554578,0.9571724819276272,18;25;41,BP029-040;BP039-051;BP086-099,0.5508230585564512,6.537907283415751,0.9311265986381594,9.783444239069741,0.5915662374612326,0.668262334169281,0.930969270483896,1.0754308459892652,0.3144864833926699,0.7440150827852643,0.29277725202111976,0.8001367699085299,0.5068001547129545,0.9489137081338791,0.16126846143402576,5.231220015713714
Chibi,20110621,3,deep_anesthesia,3,2,1361.25,1441.25,0.01,0.9111440415969934,0.9456838815416765,18;25;41,BP029-040;BP039-051;BP086-099,0.7888682646174177,9.363347254223902,1.0005360559786354,10.512736643075616,0.7884456136324012,0.8906669663784664,0.7981375154720624,0.9219871489783378,0.42084441446937265,0.9956376773121579,0.33589171536487994,0.9179651435204507,0.6589079529269026,1.2337146765176166,0.2649743145992607,8.595226406055463
Chibi,20110621,3,deep_anesthesia,4,2,1682.0100000000002,1762.0100000000002,0.01,0.9054281131576379,0.9401889607899511,18;25;41,BP029-040;BP039-051;BP086-099,0.7787232664553138,9.242932801081576,0.8573539452131208,9.008307278953152,0.908286794273442,1.0260454616902999,0.7171684592753711,0.8284538569940603,0.44183996649573626,1.0453091519348454,0.31687368801802873,0.8659903986716128,0.7292012707607507,1.3653292631795513,0.24675691338714179,8.004291061303567
Chibi,20110621,3,deep_anesthesia,5,2,2002.77,2082.7700000000004,0.01,0.9076783027111417,0.9417857535491619,18;25;41,BP029-040;BP039-051;BP086-099,0.8190887912115891,9.722045020883291,0.881253962362518,9.259427250647574,0.9294582789911403,1.049961812724795,0.8003124638772027,0.924499591308585,0.4937896428572671,1.168212185292027,0.3951860057121434,1.0800116878641879,0.6528995122533406,1.2224646962904373,0.3236924277224953,10.499922252495764
Chibi,20110621,3,deep_anesthesia,6,2,2323.53,2403.53,0.01,0.9114733240287795,0.9465225563101639,18;25;41,BP029-040;BP039-051;BP086-099,0.8523601927467961,10.11695466572741,1.0168059679047101,10.683686303772813,0.8382722167762443,0.9469535493713187,0.8003509206185737,0.9245440155094881,0.47147545780547556,1.1154210762450132,0.3773458167036759,1.0312558808154793,0.6555341351184627,1.2273976658825505,0.32163455305774347,10.43316899497502
Chibi,20110621,4,eyes_open,1,1,70.91,150.91,0.01,0.19221405327740737,0.723518223207485,18;25;32;51,BP029-040;BP039-051;BP072-085;BP117-118,0.1512259233915592,1.5274516414694372,0.16402582969693352,1.5246892871449589,0.9219640813338705,1.0018117490217635,0.7589344516012753,0.8267264934936617,0.378120163883055,0.7419619809841409,0.2869684192159707,0.6133996268446298,0.5552063843984967,1.5835166404487213,0.043397064180151254,0.9369382669005707
Chibi,20110621,4,eyes_open,2,1,283.73,363.73,0.01,0.18921663124885957,0.7066806130209122,18;25;32;51,BP029-040;BP039-051;BP072-085;BP117-118,0.14445107394070844,1.4590225343274277,0.16408899522780906,1.5252764374030658,0.8803215215021777,0.9565626915548228,0.81467811089682,0.8874494714618866,0.44005233100042923,0.8634876698793241,0.3585010017151718,0.7663016762482622,0.5028994036360902,1.4343307218850547,0.05178585470657629,1.1180514137390951
Chibi,20110621,4,eyes_open,3,1,496.55,576.55,0.01,0.20389697719195354,0.7504736861308106,18;25;32;51,BP029-040;BP039-051;BP072-085;BP117-118,0.19241008617372476,1.9434306987193166,0.20482520030283263,1.9039366495878647,0.9393867838979177,1.0207433630420428,0.808695511727026,0.8809324748712241,0.402519982952498,0.7898402477935715,0.3255161035941242,0.6957959242416919,0.5065570130105379,1.4447626720056825,0.06263258154348054,1.3522311592150842
Chibi,20110621,4,eyes_open,4,1,709.37,789.37,0.01,0.2751322688742318,0.749773590011098,18;25;32;51,BP029-040;BP039-051;BP072-085;BP117-118,0.20209136312038803,2.0412160653552487,0.2160188702142127,2.0079865338606777,0.9355264330379396,1.0165486824409533,0.9137401860631762,0.9953602954700631,0.5765123732700447,1.1312548321691869,0.5267825232194939,1.1260061439998585,0.3902577571299585,1.1130629435196355,0.10645819818542498,2.2984218308212276
Chibi,20110621,4,eyes_open,5,1,922.19,1002.19,0.01,0.2072018321698429,0.7676385677769507,18;25;32;51,BP029-040;BP039-051;BP072-085;BP117-118,0.147633516898745,1.491166677415577,0.16145681278583682,1.500809191125444,0.9143839417576783,0.9935751234954551,0.9141161636310046,0.9957698573441185,0.5768997581792744,1.1320149737911087,0.5273533937464926,1.1272263889633787,0.3592560471200975,1.0246422677808902,0.07785503616728345,1.6808824291256832
Chibi,20110621,4,eyes_open,6,1,1135.01,1215.01,0.01,0.2610971703035315,0.9043340626104003,18;25;32;51,BP029-040;BP039-051;BP072-085;BP117-118,0.1337917283014548,1.3513582223594915,0.1495583892264837,1.3902083243694074,0.8945785588720626,0.9720544746216089,0.827194531850079,0.9010839253780922,0.5502677981951362,1.0797567139183746,0.4551785137201994,0.9729514182309187,0.49438387943049017,1.4100434034020002,0.06089912003631294,1.314805898982681
Chibi,20110621,4,eyes_closed,1,1,1469.47,1549.47,0.01,0.15361177782269264,0.6313035547502224,18;25;32;51,BP029-040;BP039-051;BP072-085;BP117-118,0.139136570607469,1.4053435971591428,0.14318054306549607,1.3309235535824913,0.9717561313049553,1.05591609178178,0.7659531427589034,0.8343721312920488,0.4669271110694826,0.9162224006955179,0.35764428816300575,0.7644704372058367,0.5655460246117624,1.613006561303463,0.04976139975235004,1.0743436341446735
Chibi,20110621,4,eyes_closed,2,1,1680.696,1760.696,0.01,0.17444756085794455,0.6601736362041397,18;25;32;51,BP029-040;BP039-051;BP072-085;BP117-118,0.17187520438626253,1.7360189124978096,0.17975268593743987,1.6708770508323822,0.9561760008753417,1.0389866277910609,0.8170691243257636,0.8900540628647886,0.4758979187738092,0.9338252658455195,0.38884149576096966,0.8311549718715959,0.5074337100798756,1.4472631194733983,0.06683221155777666,1.4429007503856754
Chibi,20110621,4,eyes_closed,3,1,1891.922,1971.922,0.01,0.17342600813443154,0.6952883509623337,18;25;32;51,BP029-040;BP039-051;BP072-085;BP117-118,0.1248636168667212,1.2611801751017084,0.13253871638736436,1.232003284977356,0.9420916413720839,1.0236824775389206,0.8732141921535641,0.9512143052998328,0.6168908836525064,1.2104871038494294,0.5386778746155217,1.1514326495625415,0.44172957222036474,1.259866867249837,0.06726126775057226,1.4521640305931123
Chibi,20110621,4,eyes_closed,4,1,2103.148,2183.148,0.01,0.19288710035920598,0.7146427891254469,18;25;32;51,BP029-040;BP039-051;BP072-085;BP117-118,0.16397927946919505,1.6562664255894222,0.17661742273546122,1.6417334566480448,0.9284433943688802,1.0088522097679908,0.9211813357522286,1.0034661280317714,0.6311220712661961,1.238412089507893,0.5813778726317078,1.2427045843662208,0.3798426832291693,1.0833578765448193,0.0953339246534809,2.0582498800118296
Chibi,20110621,4,eyes_closed,5,1,2314.374,2394.374,0.01,0.19232619746046797,0.6994033742000031,18;25;32;51,BP029-040;BP039-051;BP072-085;BP117-118,0.17431358380979153,1.7606476703818073,0.18279241726302484,1.699132635922131,0.9536149607287435,1.0362037860724695,0.9143413794303337,0.9960151906106027,0.5744989136308478,1.1273039439457486,0.5252881291704575,1.122811852605209,0.42514761763286507,1.2125731008985763,0.09156485632844329,1.976876072566446
Chibi,20110621,4,eyes_closed,6,1,2525.6,2605.6,0.01,0.19897934173901344,0.7238137650811882,18;25;32;51,BP029-040;BP039-051;BP072-085;BP117-118,0.17211258610679978,1.738416577465281,0.18483061966611064,1.7180785871467639,0.9311908731232655,1.0118376368058302,0.9088881302467375,0.9900748283485002,0.5525649503090485,1.0842642744662099,0.5022197245262725,1.0735027654265439,0.41840460007230873,1.193341188561064,0.08643833558206139,1.8661950033723287
Chibi,20110621,4,deep_anesthesia,1,2,719.73,799.73,0.01,0.8309878322709735,0.924120521296851,18;25;32;51,BP029-040;BP039-051;BP072-085;BP117-118,1.3699294991798632,13.83692038567827,1.9748998477281519,18.357527266156037,0.6936703654900662,0.753746416119345,0.5789535472956797,0.6306687422630504,0.46236087796383646,0.9072623618393292,0.26768547042790797,0.5721820126438142,0.7441844311795842,2.1225051862694837,0.3667102224410309,7.917236955069636
Chibi,20110621,4,deep_anesthesia,2,2,1040.49,1120.49,0.01,0.9107696201554578,0.9571724819276272,18;25;32;51,BP029-040;BP039-051;BP072-085;BP117-118,0.5663690483515069,5.720588859239715,0.968053711385577,8.998467655110424,0.5850595289189707,0.6357292239630232,0.9609729556891754,1.0468121460594093,0.38379174773337205,0.7530909817379869,0.36881349018845294,0.7883447867711296,0.3334886667469817,0.9511505415540634,0.20888454545723115,4.509796404442618
Chibi,20110621,4,deep_anesthesia,3,2,1361.25,1441.25,0.01,0.9111440415969934,0.9456838815416765,18;25;32;51,BP029-040;BP039-051;BP072-085;BP117-118,0.8006498358064014,8.086932970997374,0.9393939683121048,8.732063252113724,0.8523046376857223,0.9261193760867241,0.6877078652076465,0.7491375714352588,0.38111631947282343,0.7478411531337881,0.2620966904604508,0.5602359052779896,0.6504836346726631,1.855259033016476,0.2098476721825612,4.530590213929138
Chibi,20110621,4,deep_anesthesia,4,2,1682.0100000000002,1762.0100000000002,0.01,0.9054281131576379,0.9401889607899511,18;25;32;51,BP029-040;BP039-051;BP072-085;BP117-118,0.9181358702665375,9.273596157845445,1.1850373204750728,11.015421843826159,0.7747738019748303,0.8418739009112973,0.7196533582108284,0.7839366049456287,0.43782976576159627,0.8591264665768179,0.31508566125499315,0.6735006854271648,0.6129661947921884,1.7482546972826034,0.2892914478048619,6.2457733686836585
Chibi,20110621,4,deep_anesthesia,5,2,2002.77,2082.7700000000004,0.01,0.9076783027111417,0.9417857535491619,18;25;32;51,BP029-040;BP039-051;BP072-085;BP117-118,0.8949013970674803,9.038917252068906,1.2134573330895657,11.279597851067852,0.7374807277228158,0.8013510207913291,0.7766707726841828,0.8460471166455192,0.4815691546110232,0.9449535837146215,0.3740206874126121,0.7994752548656057,0.5706171488577896,1.6274700290427018,0.33471163569768647,7.226390673806924
Chibi,20110621,4,deep_anesthesia,6,2,2323.53,2403.53,0.01,0.9114733240287795,0.9465225563101639,18;25;32;51,BP029-040;BP039-051;BP072-085;BP117-118,0.8452910638001649,8.537829982878945,1.1868417514458547,11.032194790962759,0.7122188470117435,0.7739013083663894,0.7593573486546206,0.8271871659500027,0.4370724544237286,0.8576404410374874,0.33189418016117006,0.7094291658259096,0.582559307104667,1.661530527693649,0.28054718461751943,6.056985602717261
Chibi,20110621,5,eyes_open,1,1,70.91,150.91,0.01,0.19221405327740737,0.723518223207485,4;18;25;32;51,BP006-106;BP029-040;BP039-051;BP072-085;BP117-118,0.1698473896817569,1.5318160823618185,0.18374508230381878,1.5339908553470964,0.9243642744186081,0.998582277738034,0.7384799635323086,0.8463266615872914,0.3745513901824915,0.6820341326998358,0.2765986969629418,0.5772236706164358,0.5101678552646778,1.5475633097007244,0.04697956666853094,0.8842005017701778
Chibi,20110621,5,eyes_open,2,1,283.73,363.73,0.01,0.18921663124885957,0.7066806130209122,4;18;25;32;51,BP006-106;BP029-040;BP039-051;BP072-085;BP117-118,0.1588739597351909,1.4328491420849256,0.17907269954538557,1.494983594122729,0.8872036895547255,0.9584380375262485,0.7834784789023088,0.897896704337423,0.46834704883008965,0.8528300298010472,0.366939833415784,0.7657532731183465,0.4638069522213978,1.406930316433929,0.058297184319336885,1.0972089204363469
Chibi,20110621,5,eyes_open,3,1,496.55,576.55,0.01,0.20389697719195354,0.7504736861308106,4;18;25;32;51,BP006-106;BP029-040;BP039-051;BP072-085;BP117-118,0.21410474210034705,1.9309633658412821,0.23094982048722995,1.9280783367343561,0.9270617385571238,1.0014963235943062,0.765931689691732,0.877787403791026,0.4422539516816374,0.8053161682868065,0.33873631648436214,0.706896388591413,0.47583502717342935,1.4434167537702,0.07252505168090578,1.364991029815521
Chibi,20110621,5,eyes_open,4,1,709.37,789.37,0.01,0.2751322688742318,0.749773590011098,4;18;25;32;51,BP006-106;BP029-040;BP039-051;BP072-085;BP117-118,0.2385643831578877,2.151559464556378,0.25486645629233534,2.1277457245942166,0.936036803855628,1.0111920046116896,0.9158055269972101,1.0495486304319068,0.6528831770508882,1.1888585200478345,0.5979140220267014,1.2477648314935081,0.327959481177815,0.9948452355469521,0.1426409898462516,2.6846402327404526
Chibi,20110621,5,eyes_open,5,1,922.19,1002.19,0.01,0.2072018321698429,0.7676385677769507,4;18;25;32;51,BP006-106;BP029-040;BP039-051;BP072-085;BP117-118,0.17819099447616454,1.6070652106109624,0.19531676230017006,1.6305967131629542,0.9123179822237376,0.9855687783729512,0.9066972721824642,1.0391102173795355,0.6817378084777672,1.24140095891054,0.6181298112904428,1.2899524202686952,0.3211398950156245,0.9741584336972484,0.11014516578920802,2.073037657957235
Chibi,20110621,5,eyes_open,6,1,1135.01,1215.01,0.01,0.2610971703035315,0.9043340626104003,4;18;25;32;51,BP006-106;BP029-040;BP039-051;BP072-085;BP117-118,0.15141393335747996,1.3655688123628589,0.16978399267033395,1.4174370757306405,0.8918033495152705,0.96340700814458,0.8076605474321349,0.9256102921661703,0.5800327658670158,1.0562025793385763,0.4684695812087293,0.9776319780482423,0.44409843641449404,1.3471457266431879,0.07093282194914506,1.3350237391912918
Chibi,20110621,5,eyes_closed,1,1,1469.47,1549.47,0.01,0.15361177782269264,0.6313035547502224,4;18;25;32;51,BP006-106;BP029-040;BP039-051;BP072-085;BP117-118,0.14385158170177179,1.2973656335657369,0.150848412422232,1.2593538956145551,0.9536168090329268,1.0301835235381809,0.691797574718079,0.7928268346033758,0.4610210761374159,0.8394899019505111,0.3189332623657832,0.6655701216449221,0.541282573064022,1.6419479228453056,0.04587905424862405,0.8634878025502892
Chibi,20110621,5,eyes_closed,2,1,1680.696,1760.696,0.01,0.17444756085794455,0.6601736362041397,4;18;25;32;51,BP006-106;BP029-040;BP039-051;BP072-085;BP117-118,0.18014689463230257,1.6247050419930047,0.1905468245434325,1.5907750166708996,0.9454206075800575,1.0213292420150728,0.7440991267642137,0.8527664404490294,0.4829769046884966,0.879470061885965,0.3593826930259932,0.7499825541559819,0.48043807860316373,1.4573798316705642,0.06474167613322676,1.2185004371440173
Chibi,20110621,5,eyes_closed,3,1,1891.922,1971.922,0.01,0.17342600813443154,0.6952883509623337,4;18;25;32;51,BP006-106;BP029-040;BP039-051;BP072-085;BP117-118,0.13433974798802345,1.211580506795337,0.14505679694343818,1.2110027502627223,0.9261182572534425,1.0004770893645694,0.8221749473630184,0.9422443570630578,0.6195666473870809,1.1281912497895346,0.509392175703355,1.0630318388021076,0.40356602177096085,1.2241931001525097,0.0684316165110597,1.2879486539954381
Chibi,20110621,5,eyes_closed,4,1,2103.148,2183.148,0.01,0.19288710035920598,0.7146427891254469,4;18;25;32;51,BP006-106;BP029-040;BP039-051;BP072-085;BP117-118,0.17759196534142352,1.6016626991910408,0.1930298284726852,1.6115043078906048,0.9200234323709912,0.9938929057456592,0.8613275047345527,0.9871147053584395,0.654226591180474,1.1913047912798873,0.5635033573124699,1.1759544780363431,0.34670656966392954,1.0517133937529843,0.10007366870161188,1.8834824234174812
Chibi,20110621,5,eyes_closed,5,1,2314.374,2394.374,0.01,0.19232619746046797,0.6994033742000031,4;18;25;32;51,BP006-106;BP029-040;BP039-051;BP072-085;BP117-118,0.19458828800125466,1.754948778183024,0.20653606121517787,1.7242607270415444,0.9421516361664537,1.0177978020726213,0.8675031215643694,0.9941922016114471,0.6017128321614313,1.0956805938368865,0.5219877601853792,1.089317101849632,0.3979250849085837,1.2070816596129559,0.1015727046120824,1.9116957169448858
Chibi,20110621,5,eyes_closed,6,1,2525.6,2605.6,0.01,0.19897934173901344,0.7238137650811882,4;18;25;32;51,BP006-106;BP029-040;BP039-051;BP072-085;BP117-118,0.19446911972775316,1.7538740258527177,0.20817677623628278,1.7379581920678138,0.9341537670226419,1.0091577771303966,0.8703188537543269,0.997419139838521,0.5921250831351741,1.0782219159009137,0.5153376236333903,1.0754391759129316,0.37519052883871185,1.1381177598435077,0.10021725403057756,1.886184837018144
Chibi,20110621,5,deep_anesthesia,1,2,719.73,799.73,0.01,0.8309878322709735,0.924120521296851,4;18;25;32;51,BP006-106;BP029-040;BP039-051;BP072-085;BP117-118,1.5306448942233515,13.80454812846719,2.222482275996375,18.554333236044304,0.688709606710874,0.744006693899945,0.5909029193736413,0.6771976489160345,0.48514123191698544,0.8834111633819222,0.28667137024827144,0.5982439628684165,0.6580651438111169,1.9962007826358743,0.4387920691905301,8.258487577982029
Chibi,20110621,5,deep_anesthesia,2,2,1040.49,1120.49,0.01,0.9107696201554578,0.9571724819276272,4;18;25;32;51,BP006-106;BP029-040;BP039-051;BP072-085;BP117-118,0.7572071202521613,6.829083724244741,1.260965445663176,10.527135955440954,0.6004979144007594,0.6487124088784212,0.9274992077737769,1.0629500418472706,0.4288879178863057,0.7809774753699437,0.3977932040632932,0.8301400401262573,0.3372212629676228,1.0229402900127509,0.3012118465046459,5.669095836870092
Chibi,20110621,5,deep_anesthesia,3,2,1361.25,1441.25,0.01,0.9111440415969934,0.9456838815416765,4;18;25;32;51,BP006-106;BP029-040;BP039-051;BP072-085;BP117-118,1.0362572804025894,9.345775466784833,1.3456238289585607,11.233904181155209,0.7700943295605844,0.8319258662061854,0.7182268044952732,0.8231157563212602,0.5047383220000538,0.9190962113849047,0.36251659211640486,0.7565225731660906,0.5258689357935008,1.5951915871359164,0.37566045784735985,7.070290104364579
Chibi,20110621,5,deep_anesthesia,4,2,1682.0100000000002,1762.0100000000002,0.01,0.9054281131576379,0.9401889607899511,4;18;25;32;51,BP006-106;BP029-040;BP039-051;BP072-085;BP117-118,1.0336692748613616,9.322434816588665,1.5137698476745596,12.637666675581452,0.6828444075889578,0.7376705728915536,0.7517911009683005,0.8615817410267484,0.4658162149509678,0.848221543128729,0.3501964850868746,0.7308121939052455,0.5179481376988609,1.5711643255428618,0.3619873467987475,6.8129490408498175
Chibi,20110621,5,deep_anesthesia,5,2,2002.77,2082.7700000000004,0.01,0.9076783027111417,0.9417857535491619,4;18;25;32;51,BP006-106;BP029-040;BP039-051;BP072-085;BP117-118,1.0545740283934508,9.510970170109637,1.5375493772779978,12.836189436020911,0.6858797798483826,0.7409496578026463,0.7926447862725088,0.9084016478684535,0.5307515072455506,0.966464558433432,0.4206974150244614,0.8779379974873869,0.4917814534502166,1.491789272681648,0.4436565676970589,8.350042105308356
Chibi,20110621,5,deep_anesthesia,6,2,2323.53,2403.53,0.01,0.9114733240287795,0.9465225563101639,4;18;25;32;51,BP006-106;BP029-040;BP039-051;BP072-085;BP117-118,1.060130365711687,9.561081548795226,1.560041864482033,13.023967357761158,0.6795525106396249,0.7341143667023742,0.7539540403778271,0.8640605534252924,0.46651419112431886,0.8494925131117924,0.35173025929177404,0.734012971010018,0.5195774611919403,1.576106779740049,0.37287992841485523,7.01795787370026
Chibi,20110622,3,eyes_open,1,1,49.89,129.89,0.01,0.17548850335176502,0.6850291283806251,41;51;55,BP086-099;BP117-118;BP054-061,0.1264047944008946,1.3519696778785601,0.13482928461373558,1.3951954106690918,0.937517355840196,0.9690181515363486,0.735849559115477,0.7889675350677167,0.42729757966472237,0.9362819284917915,0.31442673560739637,0.7386960452506168,0.7005097921015977,1.4052796667346303,0.039745046868597374,0.9986946543476434
Chibi,20110622,3,eyes_open,2,1,262.76399999999995,342.76399999999995,0.01,0.195784091708044,0.7421768741793509,41;51;55,BP086-099;BP117-118;BP054-061,0.13096110570989858,1.400701964987956,0.13585663388958188,1.4058262836201818,0.9639654830277764,0.9963549417933558,0.8268177522615199,0.8865023507469829,0.5068957610124228,1.1106951296972398,0.419110413751184,0.9846338434398282,0.5907903214496861,1.185173477084599,0.05488716319938815,1.3791785592998123
Chibi,20110622,3,eyes_open,3,1,475.6379999999999,555.6379999999999,0.01,0.18899422274156097,0.6543774248001999,41;51;55,BP086-099;BP117-118;BP054-061,0.13694463434076906,1.4646991362502975,0.151387281506892,1.5665353487351243,0.9045980149563262,0.9349927133357998,0.9413456973405528,1.0092976006809378,0.6480588819821913,1.4200076215611077,0.6100474401772649,1.4332102853902708,0.48840075286444007,0.9797716676582022,0.08354272362559767,2.0992218670761726
Chibi,20110622,3,eyes_open,4,1,688.5119999999998,768.5119999999998,0.01,0.1929820795084184,0.7384305821348989,41;51;55,BP086-099;BP117-118;BP054-061,0.12097742933210501,1.2939209856706568,0.12367628757903275,1.2797856884963306,0.9781780460930872,1.011045050199721,0.9189056952733393,0.985237746464044,0.5277324722595348,1.156351920463947,0.48493637433996606,1.1392815602372686,0.49180616263394983,0.9866031968672864,0.05866635595728047,1.4741403193786118
Chibi,20110622,3,eyes_open,5,1,901.386,981.386,0.01,0.24564628881447093,0.6987299023992589,41;51;55,BP086-099;BP117-118;BP054-061,0.15153672221875977,1.6207696432392564,0.1628505372750927,1.6851555868009003,0.9305263879036443,0.9617922854922409,0.9454145704736573,1.0136601891564783,0.592567973768418,1.2984175704381429,0.5602223963967143,1.3161542000544229,0.48850709907042844,0.9799850068043424,0.0848942656634969,2.1331827732700597
Chibi,20110622,3,eyes_open,6,1,1114.26,1194.26,0.01,0.21722069255602727,0.7328760485937504,41;51;55,BP086-099;BP117-118;BP054-061,0.14110005872079331,1.509143714378343,0.1437353360910486,1.4873540406279129,0.9816657654135515,1.0146499576800365,0.9255462753042235,0.9923576828606688,0.5774696467429365,1.2653345589324156,0.5344748806441707,1.2556644709456983,0.5079041963121802,1.0188971628581935,0.07541443704368149,1.8949781436959101
Chibi,20110622,3,eyes_closed,1,1,1508.51,1588.51,0.01,0.14658484885269707,0.6374552421111945,41;51;55,BP086-099;BP117-118;BP054-061,0.10296082877274097,1.1012234082555261,0.1079396510209037,1.1169450773622684,0.9538740194073952,0.985924402707544,0.8262500830969911,0.8858937038626787,0.4823829428930552,1.0569833613329576,0.398568946649958,0.9363749048924779,0.625091070691006,1.2539835722554016,0.041036989070158035,1.031157964170639
Chibi,20110622,3,eyes_closed,2,1,1721.952,1801.952,0.01,0.16308112208161718,0.6838764213472632,41;51;55,BP086-099;BP117-118;BP054-061,0.12732413401101933,1.361802527039482,0.13253369414946758,1.3714409474625417,0.9606925606965043,0.992972048529765,0.8093511167201649,0.8677748700842862,0.4298906114735652,0.9419637037654284,0.3479324464636446,0.8174124306591577,0.627203902282604,1.2582220844195209,0.04430019744031888,1.113154313705127
Chibi,20110622,3,eyes_closed,3,1,1935.394,2015.394,0.01,0.26846608047488907,0.6546028447049699,41;51;55,BP086-099;BP117-118;BP054-061,0.13804899927424166,1.4765109342951726,0.15076804047882847,1.5601275253685065,0.9156383464015846,0.9464040024205178,0.9686193873917408,1.0385400670863703,0.7151630569569153,1.567044322317717,0.6927208021148119,1.6274383156271572,0.4248856851729307,0.8523552715356387,0.09562941350839976,2.402930467914418
Chibi,20110622,3,eyes_closed,4,1,2148.836,2228.836,0.01,0.1656642769738198,0.7022011599567026,41;51;55,BP086-099;BP117-118;BP054-061,0.1534087733928063,1.6407922731936306,0.15536161302071416,1.6076611998767933,0.9874303594695075,1.0206082434031352,0.9303828837084328,0.9975434262826581,0.5995487598703227,1.3137136642728156,0.5578099041319656,1.31048642981305,0.5053476508493018,1.0137685245485313,0.08557293317924368,2.1502360081623606
Chibi,20110622,3,eyes_closed,5,1,2362.278,2442.278,0.01,0.23298922478557316,0.6725500886084057,41;51;55,BP086-099;BP117-118;BP054-061,0.16080745974665078,1.7199253444821103,0.16727837811871527,1.73097429185369,0.9613164687221432,0.9936169200065084,0.9405115747524854,1.0084032661881062,0.6450094529634173,1.41332580210232,0.6066388563368628,1.4252023550279047,0.49647292809541665,0.9959651082728983,0.09755205347114428,2.451241651428085
Chibi,20110622,3,eyes_closed,6,1,2575.72,2655.72,0.01,0.2005293431239984,0.671168742598454,41;51;55,BP086-099;BP117-118;BP054-061,0.16932068853460397,1.8109790678531765,0.17066436613666008,1.7660120431608408,0.9921267829221001,1.0254624677484379,0.966207774499829,1.0359543697039375,0.5938221764619813,1.3011657426079233,0.5737556035679757,1.347948336763747,0.449185529181349,0.9011027367029792,0.09714869384671691,2.441106222426652
Chibi,20110622,3,deep_anesthesia,1,2,759.73,839.73,0.01,0.8241208917710123,0.9240275530655699,41;51;55,BP086-099;BP117-118;BP054-061,0.527016133064348,5.6367310673049,0.7988528802551037,8.26642279920665,0.6597161330832931,0.6818827447158728,0.9338597672476942,1.0012712918520632,0.4866324776832589,1.0662948173718305,0.4544464923444569,1.0676503892850526,0.48552182046459613,0.9739962949096405,0.23950063308003314,6.018058118303246
Chibi,20110622,3,deep_anesthesia,2,2,1079.544,1159.544,0.01,0.8844190066518508,0.9401875718592079,41;51;55,BP086-099;BP117-118;BP054-061,0.5152800471022893,5.511207091470899,0.794540068522446,8.22179440001487,0.6485261946078085,0.6703168217707963,0.8488071648425075,0.9100790892619357,0.5257934577208409,1.1521032086573262,0.44629725414076576,1.0485050388706132,0.6028747542351366,1.2094158329644036,0.22996807013527573,5.778528405666688
Chibi,20110622,3,deep_anesthesia,3,2,1399.3580000000002,1479.3580000000002,0.01,0.9051204516738557,0.9409983475541934,41;51;55,BP086-099;BP117-118;BP054-061,0.6122566218115976,6.548425569558797,0.8831022706371838,9.138224226837842,0.6933020581747986,0.7165971645045518,0.9222258556733488,0.9887975756905149,0.5956587531856872,1.3051899956777482,0.5493319033459905,1.2905687035416709,0.5065144724294157,1.0161092636213171,0.33633209539595127,8.451193097544635
Chibi,20110622,3,deep_anesthesia,4,2,1719.172,1799.172,0.01,0.902813364435887,0.9482509281054932,41;51;55,BP086-099;BP117-118;BP054-061,0.5133789539390212,5.490873841266724,0.7236818799495215,7.488563338317181,0.7093986572868601,0.7332346129959589,0.9706505870312526,1.0407178907365502,0.566893008680253,1.2421593397091775,0.5502550316594006,1.292737447980841,0.4325508556811594,0.8677322275449925,0.28248935255298674,7.098258236743925
Chibi,20110622,3,deep_anesthesia,5,2,2038.986,2118.986,0.01,0.9014426347696182,0.9430898781279671,41;51;55,BP086-099;BP117-118;BP054-061,0.5177511426250151,5.537636834375043,0.6856356179412109,7.094865705794838,0.7551403822626512,0.7805132703008169,0.8750793305551571,0.9382477353750291,0.6917208222900434,1.5156783850257767,0.6053105941006339,1.4220818123073165,0.5817705210352848,1.1670790232121764,0.31340025173862995,7.8749726253278185
Chibi,20110622,3,deep_anesthesia,6,2,2358.8,2438.8,0.01,0.9029748088199434,0.9488915484640403,41;51;55,BP086-099;BP117-118;BP054-061,0.47551419573144893,5.085889163276703,0.5773400861118694,5.974238021407693,0.8236292735774284,0.8513034038905483,0.8858106890030434,0.9497537467841197,0.5935175009390404,1.300498146534931,0.5257441464421758,1.2351529873573537,0.5672230499897829,1.1378956120833714,0.24999880495596788,6.281851193389606
Chibi,20110622,3,recovery_eyes_closed,1,3,807.44,887.44,0.01,0.4357857778572978,0.8152200328919788,41;51;55,BP086-099;BP117-118;BP054-061,0.2961646265312534,3.167645631071482,0.558943183083822,5.783869328517357,0.5298653521405217,0.5476689480955961,0.9064974968569065,0.9719338508538982,0.36701250829281845,0.8041870476182795,0.33269592008261456,0.7816166139984615,0.43652728654774053,0.875709271557779,0.09853276291973939,2.475884452505117
Chibi,20110622,3,recovery_eyes_closed,2,3,1059.874,1139.874,0.01,0.4581713544209649,0.8646010756069964,41;51;55,BP086-099;BP117-118;BP054-061,0.2323404363435959,2.4850103698233803,0.6462790570271228,6.687609275380905,0.35950482042905674,0.3715842638970325,0.691400059819188,0.7413094078590219,0.37002453012136105,0.8107869015385849,0.25583498226047596,0.6010439578794194,0.7354388654987305,1.4753502313096267,0.05944081141035523,1.493600468050049
Chibi,20110622,3,recovery_eyes_closed,3,3,1312.308,1392.308,0.01,0.4585688522074933,0.8568698957107315,41;51;55,BP086-099;BP117-118;BP054-061,0.38896653566775913,4.160213735758096,0.7582196911139356,7.845955990582557,0.51299978123268,0.5302366901817407,0.9250718262353511,0.9918489852502043,0.43492108818206643,0.9529863368389979,0.40233324531285036,0.9452185311510694,0.4910288356982501,0.9850438157573282,0.15649416861330617,3.9323111165877758
Chibi,20110622,3,recovery_eyes_closed,4,3,1564.7420000000002,1644.7420000000002,0.01,0.44169794834534615,0.8580451190136903,41;51;55,BP086-099;BP117-118;BP054-061,0.375310470065003,4.0141545083249,0.7950064524897857,8.226620478953924,0.4720848099906774,0.4879469666303761,0.909838316062208,0.9755158301604863,0.345092810185614,0.7561572477961636,0.31397866130445423,0.737643365315743,0.5428763556934707,1.0890541614247495,0.11783947896455517,2.9610144404181455
Chibi,20110622,3,recovery_eyes_closed,5,3,1817.176,1897.176,0.01,0.4266708473965649,0.8620463388659522,41;51;55,BP086-099;BP117-118;BP054-061,0.4384223333431311,4.68917103654167,0.7493283810639968,7.753949902943294,0.5850870518484838,0.6047461094327841,0.9836828619150589,1.0546909123467838,0.28334041429273943,0.6208472084532409,0.27871710962768037,0.6548019087115026,0.41563682116252104,0.8338012974431005,0.1221958055456208,3.070478145002181
Chibi,20110622,3,recovery_eyes_closed,6,3,2069.61,2149.61,0.01,0.43683950547166783,0.8536908414014577,41;51;55,BP086-099;BP117-118;BP054-061,0.43794944102620137,4.684113189832446,0.9016928583082092,9.33059714251831,0.48569691662846143,0.502016443137123,0.9118306873330814,0.9776520225805921,0.36015497863272544,0.7891610296851111,0.32840036171310927,0.7715248768134315,0.5371113886247264,1.0774891681977512,0.14382275484505866,3.613909851765654
Chibi,20110622,3,recovery_eyes_open,1,3,2274.21,2354.21,0.01,0.23226778522869285,0.8014727763775553,41;51;55,BP086-099;BP117-118;BP054-061,0.11619742995221448,1.2427962300589774,0.12441956904479448,1.2874770657281913,0.933916029803802,0.9652958201286929,0.8483091327069503,0.9095451062194678,0.4637324823118773,1.0161170189260875,0.3933884998780298,0.9242042619105372,0.5509016675086486,1.1051535902125187,0.04571073265858413,1.1485975725068571
Chibi,20110622,3,recovery_eyes_open,2,3,2435.2,2515.2,0.01,0.2178987547200969,0.7311346518385375,41;51;55,BP086-099;BP117-118;BP054-061,0.12304819751350941,1.316069004695121,0.13029218115962019,1.3482460707312025,0.9444020079974238,0.9761341295668446,0.827507680917467,0.8872420825363305,0.49461201548537975,1.0837793466493073,0.40929524188822086,0.9615746445309952,0.6232628912213012,1.2503160954194101,0.0503630417652014,1.2654985853679723
Chibi,20110622,3,recovery_eyes_open,3,3,2596.19,2676.19,0.01,0.23238842331085652,0.7449460077299962,41;51;55,BP086-099;BP117-118;BP054-061,0.1703217484273568,1.8216859609513123,0.17854153940368,1.8475239789593332,0.9539614646329538,0.9860147861125057,0.9468099483344455,1.0151562936491376,0.5195508252681305,1.1384245354566138,0.49191589002923714,1.1556788320133773,0.44576085230444945,0.8942325561080658,0.08378397446897899,2.10528390364738
Chibi,20110622,3,recovery_eyes_open,4,3,2757.18,2837.18,0.01,0.22270941244485043,0.7034315619865997,41;51;55,BP086-099;BP117-118;BP054-061,0.14175343126146667,1.516131897599838,0.14725455548715924,1.5237704524234479,0.9626420778121715,0.9949870698624839,0.8539521351754131,0.9155954540015279,0.5118114507846865,1.121466245001599,0.4370624812048089,1.0268093957396278,0.6045282658602064,1.2127329118855257,0.06195510638643198,1.5567784776360671
Chibi,20110622,3,recovery_eyes_open,5,3,2918.17,2998.17,0.01,0.230199413584811,0.7642530706346361,41;51;55,BP086-099;BP117-118;BP054-061,0.13959978100818501,1.4930974086550763,0.1532404538013777,1.5857117278715465,0.9109851709857697,0.9415944792558332,0.7987197691636337,0.8563760889445556,0.3957439214461853,0.8671424777347718,0.31608849358540836,0.7426000836401954,0.6434334023445102,1.2907797826778735,0.044125884483730116,1.10877426055022
Chibi,20110622,3,recovery_eyes_open,6,3,3079.16,3159.16,0.01,0.23044604828754067,0.748055014061439,41;51;55,BP086-099;BP117-118;BP054-061,0.14112812911915062,1.5094439429227184,0.14325689402369746,1.4824031860820943,0.9851402271488959,1.0182411621173664,0.8844535109924361,0.9482985996328949,0.5098613582902912,1.1171932595032437,0.4509486684592205,1.0594328035062353,0.5684626955606193,1.1403824420096567,0.06364154190842201,1.5991544281861252
Chibi,20110622,4,eyes_open,1,1,49.89,129.89,0.01,0.17548850335176502,0.6850291283806251,39;41;51;55,BP082-095;BP086-099;BP117-118;BP054-061,0.14240057707069204,1.3558689524084238,0.16773101162999582,1.3900756787512114,0.8489818053731104,0.9753921841338037,0.7167714294370778,0.8082941459337931,0.4575202675746384,0.9386775897985643,0.32793745618590786,0.7587276007534219,0.6209522667192746,1.4029087518232928,0.046698483003968005,1.0287351971968988
Chibi,20110622,4,eyes_open,2,1,262.76399999999995,342.76399999999995,0.01,0.195784091708044,0.7421768741793509,39;41;51;55,BP082-095;BP086-099;BP117-118;BP054-061,0.15590791638241863,1.4844792598885974,0.18176217977183537,1.5063593962873905,0.8577577391409401,0.9854748233039743,0.8068678965310483,0.9098948012201878,0.5778748992721141,1.1856047832139909,0.4662687044337821,1.078775628548198,0.5084036081333282,1.1486291451629973,0.0726949821826007,1.601420046653086
Chibi,20110622,4,eyes_open,3,1,475.6379999999999,555.6379999999999,0.01,0.18899422274156097,0.6543774248001999,39;41;51;55,BP082-095;BP086-099;BP117-118;BP054-061,0.15798567086605278,1.504262626311954,0.19519249015645626,1.617663487536326,0.8093839611320066,0.929898361372377,0.915162414000069,1.0320171695401412,0.6906126638401009,1.4169047290829286,0.6320227525789249,1.4622700080162048,0.4197928846804717,0.9484321797920565,0.09985053856879074,2.1996381226356605
Chibi,20110622,4,eyes_open,4,1,688.5119999999998,768.5119999999998,0.01,0.1929820795084184,0.7384305821348989,39;41;51;55,BP082-095;BP086-099;BP117-118;BP054-061,0.1360799587579067,1.2956871026812604,0.14742758930331917,1.2218104706811237,0.9230291250163107,1.0604648869631577,0.8694896520119337,0.9805125690113083,0.56260713577364,1.1542804715756563,0.48918108270325295,1.131786510544231,0.43692110792629685,0.987129734471593,0.06656774155940676,1.4664411847007892
Chibi,20110622,4,eyes_open,5,1,901.386,981.386,0.01,0.24564628881447093,0.6987299023992589,39;41;51;55,BP082-095;BP086-099;BP117-118;BP054-061,0.17163740878685219,1.6342478270323115,0.19012251943841607,1.5756459564987433,0.9027726399473076,1.037192283134333,0.9005348266172809,1.015521822815833,0.6320047619032604,1.2966610414647637,0.5691422986818485,1.3167875844025734,0.43313390143845953,0.9785733519418696,0.09768610937674513,2.151957248473034
Chibi,20110622,4,eyes_open,6,1,1114.26,1194.26,0.01,0.21722069255602727,0.7328760485937504,39;41;51;55,BP082-095;BP086-099;BP117-118;BP054-061,0.15945439973746509,1.518247147422885,0.17188672125853754,1.4245162441925696,0.9276714255176651,1.065798409538982,0.8788337067936827,0.9910497423265227,0.6111874098547788,1.2539508420883634,0.537132096948305,1.2427276589417984,0.4499482441903148,1.0165617608212894,0.08564807609861794,1.8867677232119084
Chibi,20110622,4,eyes_closed,1,1,1508.51,1588.51,0.01,0.14658484885269707,0.6374552421111945,39;41;51;55,BP082-095;BP086-099;BP117-118;BP054-061,0.12025299985540798,1.1449905070046216,0.13944107093354657,1.1556219654319533,0.8623929739661634,0.9908002281495595,0.8157266139189476,0.9198846656470449,0.5315776753278147,1.0906184631176692,0.433622057130064,1.003243200293491,0.5344028010621565,1.2073687572959946,0.05214435317336331,1.1487039405529849
Chibi,20110622,4,eyes_closed,2,1,1721.952,1801.952,0.01,0.16308112208161718,0.6838764213472632,39;41;51;55,BP082-095;BP086-099;BP117-118;BP054-061,0.14179362633060738,1.350089863018122,0.16797583869446564,1.3921046902292455,0.8441310811879227,0.9698192043270791,0.7711706173222908,0.8696394274354605,0.4508705861081577,0.925034681682224,0.34769814822149103,0.8044466309360727,0.5627469139977253,1.271406214329635,0.04930138130476232,1.0860752417658752
Chibi,20110622,4,eyes_closed,3,1,1935.394,2015.394,0.01,0.26846608047488907,0.6546028447049699,39;41;51;55,BP082-095;BP086-099;BP117-118;BP054-061,0.15248910586795925,1.4519270109716442,0.17071923009587606,1.41484062693729,0.8932157542083645,1.0262124110152502,0.9099756834844703,1.0261681586279916,0.7156185307810483,1.468208351183392,0.6511954616616369,1.506628660216101,0.382664376441438,0.8645482615870652,0.0993002136940561,2.1875148472717822
Chibi,20110622,4,eyes_closed,4,1,2148.836,2228.836,0.01,0.1656642769738198,0.7022011599567026,39;41;51;55,BP082-095;BP086-099;BP117-118;BP054-061,0.17300445001614406,1.6472641279321243,0.18763138859770578,1.5550006365867806,0.9220442875209817,1.059333410658829,0.8705988939761878,0.9817634472540905,0.6320024433090878,1.29665628448995,0.5502206281351403,1.2730097437645342,0.44749166946161817,1.0110116559724822,0.09519061715805727,2.096983285411385
Chibi,20110622,4,eyes_closed,5,1,2362.278,2442.278,0.01,0.23298922478557316,0.6725500886084057,39;41;51;55,BP082-095;BP086-099;BP117-118;BP054-061,0.18231510206851453,1.7359156229202377,0.19041036938757755,1.5780315213956022,0.9574851551147132,1.1000512976984158,0.8964137534643302,1.0108745403381942,0.6771231330191358,1.3892287523537201,0.6069824892272104,1.40433597646017,0.43685435701527764,0.9869789250740272,0.11066207447725997,2.4378087613661603
Chibi,20110622,4,eyes_closed,6,1,2575.72,2655.72,0.01,0.2005293431239984,0.671168742598454,39;41;51;55,BP082-095;BP086-099;BP117-118;BP054-061,0.19053085854058352,1.8141420553559497,0.20216798531417873,1.6754731082604093,0.9424383304037454,1.0827640541718488,0.9237459073282172,1.0416966672487102,0.6209019700179527,1.2738818496659317,0.5735556536561112,1.3269984772656234,0.3940691326921454,0.8903148675148637,0.10928005111190447,2.407363745000877
Chibi,20110622,4,deep_anesthesia,1,2,759.73,839.73,0.01,0.8241208917710123,0.9240275530655699,39;41;51;55,BP082-095;BP086-099;BP117-118;BP054-061,0.5989186746841024,5.702611974800118,0.9207426829370123,7.630681991963795,0.6504734555952744,0.7473266453517247,0.8779597196453898,0.9900641579873961,0.4914110217444242,1.0082100098795181,0.4314390828813892,0.9981925945058295,0.4365139969029574,0.9862099542433571,0.2583969237262469,5.692305042585763
Chibi,20110622,4,deep_anesthesia,2,2,1079.544,1159.544,0.01,0.8844190066518508,0.9401875718592079,39;41;51;55,BP082-095;BP086-099;BP117-118;BP054-061,0.6177315894792341,5.881739388464751,0.9435673650415387,7.819842214396127,0.654676721944532,0.752155763147832,0.8394861673573499,0.9466780158916888,0.5495535112815318,1.1274988279091522,0.46134257094350734,1.0673783533252408,0.5147401456111999,1.1629451954625307,0.2849858796433688,6.278041303147714
Chibi,20110622,4,deep_anesthesia,3,2,1399.3580000000002,1479.3580000000002,0.01,0.9051204516738557,0.9409983475541934,39;41;51;55,BP082-095;BP086-099;BP117-118;BP054-061,0.7470386737996105,7.1129384788267265,1.0619812928043293,8.801201114034585,0.7034386376307411,0.8081781550797973,0.9172878272693719,1.0344139714112994,0.6117713023715948,1.2551487929972744,0.5611703687381941,1.2983434476764095,0.4154010260487285,0.9385097151494904,0.4192159680378195,9.23503706771011
Chibi,20110622,4,deep_anesthesia,4,2,1719.172,1799.172,0.01,0.902813364435887,0.9482509281054932,39;41;51;55,BP082-095;BP086-099;BP117-118;BP054-061,0.6328408212294524,6.02560213569712,0.8783875304737426,7.279662423567764,0.7204574282698901,0.8277309832650139,0.9637133436912957,1.0867674436685086,0.5937037620078832,1.2180802816237748,0.5721602376467184,1.3237699938432868,0.3527630992544065,0.7969927251880891,0.36208635466718836,7.97651130207389
Chibi,20110622,4,deep_anesthesia,5,2,2038.986,2118.986,0.01,0.9014426347696182,0.9430898781279671,39;41;51;55,BP082-095;BP086-099;BP117-118;BP054-061,0.624100759300347,5.942383522011882,0.8380797001731641,6.945610097646866,0.7446794847451803,0.8555596180132727,0.8582752510180313,0.967866229744348,0.6792407555790474,1.393573401064428,0.5829755299962841,1.348792633560236,0.5015647534995552,1.1331782167545101,0.363835470924203,8.015043120279362
Chibi,20110622,4,deep_anesthesia,6,2,2358.8,2438.8,0.01,0.9029748088199434,0.9488915484640403,39;41;51;55,BP082-095;BP086-099;BP117-118;BP054-061,0.5970068905226157,5.68440889696442,0.7317583343228855,6.0644686595560495,0.8158525328926267,0.9373300805186366,0.8863862760015883,0.9995666798421603,0.5743165393123081,1.1783042263044294,0.5090662985271566,1.177793643331104,0.46027594704469876,1.0398949951086776,0.30391608795355496,6.695060664939467
Chibi,20110622,4,recovery_eyes_closed,1,3,807.44,887.44,0.01,0.4357857778572978,0.8152200328919788,39;41;51;55,BP082-095;BP086-099;BP117-118;BP054-061,0.3058362350018318,2.912023701663887,0.569147440538615,4.716826107634022,0.5373585352723408,0.6173693147073784,0.7528125161325021,0.8489372271066611,0.36635718030124054,0.7516416197987671,0.2757982707057856,0.6380965524899245,0.4231639897697135,0.956048470264753,0.08434910473267349,1.858152284800677
Chibi,20110622,4,recovery_eyes_closed,2,3,1059.874,1139.874,0.01,0.4581713544209649,0.8646010756069964,39;41;51;55,BP082-095;BP086-099;BP117-118;BP054-061,0.2421404407986034,2.305543366150355,0.655673903640055,5.433916708571923,0.3693001039912229,0.424287579254462,0.5944261283036614,0.6703268852042291,0.37013354754326616,0.7593894542711724,0.2200170516214429,0.5090391675385344,0.7045517553545759,1.5917839046173452,0.053275025862824885,1.17361187582916
Chibi,20110622,4,recovery_eyes_closed,3,3,1312.308,1392.308,0.01,0.4585688522074933,0.8568698957107315,39;41;51;55,BP082-095;BP086-099;BP117-118;BP054-061,0.3965323205588312,3.775587663561783,0.7709184295698136,6.389009097554582,0.5143635245302196,0.5909504284485844,0.7557575090680833,0.8522582586822585,0.4323877283384451,0.8871140787855814,0.3267802725206703,0.7560503000383154,0.479920863473562,1.0842784794181874,0.12957893977546844,2.854534185856847
Chibi,20110622,4,recovery_eyes_closed,4,3,1564.7420000000002,1644.7420000000002,0.01,0.44169794834534615,0.8580451190136903,39;41;51;55,BP082-095;BP086-099;BP117-118;BP054-061,0.38357806420947366,3.652243542723606,0.805870107391726,6.678672152702458,0.4759800130209072,0.5468517482544434,0.7403195995984659,0.8348491219096787,0.3413837802311465,0.7004046087890922,0.25273310349013306,0.5847321726290656,0.532130938770932,1.2022359706679087,0.0969428745983979,2.1355843017072544
Chibi,20110622,4,recovery_eyes_closed,5,3,1817.176,1897.176,0.01,0.4266708473965649,0.8620463388659522,39;41;51;55,BP082-095;BP086-099;BP117-118;BP054-061,0.44436687192281077,4.231044968447624,0.7604366766146029,6.302141262488646,0.5843574956182979,0.6713662535036278,0.7966255467867694,0.8983446319487802,0.2730277820210718,0.560161108783619,0.21750090614051523,0.5032177251022408,0.4057900296996599,0.9167957258229232,0.09665019730203779,2.129136823827502
Chibi,20110622,4,recovery_eyes_closed,6,3,2069.61,2149.61,0.01,0.43683950547166783,0.8536908414014577,39;41;51;55,BP082-095;BP086-099;BP117-118;BP054-061,0.4445767642277341,4.2330434607673135,0.9099834049506407,7.541514160061778,0.48855480419651043,0.5612988812226319,0.7305029542954685,0.8237790141943742,0.3607929176504681,0.7402256257451678,0.2635602922325486,0.6097823362577681,0.5294063841597718,1.1960804226271362,0.1171727818996622,2.581235130987357
Chibi,20110622,4,recovery_eyes_open,1,3,2274.21,2354.21,0.01,0.23226778522869285,0.8014727763775553,39;41;51;55,BP082-095;BP086-099;BP117-118;BP054-061,0.12051170206766919,1.1474537434938263,0.1317982462050626,1.0922818313161464,0.914364989957204,1.050510692932794,0.7304230471167464,0.8236889038717154,0.4495590002511252,0.9223437489774946,0.32836825482218507,0.7597243115882012,0.5277461555570615,1.192329491417761,0.0395722172936116,0.8717485053551516
Chibi,20110622,4,recovery_eyes_open,2,3,2435.2,2515.2,0.01,0.2178987547200969,0.7311346518385375,39;41;51;55,BP082-095;BP086-099;BP117-118;BP054-061,0.1267544183474367,1.2068938479972613,0.13719613386409904,1.1370169836206592,0.9238920571405789,1.0614563066191764,0.708131385006773,0.7985508762570037,0.4888876805816488,1.003032963158791,0.3461967103630318,0.8009728516451114,0.5938908573732544,1.341769289028856,0.043881962655861986,0.9666892070633066
Chibi,20110622,4,recovery_eyes_open,3,3,2596.19,2676.19,0.01,0.23238842331085652,0.7449460077299962,39;41;51;55,BP082-095;BP086-099;BP117-118;BP054-061,0.17492100478203898,1.665512629139934,0.1830788970272878,1.5172717291637585,0.9554405648181675,1.0977022751606125,0.7828391262319222,0.8827978585002124,0.5149661342882448,1.0565371722744834,0.40313563860524027,0.9327087531097839,0.43420985168892434,0.9810042312603051,0.07051689096827758,1.5534382076137077
Chibi,20110622,4,recovery_eyes_open,4,3,2757.18,2837.18,0.01,0.22270941244485043,0.7034315619865997,39;41;51;55,BP082-095;BP086-099;BP117-118;BP054-061,0.14840043146048507,1.412996644257968,0.15697675989805465,1.3009495020802178,0.9453656169031689,1.0861272032454656,0.7399925629761617,0.8344803268148155,0.5126037967107276,1.0516904507176232,0.3793229973192827,0.877614991022863,0.5767105132371432,1.3029539783525155,0.05629169646506593,1.2400670372657925
Chibi,20110622,4,recovery_eyes_open,5,3,2918.17,2998.17,0.01,0.230199413584811,0.7642530706346361,39;41;51;55,BP082-095;BP086-099;BP117-118;BP054-061,0.14375537566472144,1.3687686848968612,0.16184278356027476,1.3412768159105388,0.8882408748931516,1.0204967898201234,0.6941948070601877,0.7828347722021561,0.39804266624180584,0.8166495717567294,0.2763191518934531,0.6393016814751676,0.6100856433120857,1.3783579418854248,0.03972236348380051,0.8750561218051169
Chibi,20110622,4,recovery_eyes_open,6,3,3079.16,3159.16,0.01,0.23044604828754067,0.748055014061439,39;41;51;55,BP082-095;BP086-099;BP117-118;BP054-061,0.1441038440907032,1.3720866315611417,0.14788764177229818,1.2256231690119959,0.9744143754254945,1.1195012188511528,0.729193970318465,0.8223028893904545,0.5035987101229007,1.033215044111052,0.3672211428817757,0.8496157161342038,0.5535915637241811,1.2507216597943511,0.05291797832064527,1.1657463660719887
Chibi,20110622,5,eyes_open,1,1,49.89,129.89,0.01,0.17548850335176502,0.6850291283806251,25;39;41;51;55,BP039-051;BP082-095;BP086-099;BP117-118;BP054-061,0.15104333762278704,1.1753153502441376,0.17564382341624962,1.1571094826501984,0.8599410709981922,1.0157339196220578,0.6701815524465305,0.7941601426387268,0.46062033221350457,0.8289214296857272,0.3086992493312831,0.6582963608355145,0.587040172443311,1.5910094268053905,0.04662696494064591,0.7737058178998341
Chibi,20110622,5,eyes_open,2,1,262.76399999999995,342.76399999999995,0.01,0.195784091708044,0.7421768741793509,25;39;41;51;55,BP039-051;BP082-095;BP086-099;BP117-118;BP054-061,0.1748197441586256,1.3603269900491641,0.20073266813164098,1.3223902170607653,0.8709082870555898,1.0286880320944296,0.7904870205462119,0.9367212253147296,0.6236824997385991,1.1223642405643046,0.4930129209851788,1.0513424066708315,0.4540375338842369,1.2305426961270713,0.0861883927135256,1.430169451577576
Chibi,20110622,5,eyes_open,3,1,475.6379999999999,555.6379999999999,0.01,0.18899422274156097,0.6543774248001999,25;39;41;51;55,BP039-051;BP082-095;BP086-099;BP117-118;BP054-061,0.1916385424226197,1.4911993084409787,0.23663409143189956,1.5589022476769512,0.809851789583628,0.9565701189174227,0.847141361038458,1.0038561963717176,0.7156578498227848,1.2878809000683622,0.6062633649367303,1.2928472217224103,0.3977285196992492,1.0779327443931717,0.1161834275807078,1.9278928829523
Chibi,20110622,5,eyes_open,4,1,688.5119999999998,768.5119999999998,0.01,0.1929820795084184,0.7384305821348989,25;39;41;51;55,BP039-051;BP082-095;BP086-099;BP117-118;BP054-061,0.15766419484067062,1.2268343066074223,0.17188952060015944,1.1323768202385898,0.917241460038864,1.0834152418882352,0.8500225141006418,1.0072703412679402,0.6353536176820537,1.1433673077220845,0.5400648794450372,1.15167997824383,0.3814248307173284,1.0337461212631438,0.08514889437942567,1.4129205075424218
Chibi,20110622,5,eyes_open,5,1,901.386,981.386,0.01,0.24564628881447093,0.6987299023992589,25;39;41;51;55,BP039-051;BP082-095;BP086-099;BP117-118;BP054-061,0.19925218807920153,1.5504434614922564,0.23622955522242708,1.5562372368900552,0.8434684977990636,0.9962770615813198,0.866878473378697,1.0272445273309636,0.6601260559911215,1.1879472004100087,0.5722490676550837,1.2203122603793208,0.38990569421794863,1.056731147519144,0.1140218788565585,1.8920251650839557
Chibi,20110622,5,eyes_open,6,1,1114.26,1194.26,0.01,0.21722069255602727,0.7328760485937504,25;39;41;51;55,BP039-051;BP082-095;BP086-099;BP117-118;BP054-061,0.19113367206479168,1.4872707546180988,0.21929732730684492,1.4446908067199298,0.8715731943114559,1.029473398529367,0.8796836376964299,1.042418551569559,0.6621059697233342,1.1915102062236544,0.5824437879867449,1.2420523433520083,0.38557972203122765,1.0450068007840225,0.1113246199692337,1.8472681259723227
Chibi,20110622,5,eyes_closed,1,1,1508.51,1588.51,0.01,0.14658484885269707,0.6374552421111945,25;39;41;51;55,BP039-051;BP082-095;BP086-099;BP117-118;BP054-061,0.1412030466105103,1.098744974750439,0.1618911456315342,1.0665093489989588,0.8722098176504958,1.0302253569382556,0.798793504589984,0.9465643469717595,0.6137780200513085,1.104540373729706,0.49028189567708624,1.0455185375634022,0.45860280349492155,1.2429155921015949,0.06922929736758097,1.1487582391562172
Chibi,20110622,5,eyes_closed,2,1,1721.952,1801.952,0.01,0.16308112208161718,0.6838764213472632,25;39;41;51;55,BP039-051;BP082-095;BP086-099;BP117-118;BP054-061,0.159843252847009,1.2437902370326217,0.18595219409419184,1.2250191490997429,0.8595932606530168,1.0153230975586576,0.7580902708611175,0.8983313184946692,0.496717151311398,0.8938804095682389,0.37655643977902037,0.8030007669039909,0.49873982166802966,1.3516958379431874,0.06019000621476742,0.9987645142048917
Chibi,20110622,5,eyes_closed,3,1,1935.394,2015.394,0.01,0.26846608047488907,0.6546028447049699,25;39;41;51;55,BP039-051;BP082-095;BP086-099;BP117-118;BP054-061,0.2021324166035126,1.5728554185511496,0.2282121061866381,1.5034197445038249,0.8857217085503921,1.0461851550780588,0.8983220733209307,1.0645049588126132,0.7515145349183936,1.3524077404933441,0.6751020951387063,1.4396447460917263,0.32450649160542666,0.8794847634616271,0.13646001794448126,2.2643530396790683
Chibi,20110622,5,eyes_closed,4,1,2148.836,2228.836,0.01,0.1656642769738198,0.7022011599567026,25;39;41;51;55,BP039-051;BP082-095;BP086-099;BP117-118;BP054-061,0.20769725726071442,1.6161571804759685,0.22477687197533366,1.4807890478831718,0.9240152487018615,1.0914162167705854,0.8047308540888137,0.9536000618577833,0.6516926689430457,1.1727706770129827,0.5244371980819557,1.1183541901445746,0.37865241664158883,1.0262322625247358,0.10892416764711635,1.8074361547175444
Chibi,20110622,5,eyes_closed,5,1,2362.278,2442.278,0.01,0.23298922478557316,0.6725500886084057,25;39;41;51;55,BP039-051;BP082-095;BP086-099;BP117-118;BP054-061,0.2248806616376148,1.7498666128248501,0.25060833752669315,1.6509620329553285,0.897339106340235,1.0599072406846788,0.8844249604130161,1.048036983636444,0.737905083852964,1.327916495002329,0.652621674575221,1.39170559794332,0.3599303026744263,0.975491169819778,0.14676199397752396,2.435299160722463
Chibi,20110622,5,eyes_closed,6,1,2575.72,2655.72,0.01,0.2005293431239984,0.671168742598454,25;39;41;51;55,BP039-051;BP082-095;BP086-099;BP117-118;BP054-061,0.237206279803543,1.8457760945647312,0.2550112231425162,1.679967440592234,0.9301797657390841,1.0986975401821153,0.8800919749555556,1.042902428176977,0.6312301240618958,1.1359467663610556,0.5555405665370743,1.18468164091773,0.3437987558538542,0.9317710902319349,0.131777711068212,2.186657052475666
Chibi,20110622,5,deep_anesthesia,1,2,759.73,839.73,0.01,0.8241208917710123,0.9240275530655699,25;39;41;51;55,BP039-051;BP082-095;BP086-099;BP117-118;BP054-061,0.7381934653339194,5.74411374186939,1.1170210349313692,7.358730906100562,0.6608590547977233,0.7805848338750074,0.8216381920381345,0.9736351312631666,0.5477423741929338,0.9857041909843635,0.4500460540345575,0.9597162293757142,0.4063483149912978,1.1012943067027874,0.33222105618762804,5.512719181452147
Chibi,20110622,5,deep_anesthesia,2,2,1079.544,1159.544,0.01,0.8844190066518508,0.9401875718592079,25;39;41;51;55,BP039-051;BP082-095;BP086-099;BP117-118;BP054-061,0.760245231786426,5.9157054189306875,1.147690310393827,7.560774500764978,0.6624132180096125,0.7824205600011154,0.8033887390060267,0.9520096654917646,0.5822492850509683,1.0478020096912062,0.46777251890425803,0.997517640747724,0.4837100958459764,1.3109619383096045,0.3556218270576873,5.901020512850257
Chibi,20110622,5,deep_anesthesia,3,2,1399.3580000000002,1479.3580000000002,0.01,0.9051204516738557,0.9409983475541934,25;39;41;51;55,BP039-051;BP082-095;BP086-099;BP117-118;BP054-061,0.8219778853605407,6.396066462978583,1.1854325733811675,7.80941364759016,0.6933991049495478,0.8190200636833073,0.8840410362370547,1.0475820363505468,0.6323806302011012,1.1380171899335223,0.5590504276192232,1.1921663652324863,0.3751318321732974,1.0166906956271873,0.45952708830435557,7.625175306954593
Chibi,20110622,5,deep_anesthesia,4,2,1719.172,1799.172,0.01,0.902813364435887,0.9482509281054932,25;39;41;51;55,BP039-051;BP082-095;BP086-099;BP117-118;BP054-061,0.7553367903251226,5.877511304009499,1.0153823548625875,6.689153814095877,0.7438939496120581,0.8786629022678437,0.9052238870343509,1.0726835566016846,0.6137371823616139,1.1044668831914917,0.5555695578348904,1.1847434644106267,0.3534896149070847,0.9580354735421265,0.4196421266173541,6.963343104424845
Chibi,20110622,5,deep_anesthesia,5,2,2038.986,2118.986,0.01,0.9014426347696182,0.9430898781279671,25;39;41;51;55,BP039-051;BP082-095;BP086-099;BP117-118;BP054-061,0.7129489972857856,5.547678657259323,1.0016652680408265,6.598788147219103,0.7117637199103991,0.8407117388057467,0.8781222674707736,1.0405683394940513,0.6983912357906131,1.256808310804662,0.6132728955541689,1.3077949370363304,0.38102849942751693,1.0326719753224944,0.43723229594789464,7.255226060268248
Chibi,20110622,5,deep_anesthesia,6,2,2358.8,2438.8,0.01,0.9029748088199434,0.9488915484640403,25;39;41;51;55,BP039-051;BP082-095;BP086-099;BP117-118;BP054-061,0.6875010816298307,5.349660483317371,0.8644060875072112,5.694549693015945,0.7953450254063549,0.9394352094035526,0.8897105213099691,1.0543003338891126,0.5845091838146116,1.0518688699296639,0.5200439706421626,1.1089857007744082,0.39195600655409746,1.0622879499456819,0.35753079231155815,5.932696979996868
Chibi,20110622,5,recovery_eyes_closed,1,3,807.44,887.44,0.01,0.4357857778572978,0.8152200328919788,25;39;41;51;55,BP039-051;BP082-095;BP086-099;BP117-118;BP054-061,0.3411583802362681,2.654659831190199,0.6052437131334749,3.987235225012582,0.5636710846115508,0.6657896214743193,0.7415989567716686,0.8787892342612754,0.40479060478883383,0.7284515757966641,0.300192290222372,0.6401554024907699,0.37758834131721597,1.0233483817421618,0.1024131154916802,1.6993948327116428
Chibi,20110622,5,recovery_eyes_closed,2,3,1059.874,1139.874,0.01,0.4581713544209649,0.8646010756069964,25;39;41;51;55,BP039-051;BP082-095;BP086-099;BP117-118;BP054-061,0.27658154898335263,2.152167352963694,0.6910343683760902,4.552408419112046,0.40024282675449396,0.47275357455372546,0.5994609649148048,0.7103567737207637,0.4146571460274388,0.7462071694984348,0.2485707728664276,0.5300733174522112,0.6174899340642162,1.673535052915783,0.06875008939138566,1.1408064884978097
Chibi,20110622,5,recovery_eyes_closed,3,3,1312.308,1392.308,0.01,0.4585688522074933,0.8568698957107315,25;39;41;51;55,BP039-051;BP082-095;BP086-099;BP117-118;BP054-061,0.42013079890064003,3.269168867887625,0.7988359283213277,5.262585440034138,0.5259287721115675,0.6212096516320728,0.7134962899112666,0.8454877835709177,0.4523694491549138,0.8140733361414616,0.32276392364123435,0.6882890606384271,0.45273872289317807,1.2270226294818665,0.13560306509569675,2.250133169146761
Chibi,20110622,5,recovery_eyes_closed,4,3,1564.7420000000002,1644.7420000000002,0.01,0.44169794834534615,0.8580451190136903,25;39;41;51;55,BP039-051;BP082-095;BP086-099;BP117-118;BP054-061,0.43302007570782924,3.369464353431436,0.8605463232635637,5.669122269948899,0.5031920583492007,0.594353798169502,0.7439088626120116,0.8815264554589526,0.38208084500757916,0.6875836304864003,0.2842333268354245,0.6061231606142746,0.4724677362262333,1.2804926434058135,0.12307873670496414,2.0423103834790037
Chibi,20110622,5,recovery_eyes_closed,5,3,1817.176,1897.176,0.01,0.4266708473965649,0.8620463388659522,25;39;41;51;55,BP039-051;BP082-095;BP086-099;BP117-118;BP054-061,0.4716312046232727,3.6699095979473366,0.7914869759264271,5.214171881627748,0.5958799310263234,0.7038336443948743,0.7480605844499706,0.8864462148808487,0.2849689357824757,0.5128233409274252,0.21317402865152488,0.4545903094676671,0.38152614847700594,1.0340207149252416,0.10053952392731456,1.6683053398492396
Chibi,20110622,5,recovery_eyes_closed,6,3,2069.61,2149.61,0.01,0.43683950547166783,0.8536908414014577,25;39;41;51;55,BP039-051;BP082-095;BP086-099;BP117-118;BP054-061,0.4537770491299607,3.530980841822118,0.922544053933085,6.077552015243656,0.4918757507518167,0.5809873503288407,0.645454281918763,0.7648585114348971,0.35713937947836255,0.6426995604203126,0.2305171417261191,0.491574229082943,0.5169301389462689,1.4009956433479946,0.10460338834635145,1.7357391852253528
Chibi,20110622,5,recovery_eyes_open,1,3,2274.21,2354.21,0.01,0.23226778522869285,0.8014727763775553,25;39;41;51;55,BP039-051;BP082-095;BP086-099;BP117-118;BP054-061,0.13689435410076842,1.0652176936013127,0.15192555989032788,1.00085788721094,0.901062034588451,1.0643046402618879,0.7137131693433812,0.8457447840808763,0.5091026652953866,0.9161690869040054,0.363353276769133,0.7748452265852016,0.4653920785731837,1.261316037518698,0.04974101213370821,0.8253788451610756
Chibi,20110622,5,recovery_eyes_open,2,3,2435.2,2515.2,0.01,0.2178987547200969,0.7311346518385375,25;39;41;51;55,BP039-051;BP082-095;BP086-099;BP117-118;BP054-061,0.14722665646311953,1.1456165629652997,0.16133489868227205,1.0628448955205057,0.9125530661104089,1.0778774662169859,0.7143790502291159,0.846533847965528,0.552641632818032,0.9945207806568189,0.3947956047696135,0.8418955033310977,0.5088533983110524,1.3791058799353677,0.058124436876565384,0.9644894329021134
Chibi,20110622,5,recovery_eyes_open,3,3,2596.19,2676.19,0.01,0.23238842331085652,0.7449460077299962,25;39;41;51;55,BP039-051;BP082-095;BP086-099;BP117-118;BP054-061,0.20435981929023148,1.5901875340226286,0.21815279672945778,1.4371508479640829,0.9367737767014206,1.1064861675970499,0.7908321039366394,0.937130146559374,0.574778382976435,1.0343575514344359,0.4545531979065536,0.969327643770548,0.37752774217995644,1.0231841446027596,0.09289240938198022,1.5414127355074554
Chibi,20110622,5,recovery_eyes_open,4,3,2757.18,2837.18,0.01,0.22270941244485043,0.7034315619865997,25;39;41;51;55,BP039-051;BP082-095;BP086-099;BP117-118;BP054-061,0.17828349752774056,1.3872795360419408,0.19045314899445542,1.2546706193010801,0.9361016001522288,1.1056922149135293,0.7349232631627424,0.8708785871100315,0.6045729849972991,1.0879752108750622,0.4443147509542547,0.9474943144576128,0.4728244674457002,1.2814594643486552,0.07921398780329159,1.3144394729631352
Chibi,20110622,5,recovery_eyes_open,5,3,2918.17,2998.17,0.01,0.230199413584811,0.7642530706346361,25;39;41;51;55,BP039-051;BP082-095;BP086-099;BP117-118;BP054-061,0.17150420583960424,1.3345277516186662,0.19313854956712312,1.272361548631309,0.8879853671055964,1.0488589136116462,0.7084584620392729,0.8395179951056778,0.4771676027490087,0.8586995054466748,0.33805342597852944,0.7208936872108296,0.5098855428331028,1.3819032211421425,0.05797758435380514,0.962052631549559
Chibi,20110622,5,recovery_eyes_open,6,3,3079.16,3159.16,0.01,0.23044604828754067,0.748055014061439,25;39;41;51;55,BP039-051;BP082-095;BP086-099;BP117-118;BP054-061,0.17503142627853657,1.361974154689586,0.18530880420327692,1.2207806138108892,0.9445391816706861,1.1156584068270345,0.7485744602549789,0.8870551538782206,0.5754033999334293,1.0354823171326408,0.4307322895340466,0.9185299261622711,0.45066816017400985,1.2214109440136005,0.07539168698136364,1.2510140197419461
George,20110112,3,eyes_open,1,1,30.57,110.57,0.003,0.5335686201657036,0.9604552036840365,11;21;39,BP013-022;BP032-043;BP082-095,1.2207201468994278,2.2486774257827613,1.23817995850285,2.230897160059125,0.9858988093907337,1.0079700068842103,0.5096179535957494,0.6776120497573515,0.09296722690783586,0.9134808038096881,0.047377767928243,0.6189855998834758,0.8864516325981231,1.2638933546035365,0.057834995825131776,1.3918989453425743
George,20110112,3,eyes_open,2,1,135.188,215.188,0.003,0.35379580152814105,0.7924009216165997,11;21;39,BP013-022;BP032-043;BP082-095,0.2883346287993651,0.5311385844654223,0.3088311832121066,0.5564381856080594,0.9336318496093564,0.954532952991013,0.8954754324314261,1.1906663393545531,0.5405061032864847,5.310924786254593,0.48400993657229,6.323539373837118,0.5354994808956419,0.7635094915601358,0.13955682539677572,3.35867575183122
George,20110112,3,eyes_open,3,1,239.80599999999995,319.8059999999999,0.003,0.36999642739464145,0.8144581633529226,11;21;39,BP013-022;BP032-043;BP082-095,0.2721444853617559,0.5013148692094668,0.2924284804084755,0.5268845307854109,0.930636048108631,0.9514700848441532,0.8733550866096462,1.1612540850022903,0.5648764586970954,5.550383922447629,0.493337728509152,6.4454060032733445,0.47239259588462984,0.6735323629023927,0.13425914223466084,3.231177867532894
George,20110112,3,eyes_open,4,1,344.4239999999999,424.4239999999999,0.003,0.36774113634807215,0.823402518716743,11;21;39,BP013-022;BP032-043;BP082-095,0.233624808684216,0.4303581248538983,0.27706326782123547,0.49920017933941735,0.8432182675148173,0.8620952929611995,0.9576340394981032,1.2733153528897467,0.6506430230412044,6.393112190708457,0.623077906426206,8.140447905175682,0.46823218864324756,0.6676004982958424,0.14556645668418433,3.5033078959422586
George,20110112,3,eyes_open,5,1,449.0419999999999,529.0419999999999,0.003,0.27765372217275897,0.7428457818381821,11;21;39,BP013-022;BP032-043;BP082-095,0.25652606308925396,0.47254431628648685,0.28834367015809365,0.5195247027374944,0.8896538736175666,0.9095704473657227,0.9114162496920422,1.211862001286318,0.5119683677809594,5.030517653165219,0.4666162897238782,6.096293190670954,0.5240646210797713,0.7472057894734885,0.11969923977618115,2.8807686976675746
George,20110112,3,eyes_open,6,1,553.66,633.66,0.003,0.30958346309076124,0.7732946403981881,11;21;39,BP013-022;BP032-043;BP082-095,0.29466981601172854,0.5428085749286197,0.3319367393156547,0.5980687411173888,0.8877288383902354,0.9076023166074103,0.9517038267803296,1.2654302625650538,0.5610006433531002,5.512300793224461,0.5339064591053724,6.975432240107585,0.48109542755692963,0.6859407681806529,0.15732611807205357,3.7863244337639537
George,20110112,3,eyes_closed,1,1,750.12,830.12,0.003,0.47440608712652976,0.8836146468625407,11;21;39,BP013-022;BP032-043;BP082-095,0.36779115896153525,0.6775047324810162,0.39371956612083053,0.7093862696507618,0.9341449869643055,0.9550575778899114,0.9482317847100283,1.2608136717885703,0.5629652620504864,5.531604816013557,0.5338215551638814,6.97432297896139,0.4591470659628994,0.654647026544885,0.1963348484523731,4.725136824097447
George,20110112,3,eyes_closed,2,1,843.134,923.134,0.003,0.4391029098353022,0.8544412062806054,11;21;39,BP013-022;BP032-043;BP082-095,0.39920903434983,0.7353793135888634,0.414708227415296,0.7472026989619605,0.9626262706142437,0.9841764685947703,0.9175625400007297,1.2200343985597806,0.6205191051672423,6.09711948845561,0.5693650862562347,7.438695508045058,0.5178859099833677,0.7383962485943416,0.2272956862768592,5.4702627967027455
George,20110112,3,eyes_closed,3,1,936.148,1016.148,0.003,0.3970168878638961,0.7958409210673187,11;21;39,BP013-022;BP032-043;BP082-095,0.346326549830079,0.6379649721766154,0.3619882811508397,0.6522142624328656,0.9567341482133934,0.978152439961834,0.8960347941756909,1.1914100930928442,0.5999203543157362,5.894719523315602,0.5375495112011083,7.023028336029647,0.5084426045945349,0.7249320837290169,0.18616766757712544,4.480446076990747
George,20110112,3,eyes_closed,4,1,1029.162,1109.162,0.003,0.39140778290189615,0.7927372103813926,11;21;39,BP013-022;BP032-043;BP082-095,0.4758635859087707,0.876583962428244,0.48211912803454476,0.8686606386707818,0.9870249036762427,1.0091213109063932,0.9067831420132854,1.2057016029549843,0.49907843548444025,4.903863281437537,0.45255591183965543,5.912595819101328,0.5486780016408116,0.7822992869430001,0.21535487903223183,5.182886671344515
George,20110112,3,eyes_closed,5,1,1122.176,1202.176,0.003,0.4266784745251462,0.8037062619082641,11;21;39,BP013-022;BP032-043;BP082-095,0.35113934818908743,0.6468305840469815,0.35662623657477277,0.6425531708163269,0.9846144567534225,1.00665690159963,0.9003594871984996,1.197160408761827,0.6356046790620096,6.245347876304415,0.5722727029012379,7.4766832164564025,0.5029448101058017,0.7170933865415346,0.2009474638831479,4.836147371634765
George,20110112,3,eyes_closed,6,1,1215.19,1295.19,0.003,0.4268886572983993,0.8083530581707012,11;21;39,BP013-022;BP032-043;BP082-095,0.3875895266429316,0.713975124638942,0.3955782513244528,0.7127351653534661,0.9798049446480595,1.0017397195280253,0.9032115592621022,1.200952658197777,0.6259185973673947,6.15017401787649,0.5653369122993526,7.386067835147675,0.48323101860852063,0.688985671296625,0.2191186662318827,5.273468703191251
George,20110112,3,deep_anesthesia,1,1,2068.84,2148.84,0.003,0.9357603257724465,0.974347856588851,11;21;39,BP013-022;BP032-043;BP082-095,0.9230659104701175,1.7003712772791446,1.0840553593690314,1.9532023644507084,0.851493332413746,0.8705556107379244,0.9273070464562085,1.2329911536085019,0.45322722960384243,4.453336813169591,0.420280803657469,5.4909248946771845,0.5018463026956673,0.7155271463039458,0.387946882681194,9.336610976606101
George,20110112,3,deep_anesthesia,2,1,2268.226,2348.226,0.003,0.9260132478229434,0.9692594034448951,11;21;39,BP013-022;BP032-043;BP082-095,0.8729709711207473,1.608091847348374,1.1092121707528537,1.9985287797968045,0.7870189258095114,0.8046378233851967,0.9867700790953374,1.3120560043404885,0.4585819884303527,4.505951799759401,0.4525149849951162,5.912061114143153,0.4070661233690961,0.5803905698751975,0.3950324458978774,9.507137278678973
George,20110112,3,deep_anesthesia,3,1,2467.612,2547.612,0.003,0.9230605166448486,0.9572257577326999,11;21;39,BP013-022;BP032-043;BP082-095,0.6962877035749108,1.282625215005989,0.8469038526475782,1.525913407610906,0.8221567317213005,0.8405622551112983,0.9280489161177111,1.2339775784752804,0.569050413034897,5.591396516781972,0.528106619033372,6.899657934073735,0.5150353185222878,0.7343319054628514,0.36771414500945665,8.84967524115911
George,20110112,3,deep_anesthesia,4,1,2666.998,2746.998,0.003,0.9232017400189977,0.9615173822353801,11;21;39,BP013-022;BP032-043;BP082-095,0.6964211071904229,1.282870956586876,0.7741321276283452,1.3947965747441295,0.8996153012328786,0.9197548802571546,0.9035234747563113,1.2013673957396767,0.49368485616466096,4.850866851014505,0.44605585667646425,5.827673275883222,0.5522573727420722,0.7874027163712747,0.310642713575395,7.476152790108074
George,20110112,3,deep_anesthesia,5,1,2866.384,2946.384,0.003,0.9152500637512111,0.9624737836058556,11;21;39,BP013-022;BP032-043;BP082-095,0.9471377244710089,1.7447137458448783,1.2043942706711073,2.170023621833215,0.7864017187189448,0.8040067989540872,0.8162041143478921,1.0852634587171104,0.5212668807576837,5.121883324603752,0.42546017274771347,5.55859281200496,0.627567486100476,0.894779078834671,0.4029693798693107,9.69815328665958
George,20110112,3,deep_anesthesia,6,1,3065.77,3145.77,0.003,0.923068380406573,0.9643214625994794,11;21;39,BP013-022;BP032-043;BP082-095,0.687951882710203,1.2672698755766794,0.7722651634281893,1.391432762316495,0.8908234053395492,0.9107661612530197,0.9783182257789269,1.3008180218291339,0.5975003926902118,5.870941375204718,0.5845455240789001,7.637026345968617,0.4062367393012357,0.5792080428503328,0.40213919381990126,9.678173427231476
George,20110112,3,recovery_eyes_closed,1,2,342.81,422.81,0.003,0.5789798387565703,0.9303147349429545,11;21;39,BP013-022;BP032-043;BP082-095,0.388581867736159,0.7158031070972349,0.47058892837180616,0.8478860416456281,0.8257352528046421,0.8442208881136448,0.903828129810775,1.2017724794587008,0.507203999712291,4.983703749838544,0.4584252424925048,5.989278012331091,0.5435179016170341,0.7749420709491314,0.17813573694513904,4.287143810495751
George,20110112,3,recovery_eyes_closed,2,2,982.278,1062.278,0.003,0.6411597749973506,0.8959457236905798,11;21;39,BP013-022;BP032-043;BP082-095,0.49805285709286495,0.9174586160767313,0.7068039780340581,1.273487732123588,0.7046548584491211,0.7204298816030485,0.9293621626179188,1.2357237329161976,0.4565210707618543,4.485701558991525,0.4242734096038848,5.543087875225014,0.4871350550750554,0.6945520051661009,0.21131058384174592,5.085553730795651
George,20110112,3,recovery_eyes_closed,3,2,1621.746,1701.746,0.003,0.5086668637445335,0.8914192762509241,11;21;39,BP013-022;BP032-043;BP082-095,0.3984824638409099,0.734040904694902,0.5203200885280708,0.937489417307762,0.7658410133042791,0.7829858035121998,0.9566531186280379,1.27201107426941,0.47050614015078923,4.6231165691155045,0.4501111663088932,5.880655473553322,0.46659410341420365,0.6652649337155228,0.17936140655307362,4.316641664006121
George,20110112,3,recovery_eyes_closed,4,2,2261.2140000000004,2341.2140000000004,0.003,0.46526673107606076,0.8976639590284279,11;21;39,BP013-022;BP032-043;BP082-095,0.34605404274596996,0.6374629893675675,0.3669758299789709,0.661200604393842,0.9429886506852514,0.9640992236417631,0.8453875370140113,1.1240671129294395,0.6071640358161635,5.965894755917855,0.5132889088021134,6.706066094325466,0.5854604441213626,0.8347433040869465,0.17762570198763875,4.274868939385204
George,20110112,3,recovery_eyes_closed,5,2,2900.682,2980.682,0.003,0.4104507080944817,0.8825004706241412,11;21;39,BP013-022;BP032-043;BP082-095,0.35640046651669655,0.6565220420340686,0.37378425489787803,0.6734677192924157,0.9534924541272319,0.9748381744619457,0.9128922299043475,1.2138245341405958,0.48601441349615343,4.775498332801623,0.4436787817021571,5.796617039102122,0.4419683591884488,0.6301538082637314,0.15812732478220867,3.8056068554008147
George,20110112,3,recovery_eyes_closed,6,2,3540.15,3620.15,0.003,0.3566986923929343,0.8696450222293913,11;21;39,BP013-022;BP032-043;BP082-095,0.20048606070524383,0.36931354007474804,0.22511093071956345,0.405594786599338,0.8906100652882265,0.9105480451837515,0.9310177733334921,1.237925110953734,0.4785072892507984,4.7017345547689136,0.4454987909621236,5.820395270387313,0.5032533478736496,0.7175332964250375,0.089316297648945,2.149550781941061
George,20110112,3,recovery_eyes_open,1,2,3695.26,3775.26,0.003,0.4238356070702104,0.889099714624613,11;21;39,BP013-022;BP032-043;BP082-095,0.27570469577303774,0.5078731002694034,0.295428285678586,0.5322894454844921,0.9332373003477172,0.9541295710027374,0.9571629451366537,1.2726889636237513,0.5454981739306635,5.359976057938106,0.5221306387261404,6.821582374225369,0.46544962585532096,0.6636331497264458,0.14395386890377243,3.464498189140961
George,20110112,3,recovery_eyes_open,2,2,3792.526,3872.526,0.003,0.4170494497838134,0.8451218125411382,11;21;39,BP013-022;BP032-043;BP082-095,0.24318322939433532,0.44796560428444016,0.24989867760934356,0.45025623807973486,0.9731273159215903,0.9949125995342921,0.9454703608409939,1.2571419524644318,0.5449023530694299,5.354121619364975,0.5151890243796605,6.730890906300512,0.4754878883186998,0.6779455980909946,0.12528533069716277,3.015207612213555
George,20110112,3,recovery_eyes_open,3,2,3889.792,3969.792,0.003,0.4154372987809988,0.8392423609438021,11;21;39,BP013-022;BP032-043;BP082-095,0.3394055010519209,0.6252157714775729,0.3431534254225673,0.6182784634677999,0.9890779922536658,1.0112203617296698,0.93192125334352,1.2391264205567223,0.5203848980084459,5.113217106006969,0.48495774637307076,6.335922410095818,0.5109204694427736,0.7284649972012562,0.16459732689676246,3.961318617650105
George,20110112,3,recovery_eyes_open,4,2,3987.058,4067.058,0.003,0.4164201431900252,0.8338227939102483,11;21;39,BP013-022;BP032-043;BP082-095,0.2610364468893238,0.4808528530617621,0.26534021483636705,0.47807810784119303,0.9837801897096626,1.0058039579203881,0.9153749326744992,1.217125652755336,0.6352773890040198,6.242131977592626,0.5815169971891863,7.597458957812383,0.5349877714154767,0.7627799015997982,0.15179713075201395,3.653259815883728
George,20110112,3,recovery_eyes_open,5,2,4084.324,4164.3240000000005,0.003,0.42053384996315823,0.8697030575152083,11;21;39,BP013-022;BP032-043;BP082-095,0.35555864592626746,0.6549713320182922,0.3852360361118045,0.6941010254708312,0.9229630994933091,0.9436253628555065,0.9047564026439212,1.2030067547678105,0.4374649706828445,4.298459428655544,0.39579923315773885,5.171075727768002,0.5480666753145534,0.7814276643379549,0.14072983940022066,3.386906357383673
George,20110112,3,recovery_eyes_open,6,2,4181.59,4261.59,0.003,0.4277160752599234,0.8543285595133693,11;21;39,BP013-022;BP032-043;BP082-095,0.3116409053463789,0.5740708634840285,0.33281175358901505,0.5996453026212685,0.9363879189531877,0.9573507221261557,0.9718762428356067,1.2922524576924597,0.5682512549024717,5.58354411935699,0.5522698946012329,7.215348610873351,0.44776047882730924,0.6384121511348119,0.1721098899490774,4.142121407382353
George,20110112,4,eyes_open,1,1,30.57,110.57,0.003,0.5335686201657036,0.9604552036840365,8;17;21;39,BP010-019;BP027-038;BP032-043;BP082-095,1.4614178953246182,1.684757450990409,1.5113361887103114,1.6303550704432361,0.9669707549130477,1.0333684247888302,0.4678067669007297,0.6148293378044928,0.08729916830441052,0.9331255880853169,0.040839141677608944,0.5737129874109232,0.8213132256008097,1.404091339637969,0.0596830524773548,0.9665672302705139
George,20110112,4,eyes_open,2,1,135.188,215.188,0.003,0.35379580152814105,0.7924009216165997,8;17;21;39,BP010-019;BP027-038;BP032-043;BP082-095,0.5841917344520018,0.6734701830145579,0.6027168445668876,0.6501812574339958,0.9692639914051218,1.0358191278420945,0.9019876154747123,1.185464784967192,0.4514805125630405,4.825796476381358,0.4072298309600378,5.720811782168859,0.41948325443420303,0.7171354196121137,0.23790030126914014,3.852796157929103
George,20110112,4,eyes_open,3,1,239.80599999999995,319.8059999999999,0.003,0.36999642739464145,0.8144581633529226,8;17;21;39,BP010-019;BP027-038;BP032-043;BP082-095,0.6534355924834482,0.7532961562197705,0.7321179199575129,0.7897727665633728,0.8925277945953968,0.9538137906396456,0.8237072186144854,1.0825823814408244,0.3111808451693393,3.326157794963272,0.2563219084605413,3.6008398267193007,0.5165758526829597,0.8831218814084661,0.167489858121402,2.712498800630714
George,20110112,4,eyes_open,4,1,344.4239999999999,424.4239999999999,0.003,0.36774113634807215,0.823402518716743,8;17;21;39,BP010-019;BP027-038;BP032-043;BP082-095,0.557069285329389,0.6422027759336556,0.6118414060654295,0.6600243851350623,0.9104798724096433,0.972998559442982,0.8206727887393716,1.0785942892567575,0.3053962178989723,3.2643269227069225,0.25063036581360637,3.5208843770987714,0.4781335829150924,0.8174021823038962,0.13961847876562908,2.2611217207142715
George,20110112,4,eyes_open,5,1,449.0419999999999,529.0419999999999,0.003,0.27765372217275897,0.7428457818381821,8;17;21;39,BP010-019;BP027-038;BP032-043;BP082-095,0.3901380722878682,0.44976048692493964,0.4235696832478756,0.4569261200305816,0.921071756827216,0.9843177424281143,0.7645054730937835,1.0047746784088432,0.4405999425159362,4.709495960338587,0.3368410674982396,4.73198228901695,0.5536565495325986,0.946513878141786,0.13141452474115092,2.128258658428454
George,20110112,4,eyes_open,6,1,553.66,633.66,0.003,0.30958346309076124,0.7732946403981881,8;17;21;39,BP010-019;BP027-038;BP032-043;BP082-095,0.48342761491185604,0.5573068995821758,0.506227618580054,0.5460934310417632,0.9549609645318227,1.0205339744135378,0.8351362643114673,1.0976033539764865,0.3072391762703196,3.284025983390795,0.25658657792052714,3.604557933915666,0.5173768096127498,0.8844911722630224,0.12404103738251565,2.008845006514875
George,20110112,4,eyes_closed,1,1,750.12,830.12,0.003,0.47440608712652976,0.8836146468625407,8;17;21;39,BP010-019;BP027-038;BP032-043;BP082-095,0.8074592254277266,0.9308582786364015,0.8813202477436736,0.9507248918715605,0.9161927545576725,0.9791037203243407,0.828095086837671,1.0883492713298009,0.30410294603105403,3.2505033652121087,0.25182615550117726,3.537682968983664,0.4919333051211943,0.840993754721135,0.20333935246342286,3.293081478869448
George,20110112,4,eyes_closed,2,1,843.134,923.134,0.003,0.4391029098353022,0.8544412062806054,8;17;21;39,BP010-019;BP027-038;BP032-043;BP082-095,0.7897354840734695,0.9104259263287279,0.8828856362896922,0.9524135559638252,0.8944935239770304,0.9559144980957284,0.8502982808541669,1.1175304975116012,0.3655130299172173,3.906905044101295,0.31079510096840757,4.366085537665104,0.4004566813237239,0.6846081867675802,0.24544591951094816,3.9749974700592143
George,20110112,4,eyes_closed,3,1,936.148,1016.148,0.003,0.3970168878638961,0.7958409210673187,8;17;21;39,BP010-019;BP027-038;BP032-043;BP082-095,0.7433983971150706,0.8570074258709841,0.7907483318387273,0.853020368259646,0.9401200953360801,1.0046740473729514,0.843655082760328,1.108799471425769,0.35174553847331114,3.759746728626193,0.29675191137127743,4.168805185395486,0.417025739771834,0.7129341295964299,0.22060489525424148,3.572697000893402
George,20110112,4,eyes_closed,4,1,1029.162,1109.162,0.003,0.39140778290189615,0.7927372103813926,8;17;21;39,BP010-019;BP027-038;BP032-043;BP082-095,1.0636572331356295,1.2262094603864453,1.2104353529957064,1.3057580635876387,0.8787393977738541,0.9390786046669094,0.8447455412323402,1.1102326397928972,0.31220386416414886,3.3370926666200718,0.26373282220817196,3.7049492004951206,0.4616015572728453,0.7891395495988506,0.28052132395699536,4.5430437598983175
George,20110112,4,eyes_closed,5,1,1122.176,1202.176,0.003,0.4266784745251462,0.8037062619082641,8;17;21;39,BP010-019;BP027-038;BP032-043;BP082-095,1.0429574936499502,1.2023463063607362,1.0910996241093662,1.1770245547044098,0.9558774199938772,1.0215133588803385,0.7656305966935425,1.0062534064793478,0.31860254813852146,3.4054870839155327,0.24393185903937928,3.426782978911425,0.517816391313192,0.8852426673557781,0.25441056032508386,4.120179857393991
George,20110112,4,eyes_closed,6,1,1215.19,1295.19,0.003,0.4268886572983993,0.8083530581707012,8;17;21;39,BP010-019;BP027-038;BP032-043;BP082-095,0.620539082073645,0.7153722733921358,0.6848524423616401,0.7387850964268491,0.9060916537492115,0.9683090209210365,0.8799929530201629,1.1565576277626157,0.37700352554746047,4.029724948352556,0.33176044574552216,4.660609126802462,0.41891184211123195,0.7161585510204028,0.2058703224712695,3.3340705464328115
George,20110112,4,deep_anesthesia,1,1,2068.84,2148.84,0.003,0.9357603257724465,0.974347856588851,8;17;21;39,BP010-019;BP027-038;BP032-043;BP082-095,2.0723193069561496,2.3890191877321545,2.577619853492314,2.780609390027553,0.8039662264970714,0.8591710854103394,0.7916610454307285,1.0404647191242415,0.30313026457656256,3.2401065427466627,0.23997642215637482,3.371216543931524,0.5324209896558081,0.9102102307805086,0.49730777284891453,8.053901009452481
George,20110112,4,deep_anesthesia,2,1,2268.226,2348.226,0.003,0.9260132478229434,0.9692594034448951,8;17;21;39,BP010-019;BP027-038;BP032-043;BP082-095,2.213825349362713,2.552150732834568,2.677821645346107,2.8887021496906,0.8267262135288989,0.8834939016152707,0.7800598097318651,1.0252174406171317,0.3055066239843218,3.265507034102265,0.23831343897703453,3.347854763819565,0.5123911373888956,0.8759678233462115,0.5275843323011643,8.544229988905823
George,20110112,4,deep_anesthesia,3,1,2467.612,2547.612,0.003,0.9230605166448486,0.9572257577326999,8;17;21;39,BP010-019;BP027-038;BP032-043;BP082-095,1.8779763746207854,2.164976014080855,2.6528885329155254,2.861805535570734,0.7078987116570965,0.7565070327705166,0.6510546383478126,0.8556684522155954,0.28817777589089666,3.080281998376449,0.1876194776625247,2.6357001299383365,0.6848244638919796,1.1707544319885304,0.3523449464689133,5.706227561626287
George,20110112,4,deep_anesthesia,4,1,2666.998,2746.998,0.003,0.9232017400189977,0.9615173822353801,8;17;21;39,BP010-019;BP027-038;BP032-043;BP082-095,2.0423943858004905,2.3545210239635366,2.498213307727849,2.6949495180013607,0.8175420327330132,0.8736790831279488,0.7640925347574801,1.004231961582523,0.4118096165424456,4.401761186033479,0.31466065374142316,4.420389270268213,0.46616212241700494,0.7969361487807097,0.6426611526337951,10.40789947094935
George,20110112,4,deep_anesthesia,5,1,2866.384,2946.384,0.003,0.9152500637512111,0.9624737836058556,8;17;21;39,BP010-019;BP027-038;BP032-043;BP082-095,1.8838475031042938,2.1717443912096406,2.790302936404673,3.0100414285202985,0.6751408524594272,0.7214998340661527,0.729722154104458,0.9590596385804698,0.2779329193075439,2.9707765127015318,0.20281380857364142,2.8491518485748797,0.6049146735720686,1.0341431598902446,0.38207028687652567,6.187629546847059
George,20110112,4,deep_anesthesia,6,1,3065.77,3145.77,0.003,0.923068380406573,0.9643214625994794,8;17;21;39,BP010-019;BP027-038;BP032-043;BP082-095,1.5641636184701115,1.8032051743832567,1.7734650610664346,1.9131267921473667,0.8819816374220171,0.9425434747893893,0.7833637996149986,1.0295598102784727,0.3591263545538484,3.8386389847549713,0.2813265856451858,3.952108424871877,0.5475530831799941,0.9360795834289561,0.44004081017461505,7.126462361452622
George,20110112,4,recovery_eyes_closed,1,2,342.81,422.81,0.003,0.5789798387565703,0.9303147349429545,8;17;21;39,BP010-019;BP027-038;BP032-043;BP082-095,0.824594520676583,0.950612256220629,0.9750148928633806,1.051798062014232,0.8457250517014672,0.9037973072513287,0.8653361357398999,1.1372944577951367,0.4136604215508562,4.421544118052743,0.3579553106933559,5.02859762035807,0.4345511499427368,0.7428950213458194,0.2951679878448251,4.78024652951427
George,20110112,4,recovery_eyes_closed,2,2,982.278,1062.278,0.003,0.6411597749973506,0.8959457236905798,8;17;21;39,BP010-019;BP027-038;BP032-043;BP082-095,0.7613701491857398,0.8777256908554748,0.9791045750484776,1.056209809801906,0.7776188249840857,0.8310145225976397,0.9346627227173073,1.2284090430884487,0.43576275846213747,4.657792143423188,0.40729120628302573,5.721673989807371,0.3577483803816648,0.6115954145216072,0.3100993664897468,5.022060255553469
George,20110112,4,recovery_eyes_closed,3,2,1621.746,1701.746,0.003,0.5086668637445335,0.8914192762509241,8;17;21;39,BP010-019;BP027-038;BP032-043;BP082-095,0.6369249609307035,0.7342623058625014,0.8218288184993109,0.8865484670357142,0.7750092800271369,0.828225791554972,0.8952587811662848,1.176621208869618,0.3433544775141584,3.6700561411412536,0.307391111047312,4.318265893408988,0.4424621308798713,0.7564193863208825,0.1957850713942549,3.170739872221881
George,20110112,4,recovery_eyes_closed,4,2,2261.2140000000004,2341.2140000000004,0.003,0.46526673107606076,0.8976639590284279,8;17;21;39,BP010-019;BP027-038;BP032-043;BP082-095,0.49129086229991475,0.5663718389594715,0.5038422274748703,0.5435201885611175,0.9750886994171573,1.0420437931824578,0.8318376982604957,1.093268112752296,0.33141159566802564,3.542400759508677,0.2756806589173285,3.8727937929603518,0.5075283529492391,0.8676545595323318,0.13543938863890292,2.1934413424297796
George,20110112,4,recovery_eyes_closed,5,2,2900.682,2980.682,0.003,0.4104507080944817,0.8825004706241412,8;17;21;39,BP010-019;BP027-038;BP032-043;BP082-095,0.4986938936459384,0.5749062302927311,0.5168869828240079,0.5575922283792778,0.9648025781599844,1.0310513687821277,0.8090917422134657,1.063373544987112,0.26589001462518325,2.842052004412998,0.21512941517025339,3.022162914970377,0.5417895784882106,0.9262264765125588,0.10728372568902725,1.7374602887761108
George,20110112,4,recovery_eyes_closed,6,2,3540.15,3620.15,0.003,0.3566986923929343,0.8696450222293913,8;17;21;39,BP010-019;BP027-038;BP032-043;BP082-095,0.3008966496240237,0.3468808436340658,0.3341037955687091,0.3604147252138507,0.9006082948319684,0.9624491436309804,0.8831192217273182,1.1606664219379403,0.33858108557415206,3.619034187007069,0.29900746478383566,4.200491460704577,0.43405507032970986,0.7420469391931029,0.0899703443660294,1.457070021566893
George,20110112,4,recovery_eyes_open,1,2,3695.26,3775.26,0.003,0.4238356070702104,0.889099714624613,8;17;21;39,BP010-019;BP027-038;BP032-043;BP082-095,0.33155489599324595,0.3822244022219902,0.35692285514117433,0.3850308031947942,0.9289259323617857,0.9927112299859703,0.9599797495726442,1.2616827192256483,0.4198791716176061,4.488015253183802,0.4030755020202388,5.662451288563126,0.35187721590087456,0.6015582558054094,0.13364165614974566,2.164327058882179
George,20110112,4,recovery_eyes_open,2,2,3792.526,3872.526,0.003,0.4170494497838134,0.8451218125411382,8;17;21;39,BP010-019;BP027-038;BP032-043;BP082-095,0.31635251115184854,0.36469872991682195,0.344080714608859,0.37117733426537514,0.9194136658064923,0.9825457975191954,0.9025396885673831,1.1861903638984999,0.45304649244799394,4.842534962319524,0.4088924402005577,5.744168309145005,0.44588606797037567,0.7622728418192103,0.12935415024845337,2.0948908867736398
George,20110112,4,recovery_eyes_open,3,2,3889.792,3969.792,0.003,0.4154372987809988,0.8392423609438021,8;17;21;39,BP010-019;BP027-038;BP032-043;BP082-095,0.40954102903244494,0.47212867883722576,0.4393873860300519,0.47398947901472105,0.9320727951084932,0.9960741740906078,0.8591753652834637,1.129197476972925,0.35737476273334856,3.8199165252019776,0.30704759231451595,4.313440102505256,0.5020866217428598,0.8583515464779328,0.12574858691842147,2.0364987768393137
George,20110112,4,recovery_eyes_open,4,2,3987.058,4067.058,0.003,0.4164201431900252,0.8338227939102483,8;17;21;39,BP010-019;BP027-038;BP032-043;BP082-095,0.3871146802330987,0.4462750483602185,0.41188112473290805,0.44431707858540087,0.939869921167498,1.004406694833904,0.8696677041786388,1.1429873539720958,0.43930790467595504,4.695685593153222,0.38205189688706614,5.367109251203092,0.39947728752819506,0.6829338458419348,0.14789789789588545,2.3952069406352363
George,20110112,4,recovery_eyes_open,5,2,4084.324,4164.3240000000005,0.003,0.42053384996315823,0.8697030575152083,8;17;21;39,BP010-019;BP027-038;BP032-043;BP082-095,0.5096595257390423,0.5875476728484709,0.6037924768173999,0.6513415965475927,0.8440971779334947,0.9020576544822891,0.8141684985580203,1.0700458271394129,0.2996125998472142,3.202506837812311,0.24393514056667134,3.4268290781864996,0.5038532972193258,0.8613717994814591,0.12432386805229621,2.0134254501379467
George,20110112,4,recovery_eyes_open,6,2,4181.59,4261.59,0.003,0.4277160752599234,0.8543285595133693,8;17;21;39,BP010-019;BP027-038;BP032-043;BP082-095,0.387101210518025,0.44625952015100073,0.410177694864872,0.44247950231134436,0.9437402749204847,1.00854280892089,0.9694341041385373,1.2741083936031856,0.5049088417512524,5.396882571042896,0.48947585067475186,6.876213383056494,0.336435311809668,0.5751592607251556,0.18947669431553618,3.0685756847786756
George,20110112,5,eyes_open,1,1,30.57,110.57,0.003,0.5335686201657036,0.9604552036840365,2;8;17;21;39,BP004-109;BP010-019;BP027-038;BP032-043;BP082-095,1.5368632955441779,1.66373200451447,1.5888219623764652,1.6131922826207512,0.9672973636677512,1.031329012938007,0.4329657222504781,0.6221144215884841,0.0918810465756761,0.8999983608510879,0.03978134369176742,0.5599019596914582,0.7810269587107183,1.4207316672773977,0.0611384869673054,0.9315268097290528
George,20110112,5,eyes_open,2,1,135.188,215.188,0.003,0.35379580152814105,0.7924009216165997,2;8;17;21;39,BP004-109;BP010-019;BP027-038;BP032-043;BP082-095,0.652558939087041,0.7064279529212752,0.6762792421666065,0.686652425629851,0.9649252829296189,1.0287999088815345,0.8520833767022046,1.2243310031263543,0.4955044962964473,4.853593326169239,0.42221114437540186,5.942404785796163,0.3876360190734469,0.7051315726464866,0.27551765644433784,4.197880848259579
George,20110112,5,eyes_open,3,1,239.80599999999995,319.8059999999999,0.003,0.36999642739464145,0.8144581633529226,2;8;17;21;39,BP004-109;BP010-019;BP027-038;BP032-043;BP082-095,0.7530314459219914,0.8151945072919538,0.8601340081518273,0.8733272681444749,0.8754815398359059,0.9334353077328804,0.7848740851623965,1.1277601491697666,0.3607623504854719,3.533759531420762,0.28315301979832064,3.985233176285163,0.447598604755222,0.8142068656050817,0.21322312791590753,3.2487401955853326
George,20110112,5,eyes_open,4,1,344.4239999999999,424.4239999999999,0.003,0.36774113634807215,0.823402518716743,2;8;17;21;39,BP004-109;BP010-019;BP027-038;BP032-043;BP082-095,0.6546935790035997,0.7087388082573287,0.7166418243793202,0.7276341137447382,0.9135575914378518,0.9740318586903992,0.8168220542591206,1.173665151099774,0.3613613336336387,3.539626724619128,0.2951679068684442,4.154336534586906,0.40540792099475953,0.7374596550074808,0.19324453335470304,2.9443395246230093
George,20110112,5,eyes_open,5,1,449.0419999999999,529.0419999999999,0.003,0.27765372217275897,0.7428457818381821,2;8;17;21;39,BP004-109;BP010-019;BP027-038;BP032-043;BP082-095,0.5055543356560519,0.547288057884291,0.5486158007527985,0.5570308044926908,0.9215088864781901,0.9825095012164132,0.7209788997680955,1.0359512269824613,0.5407260984151124,5.29655048979207,0.3898521075112227,5.486967978674651,0.5116579614211055,0.9307344138357793,0.19709142321694798,3.002952048722148
George,20110112,5,eyes_open,6,1,553.66,633.66,0.003,0.30958346309076124,0.7732946403981881,2;8;17;21;39,BP004-109;BP010-019;BP027-038;BP032-043;BP082-095,0.5760762923282903,0.6236316316274855,0.6058502297470172,0.6151431300647625,0.9508559443294103,1.0137992300455818,0.8025816647207856,1.153203596649718,0.39838023881125173,3.9022363728768092,0.31973267525699856,4.5000730201788866,0.43480295267444774,0.790930859685095,0.1841904140982568,2.806387880016985
George,20110112,5,eyes_closed,1,1,750.12,830.12,0.003,0.47440608712652976,0.8836146468625407,2;8;17;21;39,BP004-109;BP010-019;BP027-038;BP032-043;BP082-095,0.91985747722804,0.9957920973799704,1.0005469737515056,1.015893973445105,0.9193546143856455,0.980212623964128,0.7958470661847542,1.1435268701617722,0.3643119962271714,3.5685292197100695,0.2899366333733056,4.080709049695886,0.43229714814646075,0.7863726612705422,0.26670038013076036,4.0635378233941015
George,20110112,5,eyes_closed,2,1,843.134,923.134,0.003,0.4391029098353022,0.8544412062806054,2;8;17;21;39,BP004-109;BP010-019;BP027-038;BP032-043;BP082-095,0.9337694620318382,1.0108525223582392,1.0248206832707356,1.0405400079249085,0.9111539972551045,0.9714691551112258,0.7980409621769738,1.1466792082478698,0.37083270439194477,3.632401224640387,0.2959396882196369,4.165198960309231,0.40000495248384477,0.7276313534678891,0.2763394434627204,4.210401875152508
George,20110112,5,eyes_closed,3,1,936.148,1016.148,0.003,0.3970168878638961,0.7958409210673187,2;8;17;21;39,BP004-109;BP010-019;BP027-038;BP032-043;BP082-095,0.8179066464282196,0.885425182781726,0.8774463265443647,0.8909051334348952,0.9321443622077382,0.993849007658042,0.799202102724072,1.1483476134880959,0.38624490522607163,3.783367675337021,0.30868774042313635,4.344621240921273,0.3840244880645909,0.6985619959956293,0.25247775456299254,3.8468370563600964
George,20110112,5,eyes_closed,4,1,1029.162,1109.162,0.003,0.39140778290189615,0.7927372103813926,2;8;17;21;39,BP004-109;BP010-019;BP027-038;BP032-043;BP082-095,1.141428328293528,1.2356537150358426,1.290886059298791,1.3106864569575323,0.884220818771218,0.9427530958885,0.777481238976506,1.117137607955829,0.3287485447059729,3.2201761124245123,0.2555958258497231,3.597379839430421,0.43183152632247973,0.7855256691623603,0.2917443162184533,4.44511576298725
George,20110112,5,eyes_closed,5,1,1122.176,1202.176,0.003,0.4266784745251462,0.8037062619082641,2;8;17;21;39,BP004-109;BP010-019;BP027-038;BP032-043;BP082-095,1.1775028210292335,1.2747061722615627,1.241297674326911,1.2603374550941575,0.9486063217412616,1.0114006904336044,0.737009930712905,1.0589856960666622,0.34887339787261185,3.4173041985464523,0.25712315879366937,3.618876265369241,0.47236816759515066,0.8592640840772784,0.3027632448314933,4.613003912117049
George,20110112,5,eyes_closed,6,1,1215.19,1295.19,0.003,0.4268886572983993,0.8083530581707012,2;8;17;21;39,BP004-109;BP010-019;BP027-038;BP032-043;BP082-095,0.7215473355033236,0.7811113703668456,0.8001475467924343,0.8124206978564117,0.901767853186332,0.9614616816482194,0.8591067292417376,1.2344226308885538,0.43385431994981993,4.249714074397265,0.37272716577948817,5.245943228241587,0.36405641663816196,0.6622389586233789,0.26894029333789526,4.097665903878464
George,20110112,5,deep_anesthesia,1,1,2068.84,2148.84,0.003,0.9357603257724465,0.974347856588851,2;8;17;21;39,BP004-109;BP010-019;BP027-038;BP032-043;BP082-095,2.534221999664374,2.7434230875384182,3.370225688339664,3.4219202653692427,0.7519443010693014,0.8017203426107267,0.8017251509810391,1.1519728998014427,0.3289580428941021,3.2222282007816276,0.26373393660570116,3.7119195642763967,0.45565592188826365,0.8288635755643713,0.6683603442042576,10.183365831721428
George,20110112,5,deep_anesthesia,2,1,2268.226,2348.226,0.003,0.9260132478229434,0.9692594034448951,2;8;17;21;39,BP004-109;BP010-019;BP027-038;BP032-043;BP082-095,2.3273915461483576,2.519518693425736,2.8156939085357613,2.8588827389307445,0.8265783219876572,0.8812948705857259,0.7213009505869878,1.0364139713721925,0.31359914106680803,3.0717838274945604,0.22619935855475154,3.1836396758505114,0.49083763201496217,0.8928610715899699,0.5264544748445087,8.021239676437204
George,20110112,5,deep_anesthesia,3,1,2467.612,2547.612,0.003,0.9230605166448486,0.9572257577326999,2;8;17;21;39,BP004-109;BP010-019;BP027-038;BP032-043;BP082-095,1.9642514855597641,2.126401268685209,2.7528675539969014,2.7950927154496434,0.7135292370705805,0.760762337840066,0.6115910995371049,0.878775440142296,0.28445897371936263,2.7863484322193592,0.1739725765102214,2.448574569913364,0.6457465578975843,1.1746490612243772,0.34172589185686186,5.206652071934119
George,20110112,5,deep_anesthesia,4,1,2666.998,2746.998,0.003,0.9232017400189977,0.9615173822353801,2;8;17;21;39,BP004-109;BP010-019;BP027-038;BP032-043;BP082-095,2.1409095628385866,2.317642544260535,2.595369824267591,2.635179189487563,0.8248957596795469,0.8795009286299136,0.6959308958916963,0.99996056157247,0.40952400126049304,4.0113923774263505,0.2850004050863671,4.011234174418779,0.4506345688133606,0.8197294538205177,0.6101600926622752,9.29660697762477
George,20110112,5,deep_anesthesia,5,1,2866.384,2946.384,0.003,0.9152500637512111,0.9624737836058556,2;8;17;21;39,BP004-109;BP010-019;BP027-038;BP032-043;BP082-095,1.9428984053186387,2.1032854827235523,2.8752885039855247,2.9193914326308663,0.6757229414111064,0.720453399710136,0.6717226551346781,0.9651765245869405,0.2716705070895232,2.6610821293897042,0.18248723434395894,2.56841400128477,0.5830345750969806,1.0605724613210268,0.35455415659788664,5.402107882526175
George,20110112,5,deep_anesthesia,6,1,3065.77,3145.77,0.003,0.923068380406573,0.9643214625994794,2;8;17;21;39,BP004-109;BP010-019;BP027-038;BP032-043;BP082-095,1.6392691887901314,1.77459154715444,1.8546370113911637,1.8830845649716186,0.8838760246462003,0.9423854776172446,0.7208348634084147,1.035744265802891,0.3558321295917352,3.4854667562689006,0.2564962045305838,3.6100522064521168,0.5215780765811835,0.9487796574650474,0.4204663251285971,6.406368130356159
George,20110112,5,recovery_eyes_closed,1,2,342.81,422.81,0.003,0.5789798387565703,0.9303147349429545,2;8;17;21;39,BP004-109;BP010-019;BP027-038;BP032-043;BP082-095,0.897832132294897,0.9719485509943009,1.0649805089234854,1.0813158294760585,0.8430502950729615,0.898857229774625,0.8363670764433232,1.201748760369944,0.4260230709098378,4.173004986265629,0.35631167031426764,5.014903569262313,0.3981677805349173,0.724289435065503,0.31990806671981553,4.874228257520662
George,20110112,5,recovery_eyes_closed,2,2,982.278,1062.278,0.003,0.6411597749973506,0.8959457236905798,2;8;17;21;39,BP004-109;BP010-019;BP027-038;BP032-043;BP082-095,0.8826164125247693,0.9554767671819863,1.1095888535156275,1.126608404063141,0.7954445556372367,0.8481001595017715,0.9284339336781413,1.334036645282397,0.4926301554080007,4.825438421708083,0.45737455303392416,6.437311684112235,0.30432190318939223,0.5535785417970908,0.40368628717892197,6.150701757278392
George,20110112,5,recovery_eyes_closed,3,2,1621.746,1701.746,0.003,0.5086668637445335,0.8914192762509241,2;8;17;21;39,BP004-109;BP010-019;BP027-038;BP032-043;BP082-095,0.7281489160359604,0.7882579141384167,0.9503662410270957,0.9649435380381126,0.7661771689712202,0.8168953758072451,0.8875428207270911,1.2752815296362325,0.37218373901718016,3.64563495448437,0.3303290055560636,4.649210921250144,0.38528707445219823,0.7008587111647295,0.24052870733088438,3.6647773031741884
George,20110112,5,recovery_eyes_closed,4,2,2261.2140000000004,2341.2140000000004,0.003,0.46526673107606076,0.8976639590284279,2;8;17;21;39,BP004-109;BP010-019;BP027-038;BP032-043;BP082-095,0.6212932164448696,0.6725812317751146,0.6483040869603879,0.6582481704316865,0.9583361094603609,1.0217745555358373,0.8554506217406883,1.2291692884496694,0.4265690383169126,4.178352876714838,0.3649087490435304,5.135903032363206,0.40195480956035734,0.7311782524121192,0.2267153304021281,3.454311987784386
George,20110112,5,recovery_eyes_closed,5,2,2900.682,2980.682,0.003,0.4104507080944817,0.8825004706241412,2;8;17;21;39,BP004-109;BP010-019;BP027-038;BP032-043;BP082-095,0.6527495903111453,0.7066343424838095,0.6862655026116309,0.6967918614279678,0.9511618868019178,1.0141254248229463,0.8247915011791781,1.1851161912312684,0.37120319556351933,3.636030280463693,0.3061652409113431,4.309118357184692,0.43193829150358237,0.7857198809908553,0.19984923557239218,3.0449710170141193
George,20110112,5,recovery_eyes_closed,6,2,3540.15,3620.15,0.003,0.3566986923929343,0.8696450222293913,2;8;17;21;39,BP004-109;BP010-019;BP027-038;BP032-043;BP082-095,0.45139475659804223,0.4886575828829755,0.5131322193710524,0.521002954299105,0.8796850783435858,0.9379171055572167,0.8644953470916537,1.2421653613278991,0.5737470866389546,5.61999951853886,0.4960016868067681,6.98096873260844,0.3505147203518082,0.6376058566182515,0.22389256068835967,3.411303307058076
George,20110112,5,recovery_eyes_open,1,2,3695.26,3775.26,0.003,0.4238356070702104,0.889099714624613,2;8;17;21;39,BP004-109;BP010-019;BP027-038;BP032-043;BP082-095,0.427816896810188,0.4631333608908574,0.45242804110131024,0.45936765832100307,0.9456020802087923,1.008197578783883,0.9317548634624624,1.338808381717259,0.5875625740442894,5.755325752648734,0.5474642859542898,7.705278357159314,0.3205913417814265,0.5831735594321855,0.2342144719313697,3.5685714621507825
George,20110112,5,recovery_eyes_open,2,2,3792.526,3872.526,0.003,0.4170494497838134,0.8451218125411382,2;8;17;21;39,BP004-109;BP010-019;BP027-038;BP032-043;BP082-095,0.41048040763689325,0.44436573727257317,0.44202190162559785,0.4488019031315511,0.9286426897112874,0.9901155368815856,0.893526113711213,1.2838787295130811,0.591181718344114,5.790776197097502,0.5282363032891332,7.434654386824132,0.3458109719697444,0.6290494755525654,0.2168306531027287,3.303705677967875
George,20110112,5,recovery_eyes_open,3,2,3889.792,3969.792,0.003,0.4154372987809988,0.8392423609438021,2;8;17;21;39,BP004-109;BP010-019;BP027-038;BP032-043;BP082-095,0.5045279297873948,0.5461769217811273,0.5379695406766724,0.546221245586612,0.9378373525623518,0.9999188537504851,0.861150339163941,1.2373590277887418,0.4676570287269433,4.580820255982614,0.40272300890060814,5.668119298417623,0.42378697584998315,0.7708921824717677,0.20318500595837433,3.095795950697943
George,20110112,5,recovery_eyes_open,4,2,3987.058,4067.058,0.003,0.4164201431900252,0.8338227939102483,2;8;17;21;39,BP004-109;BP010-019;BP027-038;BP032-043;BP082-095,0.46961281682436656,0.5083795516140822,0.49791671019489214,0.5055540603636177,0.9431553655641582,1.005588900321426,0.8498414637744525,1.2211096710609644,0.5503590799405745,5.3909080086290375,0.4677179660982588,6.582889905136922,0.3613328995932323,0.657284728978747,0.2196463515387666,3.346606618298376
George,20110112,5,recovery_eyes_open,5,2,4084.324,4164.3240000000005,0.003,0.42053384996315823,0.8697030575152083,2;8;17;21;39,BP004-109;BP010-019;BP027-038;BP032-043;BP082-095,0.6091761073673845,0.6594638502663926,0.7275186808386099,0.7386778060619409,0.8373339728750167,0.8927625073537057,0.8103813789002963,1.164410753304338,0.3699477809145435,3.6237331727534965,0.2997987928186325,4.219513873459817,0.418959538629931,0.7621108045003296,0.1826302616026951,2.7826168652442678
George,20110112,5,recovery_eyes_open,6,2,4181.59,4261.59,0.003,0.4277160752599234,0.8543285595133693,2;8;17;21;39,BP004-109;BP010-019;BP027-038;BP032-043;BP082-095,0.45873661265219884,0.49660551223053245,0.4861352447808016,0.4935918836477657,0.9436398976976935,1.0061055067609608,0.9444037271484698,1.3569831242231325,0.5765668056449212,5.647619387685,0.544511840201151,7.663724201123926,0.3141311268552403,0.5714220676037832,0.24978751712289135,3.805847682492679
George,20110113,3,eyes_open,1,1,62.16,142.16,0.001,0.33467606922129534,0.7833864017456542,8;17;39,BP010-019;BP027-038;BP082-095,0.6020714787340803,1.3051817739693474,0.619397521066535,1.2532641160276508,0.9720275885143661,1.0414259510646926,0.9385979137262916,1.074055632350022,0.3065432020551244,0.9759139854730297,0.28772080991591686,1.048185912786465,0.48816114823932766,0.841075164255554,0.1732284934886434,1.368073149100318
George,20110113,3,eyes_open,2,1,161.222,241.222,0.001,0.4298023952258623,0.9142352876004033,8;17;39,BP010-019;BP027-038;BP082-095,0.3747757241427357,0.8124458004650107,0.3883534592015445,0.785778822482924,0.9650376873512994,1.0339370026514887,0.9451041965470894,1.0815008968313768,0.4431008920342513,1.4106604048392466,0.4187765125553297,1.5256304929581583,0.49223019091373077,0.848085903942807,0.15694727074689313,1.239492087065219
George,20110113,3,eyes_open,3,1,260.284,340.284,0.001,0.33410232956350916,0.8306332841412843,8;17;39,BP010-019;BP027-038;BP082-095,0.698595552418064,1.5144284600713023,0.7664759175718209,1.5508566479860746,0.9114383588609015,0.9765109251315538,0.843118960458463,0.9647972310383601,0.2812921560610505,0.8955245044203458,0.23716275020331265,0.8639995621917492,0.6112151887154168,1.0530905974358182,0.16568084249127057,1.3084655264723297
George,20110113,3,eyes_open,4,1,359.346,439.346,0.001,0.3147834628303846,0.7588620776592442,8;17;39,BP010-019;BP027-038;BP082-095,0.48320787648629315,1.0475070414469743,0.5135998647604629,1.0391973790799196,0.9408255524203765,1.0079962310667219,0.9037646787453019,1.0341952920731377,0.2859625501986553,0.9103932176261932,0.25844285231347497,0.9415243796043243,0.5356771030472032,0.9229425755375356,0.12488162185945473,0.9862534173295217
George,20110113,3,eyes_open,5,1,458.408,538.408,0.001,0.3203575672618678,0.839895243051442,8;17;39,BP010-019;BP027-038;BP082-095,0.3943351149016927,0.8548470123314351,0.40938803755502307,0.8283393451676038,0.9632306729252996,1.0320009755886554,0.9514211630211961,1.088729522978589,0.5234528006930489,1.66646954004059,0.4980240724220829,1.8143345873867396,0.4737785130158122,0.8162946643598201,0.19638837982237103,1.5509785013971407
George,20110113,3,eyes_open,6,1,557.47,637.47,0.001,0.3318374754189566,0.7798653032611235,8;17;39,BP010-019;BP027-038;BP082-095,0.676501122028207,1.466531742040896,0.6874003764722975,1.3908583678107542,0.9841442413808021,1.054407678007685,0.912226008628041,1.043877754483104,0.29444112220501806,0.9373856837529142,0.2685968496850449,0.9785160626406009,0.5269513880692943,0.9079086422047382,0.18170607018517457,1.4350248659593186
George,20110113,3,eyes_closed,1,1,774.54,854.54,0.001,0.4433372832018796,0.8555225684083763,8;17;39,BP010-019;BP027-038;BP082-095,1.0344377195939365,2.242473370037743,1.2742002230130245,2.5781656558569197,0.8118329450201036,0.8697941363633591,0.9323343009955772,1.0668880599168227,0.2964457515093115,0.9437676415345037,0.27638654251654254,1.006894428089022,0.492288320704736,0.8481860584178081,0.28590466476726517,2.257933941429016
George,20110113,3,eyes_closed,2,1,870.846,950.846,0.001,0.4194925379145491,0.8321797003607009,8;17;39,BP010-019;BP027-038;BP082-095,1.0442302627583762,2.2637018276386716,1.1852163812119623,2.3981193172091206,0.8810460936175903,0.9439487899514185,0.8272840589190165,0.9466770488629817,0.24249626224212883,0.7720135111803005,0.20061329210035858,0.7308474724465153,0.602735272503892,1.0384801620371682,0.20948647072278057,1.654420759102281
George,20110113,3,eyes_closed,3,1,967.152,1047.152,0.001,0.385300171582602,0.805246695023967,8;17;39,BP010-019;BP027-038;BP082-095,0.7317745934691756,1.5863546037058494,0.7902274298292509,1.5989145058256935,0.9260303627112697,0.992144731895244,0.7834933459409306,0.896566494353,0.25080328442483457,0.7984598295830142,0.1965027044869885,0.7158723302909367,0.6735617473193549,1.160510334151259,0.14379568669155962,1.1356273668226615
George,20110113,3,eyes_closed,4,1,1063.458,1143.458,0.001,0.49077112663561884,0.9359156164509278,8;17;39,BP010-019;BP027-038;BP082-095,0.6555254315493355,1.4210602492423854,0.7215338048511867,1.4599225785789898,0.9085165894403726,0.9733805546219918,0.8438978823333297,0.9656885663105,0.43080874599662267,1.3715270065150476,0.3635585884372272,1.324467948577648,0.5943329167768566,1.024003359143823,0.2383219005787806,1.882148753119302
George,20110113,3,eyes_closed,5,1,1159.764,1239.764,0.001,0.4204443882683586,0.8603974811672996,8;17;39,BP010-019;BP027-038;BP082-095,0.5395401792552789,1.169625257400992,0.6268184355246763,1.2682792968803043,0.8607599085748946,0.9222142632762514,0.9050581101167405,1.0356753904509792,0.38754435864433273,1.2337900728399385,0.3507501648210441,1.2778060154230455,0.5508535798684682,0.9490908214217165,0.18924380680136482,1.494554189697715
George,20110113,3,eyes_closed,6,1,1256.07,1336.07,0.001,0.45938235248265613,0.8493557197178179,8;17;39,BP010-019;BP027-038;BP082-095,1.5297168297379178,3.316148656810782,1.6445441005140657,3.3275046126280072,0.9301768370089594,0.9965872456572625,0.7620308306230402,0.8720065255692839,0.14055432900230977,0.44747015909184973,0.10710673207729418,0.3901968987256186,0.6886503594806213,1.1865071939949754,0.1638429706368671,1.2939509216006926
George,20110113,3,deep_anesthesia,1,1,2142.75,2222.75,0.001,0.8931995311783981,0.9528291654847978,8;17;39,BP010-019;BP027-038;BP082-095,1.4714320265012097,3.189797773949014,1.88413701884892,3.812287319679173,0.7809580788344974,0.8367149447218095,0.8145945019410384,0.9321561449222145,0.17686849831280282,0.5630803095155174,0.14407610629217701,0.524878770599592,0.6254633915874157,1.0776394776859888,0.21199819705190187,1.6742571340516739
George,20110113,3,deep_anesthesia,2,1,2346.74,2426.74,0.001,0.9040394493226195,0.968064066953504,8;17;39,BP010-019;BP027-038;BP082-095,1.5545872614137513,3.3700632421724723,1.8609878217127833,3.765448162112616,0.8353559562700241,0.8949965839608554,0.7862526741337482,0.8997240466378033,0.21197959713751025,0.6748603527806615,0.16666952511116206,0.6071880875192321,0.6441258557334211,1.1097938905343447,0.25910232060369226,2.046262254833568
George,20110113,3,deep_anesthesia,3,1,2550.73,2630.73,0.001,0.9029449942337098,0.9664507090474828,8;17;39,BP010-019;BP027-038;BP082-095,1.5106561596633732,3.274828580939979,1.6884923008158144,3.416427639486974,0.8946775528283324,0.958553473543418,0.8855369208597802,1.0133369183907024,0.3351377600728664,1.066947904642818,0.29677686011876986,1.0811777017741702,0.5270520851778041,0.908082137857527,0.44832779178397475,3.5406716388450494
George,20110113,3,deep_anesthesia,4,1,2754.72,2834.72,0.001,0.9103808726031708,0.9614228949860499,8;17;39,BP010-019;BP027-038;BP082-095,1.479229083494702,3.2067003794335056,1.6346029589600923,3.3073901052911143,0.9049470242215659,0.9695561386313254,0.8189294578516971,0.9371167182878077,0.22014615608855245,0.7008594910426766,0.18028417225373336,0.6567871462267764,0.6305650956287175,1.0864294368623741,0.26668159089149074,2.1061195910124497
George,20110113,3,deep_anesthesia,5,1,2958.71,3038.71,0.001,0.9169083497028764,0.9696475521726504,8;17;39,BP010-019;BP027-038;BP082-095,1.5976194864499889,3.463349301709352,1.9916124733643064,4.029748846270311,0.8021738705779595,0.8594454478012485,0.8752812311624014,1.0016011355575904,0.3021975453819604,0.9620791096872593,0.264507839576178,0.9636195287589945,0.5487451213506527,0.9454580618287137,0.4225828788256898,3.3373510220409583
George,20110113,3,deep_anesthesia,6,1,3162.7,3242.7,0.001,0.9167625725056303,0.9617736058597794,8;17;39,BP010-019;BP027-038;BP082-095,2.3553688013349916,5.1060123906587656,2.4086470321089406,4.873559855907743,0.9778804324321027,1.0476966615007801,0.6983087164407281,0.7990880855835736,0.19967606083326966,0.6356906922904434,0.13943553374442128,0.5079728583256669,0.7379838250403788,1.2715060776599783,0.3284221059791026,2.5937157087292055
George,20110113,3,recovery_eyes_closed,1,2,286.46,366.46,0.001,0.6541804010655621,0.9139665015849835,8;17;39,BP010-019;BP027-038;BP082-095,0.4533702236941808,0.9828244215624157,0.48374323349596665,0.9787866681606504,0.9372125381841871,1.0041252639958338,0.9572513822350901,1.09540115488075,0.5949166709693012,1.8939826278894063,0.5694848056000619,2.074670757914133,0.44236510895546055,0.7621710740757914,0.2581874537053372,2.0390370875794157
George,20110113,3,recovery_eyes_closed,2,2,935.39,1015.39,0.001,0.6572809974780573,0.9078523281026954,8;17;39,BP010-019;BP027-038;BP082-095,1.2848684842008453,2.7853618494810783,1.4614344105035226,2.9570078056791957,0.8791831333423692,0.9419528227593934,0.8328904360836448,0.9530925340059664,0.2772759107981,0.8827383460748791,0.23094045426011928,0.8413313271247422,0.6268541643607591,1.080035703692505,0.29672811140585437,2.3434121813465425
George,20110113,3,recovery_eyes_closed,3,2,1584.3200000000002,1664.3200000000002,0.001,0.5819744900293732,0.9121415483307553,8;17;39,BP010-019;BP027-038;BP082-095,0.3804079818888267,0.8246555137900002,0.4080850457502659,0.8257029237793353,0.9321781963106371,0.9987314929387183,0.9270912849693932,1.0608883759082914,0.5183500033639769,1.6502242237357765,0.4805577706825986,1.7507036966035687,0.5203599838483336,0.8965520104698805,0.18280801172636094,1.443727456416668
George,20110113,3,recovery_eyes_closed,4,2,2233.25,2313.25,0.001,0.4861868673126244,0.9059235561122246,8;17;39,BP010-019;BP027-038;BP082-095,0.5120936538403973,1.1101261680144445,0.5275123134338267,1.0673472700552344,0.9707709958596757,1.0400796433919732,0.9230605558984638,1.0562759351625823,0.4269123256102007,1.3591223238377013,0.3940659285976579,1.43560820361201,0.46660604880999845,0.8039368978071564,0.20179866122958368,1.5937062338458994
George,20110113,3,recovery_eyes_closed,5,2,2882.1800000000003,2962.1800000000003,0.001,0.48393402172912503,0.8959997515540683,8;17;39,BP010-019;BP027-038;BP082-095,0.4648025552429739,1.00760764298794,0.4740714439525135,0.9592171568850648,0.980448329407354,1.0504478946769646,0.8874269003939923,1.0154996582967477,0.33166853857410716,1.0559032565911088,0.29433158314502517,1.0722693962626941,0.5672921007585296,0.9774135007410227,0.13680607193451746,1.0804268390163534
George,20110113,3,recovery_eyes_closed,6,2,3531.11,3611.11,0.001,0.40897739237176745,0.8719107706033948,8;17;39,BP010-019;BP027-038;BP082-095,0.6527221768949172,1.414983301551001,0.6900312762674351,1.3961816249985342,0.9459312923113675,1.013466497635998,0.8345121544919657,0.9549482975497268,0.2387370861874795,0.7600457609219604,0.19922900015144762,0.7258044054523127,0.6017184502970779,1.0367282325612166,0.1300411866794506,1.0270011139071735
George,20110113,3,recovery_eyes_open,1,2,3671.11,3751.11,0.001,0.39725904677961055,0.8371690184253171,8;17;39,BP010-019;BP027-038;BP082-095,0.37967020515158634,0.8230561476271497,0.3876888490775304,0.7844340769984064,0.9793168053581535,1.0492355849410935,0.9443987888820812,1.080693685282507,0.34983103611653715,1.1137255643243906,0.3303800068218213,1.2035961845030654,0.48015294622028387,0.8272774668090199,0.1254354449680234,0.9906272389158286
George,20110113,3,recovery_eyes_open,2,2,3768.882,3848.882,0.001,0.3897684171448339,0.813678743432733,8;17;39,BP010-019;BP027-038;BP082-095,0.4956104795657791,1.0743936355822046,0.5242175597865374,1.060680797593109,0.9454289928166328,1.0129283362348152,0.9332080440042727,1.067887900834847,0.3109054453834148,0.9898016666989518,0.2901394625565338,1.0569972240939765,0.5114704640022188,0.8812358502394101,0.14379615817860117,1.1356310903946252
George,20110113,3,recovery_eyes_open,3,2,3866.654,3946.654,0.001,0.4110891059440288,0.816469170315035,8;17;39,BP010-019;BP027-038;BP082-095,0.3741160424511628,0.8110157301978183,0.4027534590041653,0.8149152048700458,0.9288959140815067,0.9952148706406215,0.9629015502582471,1.1018667507448012,0.4701225897100518,1.4966869501882953,0.4526817704432307,1.649149586686123,0.44275802978961715,0.7628480553478972,0.16935551244800695,1.337486256251673
George,20110113,3,recovery_eyes_open,4,2,3964.426,4044.426,0.001,0.41706953226774224,0.8432634532242914,8;17;39,BP010-019;BP027-038;BP082-095,0.45996733991684235,0.9971257730774878,0.47613231792763344,0.9633870466776907,0.9660493997106746,1.035020946686119,0.918699375918925,1.051285353090948,0.4487745673320121,1.4287231739203954,0.4122889149362051,1.5019957463641227,0.517896344044158,0.892307292797372,0.18963943548040768,1.4976786697524243
George,20110113,3,recovery_eyes_open,5,2,4062.198,4142.198,0.001,0.39801637842019155,0.814163259733872,8;17;39,BP010-019;BP027-038;BP082-095,0.5011997037749695,1.0865100600037731,0.5119063296383135,1.0357707479978842,0.9790847949254529,1.0489870100154564,0.9261961373365613,1.059864041267475,0.3827142575439856,1.218412914959824,0.3544684670408693,1.2913520359818031,0.4880385761210514,0.8408639791481685,0.17765949067845113,1.403066978100582
George,20110113,3,recovery_eyes_open,6,2,4159.97,4239.97,0.001,0.39414874688444423,0.8238564580194399,8;17;39,BP010-019;BP027-038;BP082-095,0.5302239193497338,1.1494292955264231,0.5707039353212566,1.1547394664775639,0.9290700248128898,0.99540141208879,0.8434318175217569,0.9651552393889404,0.2821135078487182,0.8981393681367953,0.2379435086722828,0.8668439168587002,0.6182476768659886,1.0652071928422753,0.12616333975204516,0.9963757926862603
George,20110113,4,eyes_open,1,1,62.16,142.16,0.001,0.33467606922129534,0.7833864017456542,8;17;19;39,BP010-019;BP027-038;BP030-041;BP082-095,0.6639823584851174,1.2693671409596963,0.8280269965917367,1.268519764973127,0.8018849158519618,1.0006680037709834,0.888677143936717,1.0242020287913254,0.33002290676036694,0.9872481617650332,0.29328381421349636,1.0111415702002537,0.46369690365334465,0.9718361739563081,0.19473527866698848,1.2835098840705954
George,20110113,4,eyes_open,2,1,161.222,241.222,0.001,0.4298023952258623,0.9142352876004033,8;17;19;39,BP010-019;BP027-038;BP030-041;BP082-095,0.6574740331324771,1.2569248610711685,0.7243874740196375,1.1097462185112021,0.9076275566778416,1.1326236936922536,0.8093052175291627,0.93272573888071,0.24932009210286035,0.7458294487369116,0.20177605137369628,0.6956543236521284,0.5351828719141195,1.1216595808817307,0.13266251428621006,0.87438521411001
George,20110113,4,eyes_open,3,1,260.284,340.284,0.001,0.33410232956350916,0.8306332841412843,8;17;19;39,BP010-019;BP027-038;BP030-041;BP082-095,0.9244015406392345,1.767223068120513,1.137681156415511,1.742903358333524,0.8125312926441922,1.0139535618373254,0.73938082066644,0.8521377439970357,0.2953224451927466,0.8834433464226047,0.2183557518878327,0.75281542016975,0.6145299976379744,1.287958744129001,0.20184839345255115,1.3303927765608201
George,20110113,4,eyes_open,4,1,359.346,439.346,0.001,0.3147834628303846,0.7588620776592442,8;17;19;39,BP010-019;BP027-038;BP030-041;BP082-095,0.5563652341950609,1.0636302872124965,0.7066188497114125,1.0825250636163226,0.7873625709564411,0.9825456453260254,0.8800879319668589,1.014302946334588,0.30731486009639364,0.9193180973148085,0.27046409968491963,0.9324670547251177,0.47565378590122653,0.9968959287329212,0.15047682216255664,0.9918002012334681
George,20110113,4,eyes_open,5,1,458.408,538.408,0.001,0.3203575672618678,0.839895243051442,8;17;19;39,BP010-019;BP027-038;BP030-041;BP082-095,0.47837425894767244,0.9145311733500385,0.5952651408615428,0.9119335476868379,0.8036322406773373,1.0028484813063294,0.9535423104110602,1.0989592514274464,0.5291911373041708,1.583050651405968,0.5046061397140755,1.7397081588408339,0.37213067178107406,0.7799276756565875,0.24139058814616685,1.5910173437913453
George,20110113,4,eyes_open,6,1,557.47,637.47,0.001,0.3318374754189566,0.7798653032611235,8;17;19;39,BP010-019;BP027-038;BP030-041;BP082-095,0.6907922233502433,1.3206208543731128,0.800270042191101,1.2259967006073587,0.8631989040335526,1.0771814098022263,0.8343003729206676,0.9615327010453144,0.30916333409711505,0.9248477212345437,0.25793508493062006,0.8892713274542549,0.4927999944797025,1.0328316997322036,0.1781795507992568,1.1743902602321499
George,20110113,4,eyes_closed,1,1,774.54,854.54,0.001,0.4433372832018796,0.8555225684083763,8;17;19;39,BP010-019;BP027-038;BP030-041;BP082-095,1.1173137401293443,2.1360226363525596,1.4939752882069381,2.288738397748561,0.7478796663834639,0.9332751346566175,0.8253663205685432,0.9512361894192369,0.3208478029298015,0.9598012657915175,0.2648169705666713,0.9129976986712833,0.49891819715248115,1.0456544954639766,0.29588363983356997,1.9501837512996545
George,20110113,4,eyes_closed,2,1,870.846,950.846,0.001,0.4194925379145491,0.8321797003607009,8;17;19;39,BP010-019;BP027-038;BP030-041;BP082-095,1.2123241726340208,2.3176586685883596,1.4726384660720655,2.2560508395998418,0.8232327217878703,1.0273078194458798,0.7473893466375825,0.8613675847814368,0.24878934686134202,0.7442417490550984,0.1859425074010893,0.6410657178771022,0.5994456296116499,1.256344268393335,0.2254225964425208,1.4857715181726856
George,20110113,4,eyes_closed,3,1,967.152,1047.152,0.001,0.385300171582602,0.805246695023967,8;17;19;39,BP010-019;BP027-038;BP030-041;BP082-095,0.7716333227086571,1.4751686881419954,0.9028052353710297,1.38307843790512,0.8547063004032489,1.0665835340303331,0.748151230971928,0.8622456578659816,0.2670798697708342,0.7989569968461524,0.19981613333687184,0.6888972013522396,0.6060799853461429,1.270248840200644,0.15418478689752652,1.0162395807834759
George,20110113,4,eyes_closed,4,1,1063.458,1143.458,0.001,0.49077112663561884,0.9359156164509278,8;17;19;39,BP010-019;BP027-038;BP030-041;BP082-095,0.867149217321336,1.657771036700359,1.0232560011128897,1.5676064517001018,0.847441125562154,1.0575173602420886,0.8564959569921322,0.9871131521588644,0.4967048812811293,1.4858695288705441,0.42542572263554423,1.4667213543402096,0.4357844211950049,0.9133359770729256,0.3689075824117764,2.4314881801351276
George,20110113,4,eyes_closed,5,1,1159.764,1239.764,0.001,0.4204443882683586,0.8603974811672996,8;17;19;39,BP010-019;BP027-038;BP030-041;BP082-095,0.5772559467427993,1.1035680712822942,0.7658785292749134,1.1733096335659652,0.7537173646704911,0.9405599678989168,0.8772667510849421,1.0110515302240684,0.4485440514429651,1.3417986484775952,0.39349278272784716,1.3566275767958595,0.4736048270877694,0.9926016315785178,0.227146048830022,1.4971308783729793
George,20110113,4,eyes_closed,6,1,1256.07,1336.07,0.001,0.45938235248265613,0.8493557197178179,8;17;19;39,BP010-019;BP027-038;BP030-041;BP082-095,1.531206146992593,2.927280738997926,1.9370174701993301,2.9674696068606616,0.7904968182011406,0.9864568561141045,0.6681544412696279,0.7700492118688026,0.11723661575576919,0.35070787822761,0.07833216549663802,0.27006232522535106,0.6683845699267281,1.4008295031761284,0.1199426933156932,0.7905482429611638
George,20110113,4,deep_anesthesia,1,1,2142.75,2222.75,0.001,0.8931995311783981,0.9528291654847978,8;17;19;39,BP010-019;BP027-038;BP030-041;BP082-095,2.160851312962939,4.131003810752981,2.5622320339583866,3.9252850340652112,0.843347239564656,1.0524086212599744,0.7653197106572898,0.8820323620081806,0.17005189164623702,0.5087023173040409,0.1301440645114229,0.44869190649071816,0.5646417978094421,1.1834008812989008,0.2812219726738416,1.8535479755671769
George,20110113,4,deep_anesthesia,2,1,2346.74,2426.74,0.001,0.9040394493226195,0.968064066953504,8;17;19;39,BP010-019;BP027-038;BP030-041;BP082-095,2.106494388427957,4.027087053015992,2.563344162490292,3.9269887913457344,0.8217758735844097,1.0254898261718632,0.8113883802305049,0.9351265876924231,0.286467551756762,0.8569543449374785,0.2324364428085174,0.8013607923895798,0.4866690724047089,1.019982246123084,0.4896260624422985,3.2271496718267194
George,20110113,4,deep_anesthesia,3,1,2550.73,2630.73,0.001,0.9029449942337098,0.9664507090474828,8;17;19;39,BP010-019;BP027-038;BP030-041;BP082-095,1.6625128149606194,3.1783060374528302,1.8961527581680817,2.9048657363166526,0.8767821093522088,1.0941318208678716,0.8406814899934008,0.968886950106899,0.33770162480215155,1.0102186893138023,0.2838995051118651,0.9787877048302387,0.46477015838872865,0.9740855479924475,0.4719865654094536,3.1108868716465468
George,20110113,4,deep_anesthesia,4,1,2754.72,2834.72,0.001,0.9103808726031708,0.9614228949860499,8;17;19;39,BP010-019;BP027-038;BP030-041;BP082-095,1.756574234777926,3.3581277963027385,1.982668015735931,3.037405272646129,0.8859648820863825,1.1055909550644858,0.8166694916438831,0.9412130782258628,0.2523253562384118,0.7548195564920556,0.20606642040808548,0.7104460382709682,0.5129187892124188,1.0749975463091572,0.3619709647417587,2.385768588890895
George,20110113,4,deep_anesthesia,5,1,2958.71,3038.71,0.001,0.9169083497028764,0.9696475521726504,8;17;19;39,BP010-019;BP027-038;BP030-041;BP082-095,1.6919772153390438,3.234634554604676,2.291682440094385,3.510808804866668,0.7383122485632687,0.9213360038635086,0.8012320888727549,0.9234214433837448,0.26736874613951506,0.7998211570547787,0.21422441896865296,0.7385720072963806,0.5381054138471995,1.1277847716002665,0.3624628358642064,2.3890105358646125
George,20110113,4,deep_anesthesia,6,1,3162.7,3242.7,0.001,0.9167625725056303,0.9617736058597794,8;17;19;39,BP010-019;BP027-038;BP030-041;BP082-095,1.978546637872029,3.7824831591927452,2.6040372094461266,3.9893296746417253,0.7597996797798683,0.9481500571978783,0.7744203033475497,0.8925208116776271,0.26217966532689035,0.7842982633750569,0.2030372559540095,0.7000025226248592,0.5654867966076468,1.1851718665967859,0.40171868013056894,2.6477477532209743
George,20110113,4,recovery_eyes_closed,1,2,286.46,366.46,0.001,0.6541804010655621,0.9139665015849835,8;17;19;39,BP010-019;BP027-038;BP030-041;BP082-095,0.5391345696424485,1.030689593652676,0.5788527791924805,0.886790158337471,0.9313846093899036,1.1622699958522134,0.9297683893457747,1.0715597640505954,0.5259063807709078,1.573224455154493,0.4889711285960326,1.6858040259639746,0.3461181648646573,0.7254095302959243,0.26362123898320405,1.7375406664988526
George,20110113,4,recovery_eyes_closed,2,2,935.39,1015.39,0.001,0.6572809974780573,0.9078523281026954,8;17;19;39,BP010-019;BP027-038;BP030-041;BP082-095,1.2917005147352691,2.4694062551699973,1.4516673586929358,2.2239235486862627,0.8898047524456988,1.1103827092566867,0.7348580846544909,0.8469252824965566,0.25243122504258375,0.7551362580911447,0.18550112654177986,0.6395439887072354,0.5797506658535128,1.215066705239225,0.23961190063798946,1.5792939261700183
George,20110113,4,recovery_eyes_closed,3,2,1584.3200000000002,1664.3200000000002,0.001,0.5819744900293732,0.9121415483307553,8;17;19;39,BP010-019;BP027-038;BP030-041;BP082-095,0.4608450481324807,0.8810197344821059,0.49698889850095995,0.7613764325507046,0.927274330518251,1.1571408002879486,0.8962779920509716,1.0329620201023078,0.5197981538739254,1.5549519787531252,0.46588364562592377,1.606206337134909,0.44079073986963824,0.9238284378765866,0.21470017109261455,1.4150994806660744
George,20110113,4,recovery_eyes_closed,4,2,2233.25,2313.25,0.001,0.4861868673126244,0.9059235561122246,8;17;19;39,BP010-019;BP027-038;BP030-041;BP082-095,0.5681110736357053,1.0860853757226179,0.6011511821505638,0.9209508378758104,0.9450386034397196,1.179308743806231,0.8510941426919338,0.9808875513282763,0.4176420179863189,1.249356653998019,0.3554526752501953,1.2254783890758054,0.4364358758961228,0.9147013242194176,0.2019366009630724,1.3309741566393465
George,20110113,4,recovery_eyes_closed,5,2,2882.1800000000003,2962.1800000000003,0.001,0.48393402172912503,0.8959997515540683,8;17;19;39,BP010-019;BP027-038;BP030-041;BP082-095,0.5338109132552477,1.0205121026375672,0.5766819672748205,0.8834645206047332,0.925659104233543,1.155125167832461,0.8414990217697375,0.9698291569698055,0.3118474349115653,0.932877083865975,0.26241931141948405,0.9047313958021891,0.509110862981073,1.0670167286021113,0.14008229228464802,0.9232893390523133
George,20110113,4,recovery_eyes_closed,6,2,3531.11,3611.11,0.001,0.40897739237176745,0.8719107706033948,8;17;19;39,BP010-019;BP027-038;BP030-041;BP082-095,0.7496713056999371,1.4331828395967559,0.8303425769459459,1.272067184874638,0.9028457970411164,1.126656560783773,0.7836931712537417,0.90320780884756,0.23736399949902717,0.7100633543136613,0.18602054550886415,0.6413347663925907,0.5599950455001261,1.1736620153499826,0.13945426523864465,0.9191499816306545
George,20110113,4,recovery_eyes_open,1,2,3671.11,3751.11,0.001,0.39725904677961055,0.8371690184253171,8;17;19;39,BP010-019;BP027-038;BP030-041;BP082-095,0.46196516155932343,0.8831611094147561,0.48129104457704763,0.7373276538851439,0.9598457456554016,1.1977864993414842,0.9338270083106807,1.0762373298080912,0.33256999225440126,0.9948676494440192,0.31056284092083375,1.0707137025500832,0.4005077682082912,0.8394016307391793,0.14346921298031542,0.9456127014097129
George,20110113,4,recovery_eyes_open,2,2,3768.882,3848.882,0.001,0.3897684171448339,0.813678743432733,8;17;19;39,BP010-019;BP027-038;BP030-041;BP082-095,0.5465337890607069,1.0448350387511223,0.6232392279031439,0.9547892546449601,0.8769245653863791,1.0943095910098464,0.8957639432607536,1.0323695779342705,0.33500231384082324,1.002143826236075,0.3000829936475324,1.0345827989207717,0.45615282828451875,0.9560249721028689,0.16400549555086583,1.0809683588016286
George,20110113,4,recovery_eyes_open,3,2,3866.654,3946.654,0.001,0.4110891059440288,0.816469170315035,8;17;19;39,BP010-019;BP027-038;BP030-041;BP082-095,0.4442414365048447,0.8492778082817432,0.48801645910963193,0.7476308460483665,0.9103001101957644,1.135958759286934,0.9283126211034065,1.069881988496834,0.43231582721903533,1.2932526711966343,0.4013242387101901,1.383627739488697,0.3953375051135305,0.828565568076755,0.17828485630882782,1.1750843340707822
George,20110113,4,recovery_eyes_open,4,2,3964.426,4044.426,0.001,0.41706953226774224,0.8432634532242914,8;17;19;39,BP010-019;BP027-038;BP030-041;BP082-095,0.5495780749170794,1.0506549470429392,0.6109815734315475,0.9360107884434555,0.8995002448771109,1.1224816636890818,0.864421268613024,0.9962470882528695,0.3765833180640793,1.1265314646176767,0.3255266295394534,1.1223036914506008,0.4864537666136389,1.0195309988652836,0.178902298396538,1.179153925507126
George,20110113,4,recovery_eyes_open,5,2,4062.198,4142.198,0.001,0.39801637842019155,0.814163259733872,8;17;19;39,BP010-019;BP027-038;BP030-041;BP082-095,0.6128524330950742,1.1716195933321993,0.6701920294941931,1.0267199490356822,0.9144430344204568,1.1411286928169753,0.9144495741013415,1.0539048015492247,0.3663720191049475,1.0959848391558384,0.3350287368331678,1.1550636844114928,0.40694796290766294,0.8528992713894825,0.2053231765249761,1.3532952442029846
George,20110113,4,recovery_eyes_open,6,2,4159.97,4239.97,0.001,0.39414874688444423,0.8238564580194399,8;17;19;39,BP010-019;BP027-038;BP030-041;BP082-095,0.6186914155792305,1.182782258133923,0.746404444172307,1.1434757489714935,0.8288956750053942,1.0343745892274356,0.8680917514576771,1.0004773264240507,0.3259878651279752,0.9751775225681102,0.282987376792893,0.9756430005677722,0.4813515982792992,1.0088376521686393,0.17508186073904816,1.153973231344107
George,20110113,5,eyes_open,1,1,62.16,142.16,0.001,0.33467606922129534,0.7833864017456542,8;11;17;19;39,BP010-019;BP013-022;BP027-038;BP030-041;BP082-095,0.7224709849797686,1.2606209950403913,0.886609064254438,1.231315736685969,0.8148698384753201,1.0237999543750622,0.8370242802450703,1.0106240000466096,0.34458876149957224,0.9983246037883607,0.28842916007471964,1.0089308044255398,0.43079289491169054,0.9751016684302556,0.20838169937607015,1.2718793546018285
George,20110113,5,eyes_open,2,1,161.222,241.222,0.001,0.4298023952258623,0.9142352876004033,8;11;17;19;39,BP010-019;BP013-022;BP027-038;BP030-041;BP082-095,0.6957247004721967,1.2139520927722776,0.7700254155527608,1.0694052768517261,0.9035087497375297,1.1351656093806548,0.7594753247598575,0.9169913092852906,0.2567125946372766,0.7437343522564631,0.19496688118209127,0.6819979374361016,0.5043133864953179,1.1415156340591537,0.13564327501240897,0.8279128234169344
George,20110113,5,eyes_open,3,1,260.284,340.284,0.001,0.33410232956350916,0.8306332841412843,8;11;17;19;39,BP010-019;BP013-022;BP027-038;BP030-041;BP082-095,0.9920474608228177,1.7309980375540959,1.2284998590075673,1.706130999443975,0.8075275333154979,1.0145751047945468,0.7169158873477347,0.8656049996019209,0.294805846363224,0.8540961361719375,0.21135099494079068,0.7393098856111121,0.557549382607418,1.2620155523321714,0.20967021787338794,1.279743961137182
George,20110113,5,eyes_open,4,1,359.346,439.346,0.001,0.3147834628303846,0.7588620776592442,8;11;17;19;39,BP010-019;BP013-022;BP027-038;BP030-041;BP082-095,0.5883987943543135,1.0266818862494147,0.7442048138172007,1.0335458270338613,0.7906409410821711,0.9933588423416644,0.8002719166423983,0.9662491574142968,0.3172587237483789,0.9191454425448362,0.2538932469256363,0.888123509400139,0.45600298561424313,1.0321648228965712,0.14939048038574607,0.9118203198533833
George,20110113,5,eyes_open,5,1,458.408,538.408,0.001,0.3203575672618678,0.839895243051442,8;11;17;19;39,BP010-019;BP013-022;BP027-038;BP030-041;BP082-095,0.49646505983817124,0.866269083115509,0.6195639302947714,0.8604455424742091,0.8013136910697285,1.0067680525423541,0.8613459562052455,1.0399900172898764,0.536961590481301,1.5556571396408652,0.46250969459860564,1.617867895552223,0.35469276366935837,0.8028486767522682,0.2296199032046314,1.4015089384820463
George,20110113,5,eyes_open,6,1,557.47,637.47,0.001,0.3318374754189566,0.7798653032611235,8;11;17;19;39,BP010-019;BP013-022;BP027-038;BP030-041;BP082-095,0.713440532183332,1.2448639907778216,0.8269646489793101,1.148482039068118,0.862721922955115,1.0839211658790138,0.7537085045730749,0.9100284445007597,0.3079442434928149,0.8921600157126789,0.23210019525485637,0.8118909913447825,0.4702677831146242,1.0644532566352305,0.16558968682247993,1.0106938595620285
George,20110113,5,eyes_closed,1,1,774.54,854.54,0.001,0.4433372832018796,0.8555225684083763,8;11;17;19;39,BP010-019;BP013-022;BP027-038;BP030-041;BP082-095,1.2229279569358797,2.1338554626915465,1.6292953973367228,2.262752709547074,0.7505870076935717,0.9430352038419043,0.800224481107332,0.9661918836991557,0.33315548836725306,0.9652007206409389,0.26659917780674486,0.9325691024238513,0.451102644751771,1.0210728791637178,0.32603158783598757,1.9899676735444882
George,20110113,5,eyes_closed,2,1,870.846,950.846,0.001,0.4194925379145491,0.8321797003607009,8;11;17;19;39,BP010-019;BP013-022;BP027-038;BP030-041;BP082-095,1.3461617297805843,2.348882895731537,1.678112740252621,2.3305498537214207,0.8021878968500857,1.0078664019912904,0.7263449808291298,0.8769896970305199,0.2585673704462004,0.7491079120803588,0.1878091117297839,0.6569599208585191,0.5255738706449943,1.1896388362076806,0.2528214387147208,1.5431219212857208
George,20110113,5,eyes_closed,3,1,967.152,1047.152,0.001,0.385300171582602,0.805246695023967,8;11;17;19;39,BP010-019;BP013-022;BP027-038;BP030-041;BP082-095,0.9562325534069683,1.668505528979358,1.1275325663983042,1.5659084128579615,0.848075330064725,1.0655192316989632,0.7449189523823518,0.8994159299020121,0.29910100036448545,0.8665398325300518,0.22280600384802593,0.7793797292721504,0.521693720517517,1.180856098823308,0.21305435397400058,1.3003993874650193
George,20110113,5,eyes_closed,4,1,1063.458,1143.458,0.001,0.49077112663561884,0.9359156164509278,8;11;17;19;39,BP010-019;BP013-022;BP027-038;BP030-041;BP082-095,1.0104164020123616,1.7630495294501334,1.1821886860111421,1.641814404459875,0.8546997733683592,1.0738421618551592,0.8241336169413159,0.9950597995583276,0.513833757360966,1.4886523866829822,0.42346767296043947,1.481298145504794,0.403621759728553,0.9135996809017644,0.42787868248123534,2.6116019984075898
George,20110113,5,eyes_closed,5,1,1159.764,1239.764,0.001,0.4204443882683586,0.8603974811672996,8;11;17;19;39,BP010-019;BP013-022;BP027-038;BP030-041;BP082-095,0.7306056653975388,1.2748149891741103,0.9681115475751203,1.3445057483131702,0.7546709542175435,0.9481662616716257,0.8752462689956875,1.0567732696347933,0.44911462586581496,1.301151491336737,0.3930859006404486,1.375022115790111,0.39841288334875674,0.901809365628279,0.2871907859958057,1.7528988036551345
George,20110113,5,eyes_closed,6,1,1256.07,1336.07,0.001,0.45938235248265613,0.8493557197178179,8;11;17;19;39,BP010-019;BP013-022;BP027-038;BP030-041;BP082-095,1.78624965622319,3.1167809722928754,2.2814602225060625,3.1684741199404285,0.7829413980582532,0.9836851602093803,0.6601531198211366,0.7970695741365444,0.14151012555562842,0.409975761869237,0.09341835087182884,0.32677920591941806,0.5922688090854742,1.3406031313883073,0.16686849712974175,1.0184992111506197
George,20110113,5,deep_anesthesia,1,1,2142.75,2222.75,0.001,0.8931995311783981,0.9528291654847978,8;11;17;19;39,BP010-019;BP013-022;BP027-038;BP030-041;BP082-095,2.574544037449646,4.492255514394068,3.0345062676697343,4.21429857994512,0.848422712083141,1.0659556813965867,0.7841913686969748,0.9468334868404553,0.1816413531672555,0.5262418633246899,0.14244158135220067,0.4982634183731344,0.48075393117555704,1.0881887002565056,0.3667221239552066,2.2383265888075523
George,20110113,5,deep_anesthesia,2,1,2346.74,2426.74,0.001,0.9040394493226195,0.968064066953504,8;11;17;19;39,BP010-019;BP013-022;BP027-038;BP030-041;BP082-095,2.3604426031242607,4.118675441574395,2.9803279587915914,4.139056168155896,0.7920076702167131,0.9950759966152909,0.8159856578177394,0.9852219451065137,0.3135702902012402,0.9084595050710702,0.2558688595219584,0.8950342406366205,0.4202378626541911,0.9512103051181177,0.6039637568284489,3.6863555462782513
George,20110113,5,deep_anesthesia,3,1,2550.73,2630.73,0.001,0.9029449942337098,0.9664507090474828,8;11;17;19;39,BP010-019;BP013-022;BP027-038;BP030-041;BP082-095,1.917829267610787,3.3463708438350603,2.3954706954746006,3.326810973434275,0.8006064408276214,1.005879465517271,0.8576224841978343,1.0354942932553362,0.3698183570390278,1.0714184733070824,0.31716453806577266,1.1094477147978283,0.33895123874089667,0.7672176637929528,0.6082674337507937,3.712623485558889
George,20110113,5,deep_anesthesia,4,1,2754.72,2834.72,0.001,0.9103808726031708,0.9614228949860499,8;11;17;19;39,BP010-019;BP013-022;BP027-038;BP030-041;BP082-095,2.0613304389618823,3.59676233799748,2.3378811547739358,3.24683106955987,0.881708822004344,1.1077762473441666,0.8220007731765735,0.9924846017440331,0.2733083576729264,0.791814732141839,0.22465968132276498,0.7858639290848513,0.4470487684508569,1.0118969117990715,0.4630978395180915,2.8265657829231174
George,20110113,5,deep_anesthesia,5,1,2958.71,3038.71,0.001,0.9169083497028764,0.9696475521726504,8;11;17;19;39,BP010-019;BP013-022;BP027-038;BP030-041;BP082-095,1.9662006885021124,3.4307728890427964,2.6026479398277584,3.614537110623945,0.7554616428959786,0.9491596804910305,0.8096746267742139,0.977601999558747,0.3037992515709178,0.8801513611061675,0.24597854562996838,0.8604377305317421,0.4676591265280731,1.0585485506385612,0.48364318577439186,2.951966438617814
George,20110113,5,deep_anesthesia,6,1,3162.7,3242.7,0.001,0.9167625725056303,0.9617736058597794,8;11;17;19;39,BP010-019;BP013-022;BP027-038;BP030-041;BP082-095,2.206160092930435,3.8494718672283392,2.850149838072155,3.958265811868665,0.7740505651529832,0.9725147451406337,0.728173938256042,0.8791979821595484,0.2655603565633288,0.7693676270643846,0.19337413068339793,0.6764264652538869,0.5186451898790767,1.173955735918267,0.4266142901188279,2.6038846482435525
George,20110113,5,recovery_eyes_closed,1,2,286.46,366.46,0.001,0.6541804010655621,0.9139665015849835,8;11;17;19;39,BP010-019;BP013-022;BP027-038;BP030-041;BP082-095,0.6031865570479837,1.0524846721174697,0.6843925670724036,0.9504790463830856,0.8813458621098249,1.107320225651004,0.9052033587706921,1.0929434914703013,0.537745009157481,1.5579268194066658,0.48676858845152843,1.702725977457543,0.31600629268266234,0.7152816744865067,0.2936122689471839,1.7920929920902993
George,20110113,5,recovery_eyes_closed,2,2,935.39,1015.39,0.001,0.6572809974780573,0.9078523281026954,8;11;17;19;39,BP010-019;BP013-022;BP027-038;BP030-041;BP082-095,1.5507340147848292,2.7058358015800112,1.7700317753442614,2.4582062910086964,0.8761051843169426,1.100735854219014,0.7082192134844469,0.8551046263938183,0.2759133042083044,0.7993616475040928,0.1954071032963003,0.6835378429425343,0.5403568002162169,1.2231000642349932,0.3030244418121455,1.8495411671686859
George,20110113,5,recovery_eyes_closed,3,2,1584.3200000000002,1664.3200000000002,0.001,0.5819744900293732,0.9121415483307553,8;11;17;19;39,BP010-019;BP013-022;BP027-038;BP030-041;BP082-095,0.6240003616866474,1.088802143212732,0.7046767638568003,0.9786495802898932,0.8855128956876639,1.1125556737992055,0.8519407065992567,1.0286341089816273,0.5409413598683219,1.5671871201288436,0.460849964354981,1.6120621269212156,0.4196726431564341,0.949930928225411,0.28757054444078645,1.7552166987838953
George,20110113,5,recovery_eyes_closed,4,2,2233.25,2313.25,0.001,0.4861868673126244,0.9059235561122246,8;11;17;19;39,BP010-019;BP013-022;BP027-038;BP030-041;BP082-095,0.8588482784581419,1.49858221836957,0.9381229653413046,1.302857839765732,0.9154964862689177,1.1502269646234244,0.8180997954170248,0.9877745570768777,0.4189692664805224,1.2138159269572897,0.3427586711937363,1.1989764896230963,0.39765263419725855,0.9000885382311592,0.29437769468134084,1.7967648475923421
George,20110113,5,recovery_eyes_closed,5,2,2882.1800000000003,2962.1800000000003,0.001,0.48393402172912503,0.8959997515540683,8;11;17;19;39,BP010-019;BP013-022;BP027-038;BP030-041;BP082-095,0.6998073155010431,1.2210757424786742,0.7896411803462066,1.096647497635484,0.8862345745370358,1.1134623888820008,0.8678348894171934,1.0478247621036996,0.38028454450534205,1.1017405662564075,0.3300241956278613,1.1544310467376153,0.3875226523278054,0.8771592783971573,0.23095334639272494,1.40964774753557
George,20110113,5,recovery_eyes_closed,6,2,3531.11,3611.11,0.001,0.40897739237176745,0.8719107706033948,8;11;17;19;39,BP010-019;BP013-022;BP027-038;BP030-041;BP082-095,0.9092983995921625,1.5866113340380121,1.0693998701565801,1.4851741788146713,0.850288488869018,1.0682998376017407,0.8152229197655613,0.9843010143766975,0.3095618014052717,0.8968463202080161,0.2523618755894924,0.8827667427207587,0.44624605132786266,1.0100799579561588,0.22947224959160176,1.4006077193125748
George,20110113,5,recovery_eyes_open,1,2,3671.11,3751.11,0.001,0.39725904677961055,0.8371690184253171,8;11;17;19;39,BP010-019;BP013-022;BP027-038;BP030-041;BP082-095,0.5820058932548813,1.0155270779419407,0.606623805729392,0.8424743986472204,0.9594181562906015,1.2054100155121565,0.925972314162107,1.1180199501464054,0.42257032282044843,1.2242487197394207,0.39128841971827927,1.368734492609868,0.33636125486391183,0.761355223558944,0.22773216623842799,1.3899869397584457
George,20110113,5,recovery_eyes_open,2,2,3768.882,3848.882,0.001,0.3897684171448339,0.813678743432733,8;11;17;19;39,BP010-019;BP013-022;BP027-038;BP030-041;BP082-095,0.625456764293763,1.0913433825731096,0.7102526590104707,0.9863933398854472,0.8806116476426205,1.1063977608565874,0.8531772163761502,1.0301270721922704,0.34377063629271787,0.9959543740703983,0.293297274544079,1.0259595633982246,0.43320870301258296,0.9805698610063435,0.1834447643125192,1.1196741803022512
George,20110113,5,recovery_eyes_open,3,2,3866.654,3946.654,0.001,0.4110891059440288,0.816469170315035,8;11;17;19;39,BP010-019;BP013-022;BP027-038;BP030-041;BP082-095,0.5321390477936772,0.9285157049570604,0.5882807398569072,0.8169996921745871,0.9045664964709096,1.1364945591174629,0.9280966452869117,1.1205848697902479,0.49044063342692323,1.4208790470035502,0.45517630659591546,1.5922155618741647,0.32947230821627105,0.7457620616261815,0.24221708637019312,1.4783971548771928
George,20110113,5,recovery_eyes_open,4,2,3964.426,4044.426,0.001,0.41706953226774224,0.8432634532242914,8;11;17;19;39,BP010-019;BP013-022;BP027-038;BP030-041;BP082-095,0.6657858963545777,1.1617126453457085,0.7533464167498058,1.0462416137151274,0.8837712393018419,1.1103674620822546,0.8744346563278471,1.0557933276424043,0.40594867309856203,1.1760933422955984,0.3549755884476866,1.241711503480347,0.40121938458155504,0.9081618938776461,0.2363377403386367,1.4425119554643524
George,20110113,5,recovery_eyes_open,5,2,4062.198,4142.198,0.001,0.39801637842019155,0.814163259733872,8;11;17;19;39,BP010-019;BP013-022;BP027-038;BP030-041;BP082-095,0.7236767980198523,1.262724987125922,0.7855749508429519,1.0910003498922511,0.9212065599129904,1.1574010835566007,0.9236416533700103,1.115205907844346,0.42620831300864986,1.2347885153422051,0.39366375090735223,1.377043447247976,0.33915167940247215,0.767671362138102,0.2848853227531175,1.7388271691980386
George,20110113,5,recovery_eyes_open,6,2,4159.97,4239.97,0.001,0.39414874688444423,0.8238564580194399,8;11;17;19;39,BP010-019;BP013-022;BP027-038;BP030-041;BP082-095,0.7207928197104353,1.2576928077281653,0.8540747225388877,1.1861322972737374,0.8439458523813368,1.0603309686608366,0.8024190079112652,0.9688415576801197,0.33112729243237277,0.9593247370647972,0.26570283348592794,0.9294336725789292,0.46276098529797477,1.0474615857835468,0.19151669455337425,1.1689420452628951
George,20110114,3,eyes_open,1,1,56.99,136.99,0.001,0.35967983240632173,0.7944741005332567,9;17;21,BP011-020;BP027-038;BP032-043,0.2774884601880285,0.7837271266240196,0.29315978074209437,0.7968260287369505,0.9465434156268092,0.9835611518191818,0.8915055951545288,1.0988363864575523,0.4615061817655395,1.726606532923534,0.4114353432423814,1.897258083471699,0.5651061125983012,0.8699013470369736,0.11416855986326133,1.486932626223469
George,20110114,3,eyes_open,2,1,151.774,231.774,0.001,0.3210124961951468,0.7675885340903319,9;17;21,BP011-020;BP027-038;BP032-043,0.2641339278772738,0.746009128447723,0.2854381603783846,0.7758381972061237,0.9253630542150729,0.9615524617557908,0.9537790944384139,1.1755923679085831,0.382587442814211,1.4313523941335229,0.3649039047508466,1.6826869503310478,0.47094187890125994,0.7249487586476353,0.09638350165959568,1.2552998252668224
George,20110114,3,eyes_open,3,1,246.558,326.558,0.001,0.3671767068439453,0.7658287878765422,9;17;21,BP011-020;BP027-038;BP032-043,0.35570535199445497,1.004639736205602,0.3754102660007078,1.0203878262127302,0.9475109878688941,0.9845665641998311,0.9147197743858286,1.127449313801747,0.4473569826796609,1.6736709482172714,0.40920627826666445,1.8869791620974814,0.529610359622637,0.815260629764161,0.1455568632491847,1.8957342476350822
George,20110114,3,eyes_open,4,1,341.342,421.342,0.001,0.33510194940571736,0.7765508572139157,9;17;21,BP011-020;BP027-038;BP032-043,0.35120194514724884,0.9919204969767411,0.3986649708040999,1.0835955214532946,0.8809450813771799,0.9153973759935802,0.8450252246648061,1.041546423693738,0.5182443053087726,1.9388776110720347,0.43792951052480195,2.0194310417919357,0.5940221331745285,0.9144134920827119,0.153801695933693,2.0031150425845157
George,20110114,3,eyes_open,5,1,436.126,516.126,0.001,0.2981531288980812,0.7477727448114573,9;17;21,BP011-020;BP027-038;BP032-043,0.3778326659585621,1.0671352222566122,0.39434248639559105,1.0718467471951383,0.9581332952785947,0.9956042923572279,0.937996529910098,1.156139370339542,0.4261016700335744,1.5941496695776933,0.3996818878803904,1.8430591952125432,0.4880205082603874,0.7512389054958802,0.15101287323319892,1.9667933839152303
George,20110114,3,eyes_open,6,1,530.91,610.91,0.001,0.3474727254294634,0.7978341082303456,9;17;21,BP011-020;BP027-038;BP032-043,0.505957821397944,1.4290067027957327,0.5387431572864462,1.4643365111103896,0.9391447753069643,0.9758731630014015,0.8905176717711542,1.0976187091186949,0.3862125704265462,1.4449148755594368,0.34392911902500084,1.5859656004979483,0.5513932907961245,0.8487923873363892,0.1740136277772035,2.2663554735150275
George,20110114,3,eyes_closed,1,1,725.39,805.39,0.001,0.4544616034852892,0.8213802202809299,9;17;21,BP011-020;BP027-038;BP032-043,0.4695713963734506,1.3262383631204786,0.5215714252700643,1.4176627041014187,0.9003012312845002,0.9355105126794676,0.9058960392779513,1.1165735085867297,0.47505069212472273,1.7772798304771023,0.43034654045203574,1.9844635760562461,0.5492098350010306,0.8454312643631927,0.202078425924546,2.631871724781048
George,20110114,3,eyes_closed,2,1,817.578,897.578,0.001,0.4405437039008625,0.8055846302181863,9;17;21,BP011-020;BP027-038;BP032-043,0.5212904107307034,1.4723114448139307,0.5483902930908312,1.4905580101585718,0.9505828554925949,0.9877585674490454,0.8269688971676267,1.0192908711009854,0.34530804899244594,1.291881142264595,0.2855590164583878,1.3168026548578151,0.6342184420134078,0.9762900537147945,0.1488591769774487,1.9387436193085308
George,20110114,3,eyes_closed,3,1,909.766,989.766,0.001,0.3926002603696811,0.8171530633340754,9;17;21,BP011-020;BP027-038;BP032-043,0.5129218421557926,1.448675599926087,0.5335202665702696,1.4501403780072635,0.9613914864998592,0.9989899060095208,0.8419428909100158,1.0377472546213522,0.3928490233149215,1.4697434550351702,0.3307564423809412,1.5252222354604485,0.6201401742547379,0.9546185413842959,0.1696522037309288,2.209552236976276
George,20110114,3,eyes_closed,4,1,1001.954,1081.954,0.001,0.5260645910068686,0.8718643055412372,9;17;21,BP011-020;BP027-038;BP032-043,0.5533075803470581,1.5627394371313643,0.568008381549506,1.5438811620533004,0.9741186896532326,1.0122148488766993,0.728117119643049,0.8974498747007499,0.3476718827709453,1.3007248176170865,0.25314584986405647,1.1673353245906097,0.7153747432132956,1.1012187603071164,0.14006751766318093,1.8242409480942918
George,20110114,3,eyes_closed,5,1,1094.1419999999998,1174.1419999999998,0.001,0.4544691961814158,0.8179236911428573,9;17;21,BP011-020;BP027-038;BP032-043,0.6282661715849563,1.774449435042106,0.6589432232456678,1.7910475659820901,0.9534450760270216,0.9907327246605633,0.7558895264906137,0.9316811025802756,0.38256253544609503,1.431259209629813,0.28917501377139737,1.3334771585060776,0.6988889962643828,1.0758412725078221,0.18167887882018297,2.3661877905526656
George,20110114,3,eyes_closed,6,1,1186.33,1266.33,0.001,0.36082956025016,0.7986701801630943,9;17;21,BP011-020;BP027-038;BP032-043,0.33925844794296,0.9581877689944078,0.3823954736824988,1.0393740434997496,0.8871926350902488,0.9218892611249231,0.9079767345983271,1.1191380956623325,0.4788432953073394,1.791468878621249,0.4347785716574604,2.0049010692585187,0.5348290249986907,0.8232940308177987,0.14750230341936732,1.9210716826073273
George,20110114,3,deep_anesthesia,1,1,1858.73,1938.73,0.001,0.8855385974256141,0.953042983262478,9;17;21,BP011-020;BP027-038;BP032-043,1.3324592672018944,3.7633437877743514,1.3561066206049517,3.685979878635416,0.9825623199210485,1.0209886954585266,0.7671158266357897,0.9455182194215612,0.36629564267646464,1.3704008193500499,0.280991184724844,1.2957389426057078,0.6877069022189001,1.0586280121023837,0.3744093080886583,4.876311100232506
George,20110114,3,deep_anesthesia,2,1,2069.32,2149.32,0.001,0.901435266745768,0.9430374939382309,9;17;21,BP011-020;BP027-038;BP032-043,1.3633597912342654,3.8506179716977353,1.4221614498852817,3.8655209028547213,0.958653316994523,0.9961446512561916,0.833335285313835,1.0271378425427666,0.33007673959900313,1.2348971205054706,0.2750645939691957,1.2684095641182638,0.6187466477136239,0.9524734033505324,0.37501200740978075,4.884160663067082
George,20110114,3,deep_anesthesia,3,1,2279.91,2359.91,0.001,0.9176555574912926,0.9682584483492505,9;17;21,BP011-020;BP027-038;BP032-043,1.3473563193063656,3.805418416150228,1.4504818636990373,3.9424975018079547,0.928902561987449,0.96523039378088,0.8404415607770769,1.0358967713634513,0.3694110703298251,1.3820563896363773,0.3104684165163287,1.431667751866551,0.598685110030385,0.9215914888477111,0.4183115829383165,5.448094828761374
George,20110114,3,deep_anesthesia,4,1,2490.5,2570.5,0.001,0.9275173386640113,0.9717007994975569,9;17;21,BP011-020;BP027-038;BP032-043,1.2451433272531764,3.5167321965099285,1.439689965525197,3.9131644693482257,0.8648690739460353,0.8986926626919091,0.9351109249669167,1.1525826818277218,0.4044067806164176,1.51298382764809,0.3781651986851112,1.7438389576326072,0.47290100575886884,0.7279645587857976,0.4708698737421382,6.13261460783491
George,20110114,3,deep_anesthesia,5,1,2701.09,2781.09,0.001,0.9214167498063527,0.9644987749750416,9;17;21,BP011-020;BP027-038;BP032-043,1.2386502470967797,3.498393404869858,1.2753470742536837,3.4664705433549012,0.971226007494173,1.0092090387371535,0.7769560419195639,0.9576469000077023,0.3938310328883206,1.4734173909688946,0.30598940049800316,1.4110135968787985,0.6731374610144576,1.0362004073627238,0.3790138465358469,4.936280661502485
George,20110114,3,deep_anesthesia,6,1,2911.68,2991.68,0.001,0.90497202686488,0.9505681714432579,9;17;21,BP011-020;BP027-038;BP032-043,1.3043277121105195,3.683890167165087,1.3819397608323907,3.7561959174287596,0.9438383271676598,0.9807502718566479,0.7905573982555673,0.9744114221020194,0.34403761882752754,1.2871281549611973,0.27198148484233076,1.2541923759032887,0.6652387545407259,1.0240414601346426,0.35475298786081955,4.620306961323551
George,20110114,3,recovery_eyes_closed,1,2,273.88,353.88,0.001,0.5376786774701026,0.9057090176604448,9;17;21,BP011-020;BP027-038;BP032-043,1.140443751932463,3.221022972172253,1.2175764970525256,3.309446617724606,0.9366505962403321,0.9732814407463842,0.7471076328278232,0.9208568695624194,0.3918945341636194,1.4661724796737174,0.2927873977371442,1.3501349998709096,0.6790228169074799,1.0452600846604836,0.3339075583938903,4.348815850117974
George,20110114,3,recovery_eyes_closed,2,2,932.934,1012.934,0.001,0.4971240430415893,0.874266020487817,9;17;21,BP011-020;BP027-038;BP032-043,0.7540295933966638,2.129650531131313,0.7858341091482615,2.1359446744487802,0.9595276975364819,0.9970532273645657,0.7325507851756609,0.9029146446798683,0.36814389368769806,1.3773155745506624,0.26968409837854823,1.24359840260746,0.7106827478854769,1.093996093687578,0.2033497910459226,2.6484299986270314
George,20110114,3,recovery_eyes_closed,3,2,1591.9879999999998,1671.9879999999998,0.001,0.3942681396694079,0.8926170373182735,9;17;21,BP011-020;BP027-038;BP032-043,0.2992845992070409,0.8452872556228732,0.3008048749101481,0.8176058574359273,0.9949459738524473,1.0338566534659583,0.8102675608075748,0.9987054298041077,0.5723458419372538,2.141284578247599,0.4637532692848564,2.1385125350516754,0.6371002181516827,0.9807261425990892,0.13879421132887323,1.8076573918689463
George,20110114,3,recovery_eyes_closed,4,2,2251.042,2331.042,0.001,0.3872575714903759,0.8939639590071191,9;17;21,BP011-020;BP027-038;BP032-043,0.16283575945094717,0.459906699470152,0.17255150420955076,0.469005432818367,0.9436936536536676,0.9805999404025268,0.8849082536652583,1.0907047505803373,0.618019591304286,2.312161149691432,0.5468906372719923,2.5218851500757387,0.5594911802928211,0.8612579488022589,0.08905335225679738,1.1598318758141233
George,20110114,3,recovery_eyes_closed,5,2,2910.096,2990.096,0.001,0.36782815667773094,0.8619757380679068,9;17;21,BP011-020;BP027-038;BP032-043,0.33033959900987825,0.9329977346326854,0.3606651131364029,0.9803096082176098,0.9159178056818165,0.9517378252867006,0.8782251833877736,1.082467448611548,0.47519359387410665,1.7778144605726485,0.4173269811247825,1.92442628324079,0.5297112122910387,0.8154158782566813,0.1378596276007637,1.795485362731257
George,20110114,3,recovery_eyes_closed,6,2,3569.15,3649.15,0.001,0.37833436203646975,0.8638493864024867,9;17;21,BP011-020;BP027-038;BP032-043,0.2968581678569499,0.8384341415558281,0.3339100163685687,0.9075876357423283,0.8890364268955588,0.923805160556271,0.745511680869401,0.9188897589884824,0.4565998204779509,1.7082506456424027,0.3404004996491839,1.5696940240662667,0.7066487932035705,1.0877863880527519,0.10105066866344718,1.3160850615733162
George,20110114,3,recovery_eyes_open,1,2,3709.15,3789.15,0.001,0.3701432987203075,0.8342560473480775,9;17;21,BP011-020;BP027-038;BP032-043,0.16034324472527156,0.4528669422034962,0.1762108509488609,0.4789517587525552,0.9099510266357299,0.9455376954518391,0.9695045154623406,1.1949749325356287,0.5017735902092338,1.8772566720328396,0.48647176144760235,2.2432746650145012,0.43927844765751384,0.6762073614539251,0.07800246069772687,1.0159049380676908
George,20110114,3,recovery_eyes_open,2,2,3808.744,3888.744,0.001,0.39187984938185005,0.8126303395777537,9;17;21,BP011-020;BP027-038;BP032-043,0.24624263888503,0.6954776991263385,0.30507799021055837,0.829220443470007,0.8071465224845573,0.8387126783994853,0.8801390385535912,1.0848263947651564,0.4230941152368618,1.582897677805311,0.37238164780225386,1.7171691810956733,0.564901445364191,0.869586290627783,0.09169623962718285,1.1942528710790787
George,20110114,3,recovery_eyes_open,3,2,3908.338,3988.338,0.001,0.39722362421766555,0.89251050547838,9;17;21,BP011-020;BP027-038;BP032-043,0.7378382286130649,2.083920298640302,0.8089395599350209,2.198746688237935,0.9121055084416105,0.9477764354521191,0.6541119661202035,0.8062338958911222,0.17416856515221685,0.6516068349752071,0.11392574258805133,0.5253475171513448,0.7703185690491227,1.1857970493052497,0.08405876810459567,1.0947823548319704
George,20110114,3,recovery_eyes_open,4,2,4007.932,4087.932,0.001,0.39238200719519234,0.8198536605931387,9;17;21,BP011-020;BP027-038;BP032-043,0.23372332988648986,0.6601186717199534,0.26007119901096704,0.706889260771677,0.898689784856315,0.9338360452658929,0.8942700244060208,1.1022437183529854,0.45455934433856277,1.7006167296262311,0.4064987959556313,1.8744941075565105,0.5488601351339011,0.8448929506222991,0.09500825218559884,1.2373885604270825
George,20110114,3,recovery_eyes_open,5,2,4107.526,4187.526,0.001,0.3960816549371754,0.8176499982745882,9;17;21,BP011-020;BP027-038;BP032-043,0.25960405791151175,0.733215147862579,0.2708481319879621,0.7361816169205511,0.9584856871859464,0.9959704657250464,0.8781099424839375,1.082325406992256,0.3644516881675739,1.3635021384065256,0.3200286509350022,1.4757530068856544,0.5680891522427985,0.8744933168408067,0.08308073643067322,1.0820444591523104
George,20110114,3,recovery_eyes_open,6,2,4207.12,4287.12,0.001,0.39856326498124217,0.8039759656189147,9;17;21,BP011-020;BP027-038;BP032-043,0.5003616109430422,1.4132009934814371,0.5641974544310675,1.5335228314736267,0.8868554918376992,0.921538932761394,0.652952986918438,0.8048053815610167,0.39560253361406295,1.4800450047409228,0.25830985595580414,1.191148184767995,0.7738237474536703,1.1911927782625975,0.12924833564851076,1.6833317980977345
George,20110114,4,eyes_open,1,1,56.99,136.99,0.001,0.35967983240632173,0.7944741005332567,9;17;21;39,BP011-020;BP027-038;BP032-043;BP082-095,0.3960491432092966,0.8417664501993208,0.43046696173678445,0.8588073090189138,0.9200453888757828,0.9801575293542155,0.8913898729080929,1.1331245715779974,0.6166884551408609,1.4458120688460485,0.5497098436519001,1.6382851810934767,0.4300923150615597,0.7735824817297824,0.21771211259205153,1.3790535013032095
George,20110114,4,eyes_open,2,1,151.774,231.774,0.001,0.3210124961951468,0.7675885340903319,9;17;21;39,BP011-020;BP027-038;BP032-043;BP082-095,0.4063195147486055,0.863595191256093,0.43873590473175167,0.8753043443623157,0.9261141164114072,0.9866227636345697,0.9133740341497695,1.1610705849281455,0.6513351713000466,1.52704050753539,0.5949126329939547,1.773001815293087,0.40869860520169615,0.7351028377388606,0.24172461235591883,1.531155841775435
George,20110114,4,eyes_open,3,1,246.558,326.558,0.001,0.3671767068439453,0.7658287878765422,9;17;21;39,BP011-020;BP027-038;BP032-043;BP082-095,0.44916109550327404,0.9546510765448719,0.47486578576671806,0.9473856157835262,0.9458695677096609,1.0076689582787648,0.904768986900504,1.1501319476673004,0.5451823095156262,1.2781675354032862,0.4932640458565301,1.4700613169384948,0.4502044914012164,0.8097571045746284,0.22155501920929613,1.403395618802307
George,20110114,4,eyes_open,4,1,341.342,421.342,0.001,0.33510194940571736,0.7765508572139157,9;17;21;39,BP011-020;BP027-038;BP032-043;BP082-095,0.5094887847239535,1.0828720957661735,0.5622682367654905,1.1217587278129948,0.9061311868777142,0.9653342282233582,0.8221718581092938,1.0451354259211278,0.6791855293742012,1.5923350391414652,0.5584072286865314,1.6642057593422508,0.5187247774802982,0.9330006295055585,0.2845022203245713,1.8021219784050788
George,20110114,4,eyes_open,5,1,436.126,516.126,0.001,0.2981531288980812,0.7477727448114573,9;17;21;39,BP011-020;BP027-038;BP032-043;BP082-095,0.46913344445306804,0.9971004886086816,0.5011352689416897,0.9997948043163501,0.9361413445192075,0.9973051313169098,0.9081734572405146,1.1544596712736828,0.5192063169716403,1.2172674111877757,0.47152939590524906,1.4052861353720063,0.4381942766112405,0.7881550172134361,0.2212102096619041,1.4012114922144365
George,20110114,4,eyes_open,6,1,530.91,610.91,0.001,0.3474727254294634,0.7978341082303456,9;17;21;39,BP011-020;BP027-038;BP032-043;BP082-095,0.6194683994060828,1.316623768841607,0.6606148511511212,1.3179660997118146,0.9377149156224074,0.9989815133556919,0.8565809561067134,1.0888758762131083,0.4614382458627296,1.0818314812510912,0.3952592138253016,1.1779802020622068,0.4894100196556864,0.8802738489630489,0.24485059253886593,1.5509567332599403
George,20110114,4,eyes_closed,1,1,725.39,805.39,0.001,0.4544616034852892,0.8213802202809299,9;17;21;39,BP011-020;BP027-038;BP032-043;BP082-095,0.6369062712132747,1.353686380140866,0.7164743883110953,1.4294092139472176,0.8889449247650261,0.9470250834628049,0.8542854801372669,1.085957893517208,0.62420700466449,1.4634391373453228,0.533250980684849,1.5892332828821667,0.4950540654152048,0.8904254717025061,0.3396308937288088,2.151323449904145
George,20110114,4,eyes_closed,2,1,817.578,897.578,0.001,0.4405437039008625,0.8055846302181863,9;17;21;39,BP011-020;BP027-038;BP032-043;BP082-095,0.6544406629330087,1.390954135739885,0.7013551364570025,1.3992454031246528,0.9331088187918761,0.9940744723075362,0.79200299850876,1.0067851179932112,0.46827607357744416,1.0978626129387536,0.3708760544032445,1.1053117403078785,0.5578204245988752,1.003319736970875,0.24271637090963805,1.5374379364630955
George,20110114,4,eyes_closed,3,1,909.766,989.766,0.001,0.3926002603696811,0.8171530633340754,9;17;21;39,BP011-020;BP027-038;BP032-043;BP082-095,0.6642996712837451,1.411908561735194,0.7007335627352191,1.3980053264107328,0.9480060705109382,1.0099450517546715,0.8169710822067195,1.0385242593086423,0.5517060211517032,1.2934622290828641,0.45072786516027025,1.3432919034019868,0.5366066470419355,0.9651637269361175,0.29941837266439203,1.8966053393228344
George,20110114,4,eyes_closed,4,1,1001.954,1081.954,0.001,0.5260645910068686,0.8718643055412372,9;17;21;39,BP011-020;BP027-038;BP032-043;BP082-095,0.7049344605278223,1.4982741122813,0.7233978019635918,1.443221837857159,0.9744769179756247,1.038145400090315,0.7017499447952196,0.8920564723904517,0.40505148459054735,0.9496340008363806,0.28424485695063834,0.847127156848133,0.6378454197271703,1.147256124959811,0.20037399489230656,1.2692286889160214
George,20110114,4,eyes_closed,5,1,1094.1419999999998,1174.1419999999998,0.001,0.4544691961814158,0.8179236911428573,9;17;21;39,BP011-020;BP027-038;BP032-043;BP082-095,0.7483820469637874,1.5906180075554357,0.7926489032653564,1.5813819226999315,0.9441532611485243,1.0058405150096412,0.7192254333086766,0.9142711127366843,0.4240429975240287,0.9941591713272102,0.3049825086357296,0.9089310118067084,0.6258172118366447,1.1256216744363627,0.22824343410095854,1.445762035005336
George,20110114,4,eyes_closed,6,1,1186.33,1266.33,0.001,0.36082956025016,0.7986701801630943,9;17;21;39,BP011-020;BP027-038;BP032-043;BP082-095,0.5481743859834565,1.1650948244461576,0.6173729975036675,1.2316960179891037,0.8879144183499863,0.9459272478190838,0.8014130709761745,1.0187470940681362,0.6387138125788692,1.4974500188336912,0.5118735980137323,1.525522855199099,0.5382808961246927,0.9681751031340106,0.2805959952923205,1.777378783166798
George,20110114,4,deep_anesthesia,1,1,1858.73,1938.73,0.001,0.8855385974256141,0.953042983262478,9;17;21;39,BP011-020;BP027-038;BP032-043;BP082-095,1.4809874107861938,3.1477041093068947,1.5174305157791002,3.027364545287173,0.9759836746302711,1.039750602287742,0.7313241143841038,0.9296508172037394,0.3718253717648761,0.8717361343792841,0.2719248607114882,0.8104102097117303,0.6185511996285328,1.112552713286881,0.40271729539350337,2.550931547333879
George,20110114,4,deep_anesthesia,2,1,2069.32,2149.32,0.001,0.901435266745768,0.9430374939382309,9;17;21;39,BP011-020;BP027-038;BP032-043;BP082-095,1.4965334493099016,3.180745800943248,1.55786674198328,3.1080372326246186,0.9606299492629925,1.0233937250028469,0.780659390202544,0.9923652533606963,0.33101241248608826,0.7760510788237759,0.25840794808086265,0.770126125457798,0.5626390110374958,1.0119866531771877,0.3867161378705477,2.4495754397465888
George,20110114,4,deep_anesthesia,3,1,2279.91,2359.91,0.001,0.9176555574912926,0.9682584483492505,9;17;21;39,BP011-020;BP027-038;BP032-043;BP082-095,1.4813267190848038,3.148425278250046,1.605760251681884,3.2035876461053165,0.9225080254248742,0.9827810648719624,0.7642852661044264,0.9715506548134705,0.376310527572222,0.8822514802445386,0.2876085917034328,0.857152003341735,0.5594479658309393,1.0062471024255157,0.4260422915286471,2.69867903462379
George,20110114,4,deep_anesthesia,4,1,2490.5,2570.5,0.001,0.9275173386640113,0.9717007994975569,9;17;21;39,BP011-020;BP027-038;BP032-043;BP082-095,1.4273172965923249,3.0336331605840225,1.6211010848971017,3.234193524982788,0.8804616256751953,0.9379875190369653,0.8583107429438254,1.0910747613791796,0.41790636472532877,0.9797719751855049,0.35869352238835017,1.069004474031532,0.4457911422698578,0.8018190655671477,0.511969468680519,3.2429674212347437
George,20110114,4,deep_anesthesia,5,1,2701.09,2781.09,0.001,0.9214167498063527,0.9644987749750416,9;17;21;39,BP011-020;BP027-038;BP032-043;BP082-095,1.3730058613847154,2.918199142347099,1.4202977805803296,2.8335789348952884,0.9667028141265623,1.0298633669278523,0.733175883079513,0.9320047643074928,0.39326472367909465,0.9220002077333646,0.2883322110674409,0.8593085862999938,0.6137370204302846,1.1038937241321,0.39588181582161125,2.507633579552143
George,20110114,4,deep_anesthesia,6,1,2911.68,2991.68,0.001,0.90497202686488,0.9505681714432579,9;17;21;39,BP011-020;BP027-038;BP032-043;BP082-095,1.5049854613096365,3.1987097841005077,1.5852351572990437,3.1626388564393983,0.9493767876520363,1.0114053261527682,0.776017781894978,0.9864648941746704,0.3690250027307619,0.8651707328171285,0.28636996408291404,0.8534605553914707,0.5815380620056987,1.0459792967058856,0.4309826325005491,2.729972628874558
George,20110114,4,recovery_eyes_closed,1,2,273.88,353.88,0.001,0.5376786774701026,0.9057090176604448,9;17;21;39,BP011-020;BP027-038;BP032-043;BP082-095,1.2331446599418145,2.62093687306102,1.3556842801484872,2.704671140884157,0.9096105029754782,0.9690408691254921,0.6530002512357964,0.8300864216775518,0.3692388633740801,0.8656721242354096,0.2411130705492942,0.7185826759525762,0.645632049515348,1.1612614912146983,0.2973272953900357,1.8833598317469646
George,20110114,4,recovery_eyes_closed,2,2,932.934,1012.934,0.001,0.4971240430415893,0.874266020487817,9;17;21;39,BP011-020;BP027-038;BP032-043;BP082-095,0.8449276609643157,1.7958169334286098,0.9027618506520158,1.8010638319729173,0.9359363827282582,0.9970867781301455,0.6988072023029884,0.8883156919226468,0.358350445750365,0.8401444765556627,0.2504178724388414,0.7463135220065334,0.638236214195318,1.1479590246488525,0.21158498722341082,1.3402424604660808
George,20110114,4,recovery_eyes_closed,3,2,1591.9879999999998,1671.9879999999998,0.001,0.3942681396694079,0.8926170373182735,9;17;21;39,BP011-020;BP027-038;BP032-043;BP082-095,0.34413417558719395,0.7314259059593953,0.357632112134935,0.7134974321889018,0.9622574816697437,1.0251275939641318,0.7971663425663287,1.013348701674115,0.589385968097674,1.3818020084217195,0.4698386565483376,1.400247271204834,0.55537048898368,0.9989131777115923,0.16168753873025674,1.0241771289081667
George,20110114,4,recovery_eyes_closed,4,2,2251.042,2331.042,0.001,0.3872575714903759,0.8939639590071191,9;17;21;39,BP011-020;BP027-038;BP032-043;BP082-095,0.2062496486839013,0.43836487871343877,0.2177801854662952,0.4344844823475954,0.9470542429849366,1.008931035568582,0.8822955672398112,1.1215639946325224,0.686366795295849,1.609171353900657,0.6055783809901224,1.8047886517290452,0.46027382072260425,0.8278682321000732,0.12490032832977856,0.7911559584185949
George,20110114,4,recovery_eyes_closed,5,2,2910.096,2990.096,0.001,0.36782815667773094,0.8619757380679068,9;17;21;39,BP011-020;BP027-038;BP032-043;BP082-095,0.3747887840459921,0.79657948951601,0.41234617533466716,0.822655257431678,0.9089178133926116,0.9683029219346677,0.8320549116423819,1.0576986500960084,0.48296555929333557,1.1323017783814184,0.40185386576412985,1.1976340624953359,0.4702186236255695,0.8457553810692154,0.15061032171391958,0.9540107301295212
George,20110114,4,recovery_eyes_closed,6,2,3569.15,3649.15,0.001,0.37833436203646975,0.8638493864024867,9;17;21;39,BP011-020;BP027-038;BP032-043;BP082-095,0.3513887732822864,0.7468448938656386,0.39718528352850646,0.7924083724167551,0.884697363811232,0.9425000036128429,0.734687455766284,0.9339262581511669,0.4888705794786727,1.1461459640144864,0.359167082236175,1.0704158114671114,0.6181456665573498,1.1118233041143777,0.12620728043034776,0.7994345831072579
George,20110114,4,recovery_eyes_open,1,2,3709.15,3789.15,0.001,0.3701432987203075,0.8342560473480775,9;17;21;39,BP011-020;BP027-038;BP032-043;BP082-095,0.20175209869272115,0.42880574506655944,0.22435058046358763,0.4475928129475785,0.8992715698610183,0.9580264308595604,0.9630629928093425,1.2242346186517938,0.6185535269777955,1.450184687384025,0.5957060109040101,1.7753662977342526,0.3604257014253852,0.6482771228961375,0.12018493790375308,0.7612872680659963
George,20110114,4,recovery_eyes_open,2,2,3808.744,3888.744,0.001,0.39187984938185005,0.8126303395777537,9;17;21;39,BP011-020;BP027-038;BP032-043;BP082-095,0.3214675964017756,0.6832501524545116,0.38559027214548364,0.7692756319069586,0.8337025584516964,0.8881733986046091,0.8952092543579414,1.1379797254232316,0.5501769377062232,1.2898773276933242,0.49252348616892366,1.4678542471981009,0.44832816574416184,0.8063822647844551,0.15833034127014703,1.0029116381791057
George,20110114,4,recovery_eyes_open,3,2,3908.338,3988.338,0.001,0.39722362421766555,0.89251050547838,9;17;21;39,BP011-020;BP027-038;BP032-043;BP082-095,0.8049036243487879,1.7107494820727156,0.8862684706668322,1.7681585534248205,0.908193906236081,0.9675317175369218,0.6082531146395787,0.7732043754192595,0.1828545541337456,0.4286983468008099,0.1112218520778822,0.3314714374813893,0.7102796661232329,1.277539466761146,0.08952287184427216,0.5670645899931859
George,20110114,4,recovery_eyes_open,4,2,4007.932,4087.932,0.001,0.39238200719519234,0.8198536605931387,9;17;21;39,BP011-020;BP027-038;BP032-043;BP082-095,0.3292612401235986,0.699814833687442,0.3587687058331396,0.7157650045281695,0.9177535129742763,0.9777159113119231,0.8545989913733041,1.0863564254007492,0.5845742336741871,1.3705210064124147,0.49957655048078253,1.488874301462828,0.49840405290377726,0.8964509028586118,0.1644911945479719,1.0419363216597157
George,20110114,4,recovery_eyes_open,5,2,4107.526,4187.526,0.001,0.3960816549371754,0.8176499982745882,9;17;21;39,BP011-020;BP027-038;BP032-043;BP082-095,0.34423323413519064,0.7316364458980337,0.3743999969284556,0.7469503642312636,0.9194263807672265,0.9794980776949076,0.8852685128561935,1.1253431689649587,0.5277220096683228,1.237232259196217,0.4671756787005579,1.392310871309546,0.43661021944782324,0.7853058640694122,0.16081739478839566,1.0186653774701113
George,20110114,4,recovery_eyes_open,6,2,4207.12,4287.12,0.001,0.39856326498124217,0.8039759656189147,9;17;21;39,BP011-020;BP027-038;BP032-043;BP082-095,0.5821452954051904,1.2372969042240805,0.6490805061916775,1.2949543923418705,0.8968768740580223,0.9554752750685537,0.6541936151607715,0.8316034121968768,0.4265683014444597,1.000079688981184,0.2790582592349408,0.8316696818255441,0.6764646483620654,1.2167183257098892,0.16245245275758224,1.029022322659769
George,20110114,5,eyes_open,1,1,56.99,136.99,0.001,0.35967983240632173,0.7944741005332567,2;9;17;21;39,BP004-109;BP011-020;BP027-038;BP032-043;BP082-095,0.4510772288450212,0.8759237280996574,0.4869871681377308,0.8927828187183624,0.9262610153979387,0.9811162465660942,0.865206843175214,1.1826193817815707,0.6468035505118539,1.3946997662820568,0.5596188580928811,1.6493989753713871,0.390225640540661,0.7500965996250554,0.2524313237179521,1.4447476996310638
George,20110114,5,eyes_open,2,1,151.774,231.774,0.001,0.3210124961951468,0.7675885340903319,2;9;17;21;39,BP004-109;BP011-020;BP027-038;BP032-043;BP082-095,0.5043867755586398,0.9794428018074078,0.5353014348172759,0.9813562966508972,0.9422481292821702,0.9980501527834289,0.8421561825846717,1.151112282418831,0.6571931302550477,1.417102773235457,0.5534592577964619,1.6312444077211221,0.42299610102560137,0.8130883880268729,0.27915753044303543,1.5977105931310447
George,20110114,5,eyes_open,3,1,246.558,326.558,0.001,0.3671767068439453,0.7658287878765422,2;9;17;21;39,BP004-109;BP011-020;BP027-038;BP032-043;BP082-095,0.498388628946893,0.9677953086379961,0.5284459211006588,0.968788234779598,0.9431213470412226,0.9989750844343938,0.8603079006423471,1.1759231975854996,0.5725733251723272,1.234637444654147,0.49258935534281273,1.4518388117764949,0.40670984113274966,0.7817827358680034,0.2455009334431381,1.4050827909358556
George,20110114,5,eyes_open,4,1,341.342,421.342,0.001,0.33510194940571736,0.7765508572139157,2;9;17;21;39,BP004-109;BP011-020;BP027-038;BP032-043;BP082-095,0.5817868821693506,1.12974209780902,0.6379187024763999,1.1694822668283673,0.9120078779801476,0.9660190067463592,0.7767103845722245,1.0616568304697436,0.7150254720406549,1.5418064077595726,0.5553677093676335,1.636869304059969,0.4717040795044493,0.9067154725541062,0.32310564809052916,1.8492401614079015
George,20110114,5,eyes_open,5,1,436.126,516.126,0.001,0.2981531288980812,0.7477727448114573,2;9;17;21;39,BP004-109;BP011-020;BP027-038;BP032-043;BP082-095,0.5271640318229409,1.0236727871560203,0.5672944698841272,1.0400084211731202,0.9292599519445639,0.9842927867846748,0.8558728752037839,1.1698611245867576,0.5675096124402752,1.2237185822602663,0.4857160837050434,1.431580796820708,0.3950104223984633,0.7592939670674216,0.2560520490071999,1.465470304320494
George,20110114,5,eyes_open,6,1,530.91,610.91,0.001,0.3474727254294634,0.7978341082303456,2;9;17;21;39,BP004-109;BP011-020;BP027-038;BP032-043;BP082-095,0.665568820386508,1.292433945186227,0.717485539980225,1.3153503925426784,0.9276407443763286,0.9825776861539136,0.7867442639558846,1.0753717708070474,0.48728633565339874,1.050733469088741,0.3833697294793933,1.1299291113001915,0.45774949375528046,0.8798917935536046,0.25515893862149425,1.4603587390984751
George,20110114,5,eyes_closed,1,1,725.39,805.39,0.001,0.4544616034852892,0.8213802202809299,2;9;17;21;39,BP004-109;BP011-020;BP027-038;BP032-043;BP082-095,0.7531030747899362,1.4624122228523286,0.837576151708639,1.5355098584491458,0.8991457949866656,0.9523952026783825,0.8398213248709083,1.1479208513664998,0.6607409038335549,1.4247528224302242,0.5549043012538974,1.6355034729109263,0.43386113402131604,0.83397329014045,0.4179001354884716,2.3917802693023775
George,20110114,5,eyes_closed,2,1,817.578,897.578,0.001,0.4405437039008625,0.8055846302181863,2;9;17;21;39,BP004-109;BP011-020;BP027-038;BP032-043;BP082-095,0.7399565259864325,1.436883614216743,0.7917467913880815,1.4514919044576458,0.9345873378143398,0.9899356722582885,0.7832825902969154,1.0706401365223763,0.49084528448470977,1.0584076154339666,0.3844705658662098,1.1331736738845448,0.4940277546628394,0.9496263197353485,0.2844915042623984,1.628238684066492
George,20110114,5,eyes_closed,3,1,909.766,989.766,0.001,0.3926002603696811,0.8171530633340754,2;9;17;21;39,BP004-109;BP011-020;BP027-038;BP032-043;BP082-095,0.7451771108974256,1.4470212002123972,0.7870844873170968,1.4429446053858177,0.9467561906060183,1.0028251914947834,0.7951502426862264,1.0868615936716737,0.5922631460676151,1.2770945223542645,0.4709381843297721,1.3880249878353208,0.48205849000360784,0.9266188497278353,0.35093235561013886,2.008501583822268
George,20110114,5,eyes_closed,4,1,1001.954,1081.954,0.001,0.5260645910068686,0.8718643055412372,2;9;17;21;39,BP004-109;BP011-020;BP027-038;BP032-043;BP082-095,0.7831849752968363,1.5208267220896197,0.8088418577496609,1.4828319120205387,0.9682794823153608,1.0256231402636247,0.6881833236291841,0.9406524499459106,0.44331201087103167,0.955911818144117,0.3050799330459636,0.8991807936695135,0.5714688523034124,1.0984845647521133,0.2389340198261635,1.3674981790023517
George,20110114,5,eyes_closed,5,1,1094.1419999999998,1174.1419999999998,0.001,0.4544691961814158,0.8179236911428573,2;9;17;21;39,BP004-109;BP011-020;BP027-038;BP032-043;BP082-095,0.8059964332699093,1.5651231219817716,0.8515763589101938,1.5611761290735706,0.9464758207958996,1.002528217562834,0.6824682248363345,0.9328406918044512,0.4355357242508619,0.9391438441230865,0.29723929258229304,0.8760715932556717,0.5836180268013473,1.121837859698407,0.2395738096489995,1.371159907115866
George,20110114,5,eyes_closed,6,1,1186.33,1266.33,0.001,0.36082956025016,0.7986701801630943,2;9;17;21;39,BP004-109;BP011-020;BP027-038;BP032-043;BP082-095,0.6230107199090592,1.2097925533197038,0.6965808417871082,1.2770262710906137,0.894383943019016,0.9473513432785603,0.7802311869268033,1.06646928559165,0.670034349323235,1.4447922397187574,0.522781695654196,1.540826547721223,0.4958181568762905,0.9530678532296882,0.32569860056479905,1.864080483390445
George,20110114,5,deep_anesthesia,1,1,1858.73,1938.73,0.001,0.8855385974256141,0.953042983262478,2;9;17;21;39,BP004-109;BP011-020;BP027-038;BP032-043;BP082-095,1.6449726730689647,3.194288038227869,2.1052908534868187,3.8595832197910505,0.7813517407081938,0.8276251233159836,0.730093757248855,0.9979382787491109,0.39898154837326716,0.8603222289467792,0.2912939377248044,0.8585484843247474,0.5449960078448542,1.04759813252471,0.47917056738795544,2.7424511537172096
George,20110114,5,deep_anesthesia,2,1,2069.32,2149.32,0.001,0.901435266745768,0.9430374939382309,2;9;17;21;39,BP004-109;BP011-020;BP027-038;BP032-043;BP082-095,1.7822399746965134,3.460840368735984,2.192639819944768,4.019718150624398,0.8128284264861192,0.8609659282202156,0.7932526722991727,1.0842678745677092,0.3657165504740955,0.7885930543641212,0.29010563096761155,0.8550461149542437,0.469251058268663,0.9020002444998398,0.5170378523950324,2.9591781117645226
George,20110114,5,deep_anesthesia,3,1,2279.91,2359.91,0.001,0.9176555574912926,0.9682584483492505,2;9;17;21;39,BP004-109;BP011-020;BP027-038;BP032-043;BP082-095,1.799154237606418,3.493685308091572,2.7385083573756765,5.020446883089492,0.6569832926602988,0.695891300007465,0.7906812804948363,1.0807531337748573,0.4097316181138501,0.8835025589601843,0.3239671204694803,0.9548481592943248,0.44146788782608143,0.8485950873017898,0.5828668176378138,3.3359389855848662
George,20110114,5,deep_anesthesia,4,1,2490.5,2570.5,0.001,0.9275173386640113,0.9717007994975569,2;9;17;21;39,BP004-109;BP011-020;BP027-038;BP032-043;BP082-095,1.5577610039336423,3.0249361723436095,1.8451968833866186,3.382758689391858,0.8442248184782183,0.894221684162586,0.8284951425548754,1.132439509726418,0.43319756925362196,0.9341020903701871,0.35890208189320505,1.0578141132532368,0.4073037871380936,0.7829244262970385,0.5590836674038336,3.1998201747953035
George,20110114,5,deep_anesthesia,5,1,2701.09,2781.09,0.001,0.9214167498063527,0.9644987749750416,2;9;17;21;39,BP004-109;BP011-020;BP027-038;BP032-043;BP082-095,1.4816235617055211,2.877088779525336,1.5586250185975723,2.857392819506385,0.9505965476151949,1.0068929829614235,0.70094630883615,0.9580977045624332,0.40245862775975055,0.8678198405536339,0.28210188958745924,0.8314561972081735,0.5682107290863111,1.0922217596147548,0.41796880641442885,2.3921732956544446
George,20110114,5,deep_anesthesia,6,1,2911.68,2991.68,0.001,0.90497202686488,0.9505681714432579,2;9;17;21;39,BP004-109;BP011-020;BP027-038;BP032-043;BP082-095,1.5561826136862837,3.021871177301846,1.6693381714838527,3.0603607972479576,0.9322153175848208,0.9874231757312003,0.7210949625332714,0.9856381575384798,0.3621918016052783,0.7809926532536883,0.2611746836084162,0.769776159804054,0.5520874482234939,1.0612293877827998,0.4064355017664342,2.32616439028598
George,20110114,5,recovery_eyes_closed,1,2,273.88,353.88,0.001,0.5376786774701026,0.9057090176604448,2;9;17;21;39,BP004-109;BP011-020;BP027-038;BP032-043;BP082-095,1.4335893955484085,2.7838136966659612,1.9081130879111143,3.49810157744626,0.7513125949562112,0.7958069927455468,0.6874735311942276,0.93968226079722,0.40623447377665356,0.8759616813847863,0.2792754481800649,0.82312565313539,0.5491721617404013,1.0556255876971088,0.40036632094796915,2.291428467275413
George,20110114,5,recovery_eyes_closed,2,2,932.934,1012.934,0.001,0.4971240430415893,0.874266020487817,2;9;17;21;39,BP004-109;BP011-020;BP027-038;BP032-043;BP082-095,0.9680443817603034,1.8797957192575139,1.0775499116228069,1.9754484519318005,0.8983754453679214,0.9515792312470887,0.6914226277269331,0.9450801354637731,0.3799888077288987,0.8193682624498514,0.2627328599467395,0.7743686684708221,0.5736513772147362,1.1026798413933734,0.25433706897525804,1.4556549081185963
George,20110114,5,recovery_eyes_closed,3,2,1591.9879999999998,1671.9879999999998,0.001,0.3942681396694079,0.8926170373182735,2;9;17;21;39,BP004-109;BP011-020;BP027-038;BP032-043;BP082-095,0.4660610808512528,0.9050201015614647,0.6108028827530335,1.1197714334668623,0.7630302574058015,0.8082186011474523,0.8288880622604307,1.1329765772068001,0.6339790523596465,1.3670463550393173,0.5254976682240915,1.5488315002154778,0.38551984419405544,0.7410510591187313,0.24491401123733367,1.4017236416266132
George,20110114,5,recovery_eyes_closed,4,2,2251.042,2331.042,0.001,0.3872575714903759,0.8939639590071191,2;9;17;21;39,BP004-109;BP011-020;BP027-038;BP032-043;BP082-095,0.36467633545593653,0.7081462660400284,0.41358152299677226,0.7582098708737695,0.8817520009441587,0.9339713095847102,0.7950745826121043,1.0867581767017438,0.6370294053179439,1.373623818249976,0.5064858885448013,1.4927969161954315,0.44879156823257105,0.8626727572417693,0.1847034177946618,1.0571185621598647
George,20110114,5,recovery_eyes_closed,5,2,2910.096,2990.096,0.001,0.36782815667773094,0.8619757380679068,2;9;17;21;39,BP004-109;BP011-020;BP027-038;BP032-043;BP082-095,0.557253240883119,1.0821014784979552,0.6737732051513157,1.2352135346239146,0.8270635231894853,0.876044058914415,0.8283816541782951,1.1322843866424877,0.5989752175379561,1.2915677337389961,0.49618008151589627,1.4624219792038873,0.37861881731126695,0.7277858190603672,0.27649795848638314,1.5824889858844342
George,20110114,5,recovery_eyes_closed,6,2,3569.15,3649.15,0.001,0.37833436203646975,0.8638493864024867,2;9;17;21;39,BP004-109;BP011-020;BP027-038;BP032-043;BP082-095,0.4283023887815697,0.8316984346475113,0.4898717662982588,0.8980710888107226,0.8743153172881521,0.9260942090329332,0.7583882311922221,1.0366129535354767,0.5327215551296036,1.1487052410963154,0.40400975791270993,1.1907627327145336,0.5085178838048536,0.9774794269337729,0.17303834440507737,0.9903555008352725
George,20110114,5,recovery_eyes_open,1,2,3709.15,3789.15,0.001,0.3701432987203075,0.8342560473480775,2;9;17;21;39,BP004-109;BP011-020;BP027-038;BP032-043;BP082-095,0.2925608983821074,0.5681089986812111,0.32198224424493255,0.5902829363934183,0.9086243220280052,0.9624350691082345,0.9108253262952302,1.2449736069368162,0.6624134472136042,1.4283593206620373,0.6033429442006792,1.778269655446437,0.3635051621302312,0.6987341623227592,0.1765145537878569,1.0102509933408623
George,20110114,5,recovery_eyes_open,2,2,3808.744,3888.744,0.001,0.39187984938185005,0.8126303395777537,2;9;17;21;39,BP004-109;BP011-020;BP027-038;BP032-043;BP082-095,0.4211606544270796,0.8178302671124313,0.4893967395198746,0.897200232710357,0.8605710263625002,0.9115359507228878,0.8716516859410939,1.191428600094608,0.6321632821979457,1.3631310175026852,0.5510261907178948,1.6240732799287627,0.38162106652343086,0.7335567799899233,0.23207055108920965,1.3282162843343066
George,20110114,5,recovery_eyes_open,3,2,3908.338,3988.338,0.001,0.39722362421766555,0.89251050547838,2;9;17;21;39,BP004-109;BP011-020;BP027-038;BP032-043;BP082-095,0.8979072913434394,1.7436001017724432,0.9870499340452901,1.809536842012845,0.9096878084612076,0.9635615375661228,0.6073414286066174,0.8301526397932564,0.19630104042813137,0.4232831050314741,0.11922175433058667,0.3513895870217644,0.6421163163306878,1.2342840023943227,0.10705008250019031,0.6126829196929279
George,20110114,5,recovery_eyes_open,4,2,4007.932,4087.932,0.001,0.39238200719519234,0.8198536605931387,2;9;17;21;39,BP004-109;BP011-020;BP027-038;BP032-043;BP082-095,0.41707783635392365,0.8099020521658504,0.45157133931239657,0.8278557620017746,0.9236144990711859,0.9783129976742426,0.8406736974654674,1.1490859280863344,0.6387269738059026,1.3772842780163612,0.5369609667403369,1.5826179828431475,0.4277241477476417,0.8221766984827342,0.2239545182145708,1.2817655520992457
George,20110114,5,recovery_eyes_open,5,2,4107.526,4187.526,0.001,0.3960816549371754,0.8176499982745882,2;9;17;21;39,BP004-109;BP011-020;BP027-038;BP032-043;BP082-095,0.4033631793458047,0.7832702633546111,0.4326379164601485,0.7931455360903682,0.9323343239217906,0.9875492298873231,0.8864774324020521,1.211693367129695,0.5785741668853795,1.24757703431482,0.5128929419147077,1.5116808174626033,0.37602228936403387,0.7227947406131578,0.20688212771473946,1.1840546320020484
George,20110114,5,recovery_eyes_open,6,2,4207.12,4287.12,0.001,0.39856326498124217,0.8039759656189147,2;9;17;21;39,BP004-109;BP011-020;BP027-038;BP032-043;BP082-095,0.662051339403332,1.285603529329962,0.7380002960607505,1.3529596417328156,0.8970881758953028,0.9502157268219865,0.6407749893628779,0.8758517431512707,0.4141248058805278,0.8929755712010258,0.2653608180829991,0.7821142106279201,0.6175294718485034,1.1870228628750326,0.17568248503701336,1.0054887895223725
Kin2,20110513,3,eyes_open,1,1,89.72999999999999,169.73,0.01,0.3242697725296073,0.8604670704269778,9;27;37,BP019-020;BP055-056;BP075-076,0.3249098591410381,1.9389578911038254,0.3297644549713626,1.7460319279979273,0.9852785958063731,1.110493949172576,0.7834234671467423,0.8083519835870272,0.541014069777765,0.7209024983769684,0.42384311832046623,0.582742964535866,0.674447898096484,1.4898187866979409,0.1377108078714009,1.129914069572054
Kin2,20110513,3,eyes_open,2,1,301.67,381.67,0.01,0.31644433170800734,0.9110435554568391,9;27;37,BP019-020;BP055-056;BP075-076,0.35586395818583766,2.1236820320196923,0.38097155657515924,2.017162527407822,0.9340958715788844,1.052806604903946,0.862081762792867,0.8895131843648052,0.4331997924685344,0.5772397246807898,0.37345364073277826,0.5134623456426727,0.5932796449093923,1.3105225225641546,0.1328986907900781,1.0904307575600285
Kin2,20110513,3,eyes_open,3,1,513.61,593.61,0.01,0.291520279008046,0.9012596215364728,9;27;37,BP019-020;BP055-056;BP075-076,0.1614444173899004,0.963448532772667,0.1700451186475159,0.9003523632786384,0.9494210635034824,1.0700794178673152,0.9469664038875645,0.9770988527580129,0.7053451538369073,0.9398740476897145,0.667938163828457,0.9183498537346498,0.47179539993753805,1.042170421597281,0.10783488771176511,0.8847828191526426
Kin2,20110513,3,eyes_open,4,1,725.55,805.55,0.01,0.288122317964598,0.8793007971726137,9;27;37,BP019-020;BP055-056;BP075-076,0.17040906315713827,1.0169466651386383,0.19116510781701584,1.0121781675852903,0.8914234668821187,1.0047111246873897,0.935192356846802,0.9649501558152078,0.7017229034834782,0.9350473907219825,0.6562458959620949,0.9022741253717804,0.4791955306303554,1.0585169084961137,0.11183024833161744,0.9175646628377147
Kin2,20110513,3,eyes_open,5,1,937.49,1017.49,0.01,0.32435281483284994,0.9335684772288356,9;27;37,BP019-020;BP055-056;BP075-076,0.11778593601548504,0.7029087104406336,0.12136256563495426,0.642588706174461,0.97052938358087,1.0938703150033202,0.9522164202843766,0.9825159245540414,0.6046782477369439,0.8057351626489729,0.5757845564839021,0.7916476282757565,0.447767156386209,0.9890933362432355,0.06781932292871737,0.5564560135146989
Kin2,20110513,3,eyes_open,6,1,1149.43,1229.43,0.01,0.2822516462701363,0.8611659010927171,9;27;37,BP019-020;BP055-056;BP075-076,0.17081377618999127,1.0193618627899421,0.19268395102229405,1.020220115982272,0.8864971643135326,0.9991587568418964,0.9635073628833227,0.9941661446829666,0.7474345503837032,0.9959582658658296,0.7201586925680838,0.9901479894409647,0.4603882717797529,1.0169726948644915,0.12301302573360143,1.0093190989542589
Kin2,20110513,3,eyes_closed,1,1,1622.66,1702.66,0.01,0.35002031351334717,0.9009611208384966,9;27;37,BP019-020;BP055-056;BP075-076,0.24093876467459008,1.4378453158474735,0.270527150571793,1.4323831303457888,0.8906269265962246,1.0038133550905237,0.9801566986316289,1.0113452619062049,0.8016038912185522,1.068139037725085,0.7856974236270435,1.0802573548603178,0.42349475982736495,0.9354769301522565,0.1893049666567079,1.5532429775956909
Kin2,20110513,3,eyes_closed,2,1,1836.068,1916.068,0.01,0.3406643211002931,0.8542156373279705,9;27;37,BP019-020;BP055-056;BP075-076,0.23491689098356194,1.4019087039412736,0.2514235146458733,1.3312334831820256,0.9343473354687578,1.0530900263944039,0.9609660937863992,0.9915440124626896,0.7248191131220063,0.9658231434455532,0.6965265918385766,0.9576561549813316,0.43809135556893597,0.9677200176005277,0.16362586144209476,1.3425464990512626
Kin2,20110513,3,eyes_closed,3,1,2049.476,2129.476,0.01,0.37665789864330124,0.8653941865045529,9;27;37,BP019-020;BP055-056;BP075-076,0.29935480541929915,1.7864535220386843,0.31234157558940573,1.6537815255669093,0.9584212567744149,1.0802234118719494,0.8949003833858121,0.9233760926990638,0.7791461006863163,1.0382139799361705,0.697258144217745,0.9586619681790053,0.5618065425050093,1.2410001482338988,0.2087275760893246,1.7126050494979217
Kin2,20110513,3,eyes_closed,4,1,2262.884,2342.884,0.01,0.3491255125437228,0.8564320142003748,9;27;37,BP019-020;BP055-056;BP075-076,0.2449590113387135,1.461836859268759,0.2590712847748667,1.371726782632298,0.945527450298412,1.0656909799949685,0.8421368481151142,0.8689336229675008,0.7285060120779429,0.9707359448255429,0.6135017568442301,0.8435051014820389,0.5604369086625304,1.2379747014422617,0.15028278381112628,1.2330668483276794
Kin2,20110513,3,eyes_closed,5,1,2476.292,2556.292,0.01,0.37221705951278183,0.8803266878766561,9;27;37,BP019-020;BP055-056;BP075-076,0.1680378978559243,1.0027963106863143,0.18373590048423827,0.9728421111753525,0.9145621373561634,1.030790401820468,0.9201279177452756,0.9494063666130599,0.7529745714956755,1.0033403568016948,0.692832924585457,0.952577722627348,0.47529771925532466,1.0499068548063992,0.11642218821271223,0.9552414258926757
Kin2,20110513,3,eyes_closed,6,1,2689.7,2769.7,0.01,0.35781906594841806,0.8708070883346396,9;27;37,BP019-020;BP055-056;BP075-076,0.2147911131872305,1.281804513271394,0.22784353326618223,1.206382548735156,0.9427132300318437,1.0625191110525551,0.9246219239819022,0.9540433720232504,0.7749090086151696,1.0325680449585504,0.7164978584566666,0.9851146994557105,0.4718327171478485,1.0422528532886608,0.15389737261417416,1.262724467852324
Kin2,20110513,3,deep_anesthesia,1,2,346.85,426.85,0.01,0.881995574686267,0.9555972736436334,9;27;37,BP019-020;BP055-056;BP075-076,1.1398665158394936,6.8023579879508,1.1987975030850846,6.347375176540854,0.9508415832582792,1.0716804661384296,0.7360798786913404,0.7595019232519267,0.3741415919408418,0.49854453598163007,0.2753980976091998,0.3786455339047874,0.7164267862354502,1.582547871287921,0.31391706999062274,2.575682472159123
Kin2,20110513,3,deep_anesthesia,2,2,668.926,748.926,0.01,0.8982635782221863,0.9356861593518997,9;27;37,BP019-020;BP055-056;BP075-076,1.2197416705857034,7.279027307890009,1.5058080800054314,7.972930209700935,0.8100246550551806,0.912967643819755,0.924712238928398,0.9541365607892358,0.5640431684332444,0.7515888255605191,0.5215776211341729,0.7171183771479345,0.5234505516964831,1.1562738471360177,0.6361899589423133,5.219924250249587
Kin2,20110513,3,deep_anesthesia,3,2,991.002,1071.002,0.01,0.9007807815780999,0.9587174390932452,9;27;37,BP019-020;BP055-056;BP075-076,1.289587653708474,7.69584574638194,1.4429643979397162,7.640186417259089,0.893707187474455,1.0072850747459665,0.8715865578876604,0.8993204218176825,0.4855710927201184,0.647024603307192,0.423217237313678,0.5818824391726426,0.5864603014345645,1.295458963095116,0.5457757240763288,4.478077494401136
Kin2,20110513,3,deep_anesthesia,4,2,1313.078,1393.078,0.01,0.8994622542539055,0.961941701013067,9;27;37,BP019-020;BP055-056;BP075-076,1.0246361835378124,6.114700301288005,1.1270442438247346,5.967457087378201,0.9091357230667445,1.0246743649353154,0.9162462894318701,0.9454012249773153,0.5700615599986293,0.7596083462311719,0.5223167890964875,0.7181346610299425,0.53491950685557,1.1816081463576893,0.5351846813775489,4.391178228165149
Kin2,20110513,3,deep_anesthesia,5,2,1635.154,1715.154,0.01,0.8988846524640618,0.9540340114818917,9;27;37,BP019-020;BP055-056;BP075-076,0.9786787510500602,5.8404410756289975,1.190995331874315,6.306064356540885,0.8217318110809687,0.9261626183010762,0.9587208881116838,0.9892273643958056,0.5252686317412664,0.699921665802292,0.5035860091201959,0.6923816647451232,0.46949136747451387,1.0370809389874853,0.49284892645203815,4.043814314789811
Kin2,20110513,3,deep_anesthesia,6,2,1957.23,2037.23,0.01,0.8943217332929965,0.9460288462318748,9;27;37,BP019-020;BP055-056;BP075-076,0.7311700576509756,4.36338853111193,0.7975017295976361,4.222600287929657,0.9168256701084186,1.033341598442248,0.954193793197257,0.9845562174268596,0.6009343619224106,0.8007464261481942,0.5734078382653182,0.7883798724465423,0.4673978043799104,1.0324563717847692,0.4192586421619739,3.440007693592731
Kin2,20110513,3,recovery_eyes_closed,1,3,360.23,440.23,0.01,0.25388291269068564,0.8566889376524809,9;27;37,BP019-020;BP055-056;BP075-076,0.12814213511339168,0.7647111870284921,0.1408975085191295,0.7460220310012617,0.9094705538813269,1.0250517481395918,0.9817812173725561,1.0130214727955538,0.6184404915254331,0.824073384304595,0.6071732586423216,0.8348040334598571,0.41901024256311364,0.9255708750093623,0.07780447774618271,0.638383983363261
Kin2,20110513,3,recovery_eyes_closed,2,3,691.802,771.802,0.01,0.2610714017546246,0.8749772022818468,9;27;37,BP019-020;BP055-056;BP075-076,0.12604671999093836,0.7522064212526542,0.1335457269843453,0.7070959275541405,0.9438468967690296,1.0637968512342473,0.9241818830480616,0.9535893289971651,0.5646711509440242,0.7524256137075337,0.5218588475823646,0.7175050360956472,0.5205529727808658,1.1498732526399709,0.06577859603600807,0.5397118954322635
Kin2,20110513,3,recovery_eyes_closed,3,3,1023.374,1103.374,0.01,0.5702009372219234,0.9371855743560679,9;27;37,BP019-020;BP055-056;BP075-076,0.37089934561592036,2.2134084046832783,0.37592746055373294,1.990455122869445,0.9866247734858042,1.112011207513397,0.7914898326964331,0.8166750207002482,0.35866138598936786,0.47791712577325657,0.2838768403913956,0.3903029785838774,0.6497935400414768,1.435358648401131,0.10528973433668372,0.8638998931704728
Kin2,20110513,3,recovery_eyes_closed,4,3,1354.946,1434.946,0.01,0.30754941235892885,0.8825864046302206,9;27;37,BP019-020;BP055-056;BP075-076,0.17384168843058892,1.037431472459522,0.1830574371889303,0.9692497938175424,0.9496565181952702,1.0703447956108767,0.9351174726862882,0.9648728888424543,0.6963786148830904,0.9279261138101829,0.6511958103822535,0.8953307500643831,0.49583298073113424,1.0952681324125146,0.11320497917577668,0.9288442983775828
Kin2,20110513,3,recovery_eyes_closed,5,3,1686.518,1766.518,0.01,0.514579164606763,0.8918376538434772,9;27;37,BP019-020;BP055-056;BP075-076,0.2878678151732973,1.7179028463485086,0.3004792169990885,1.5909728858611745,0.9580290379090362,1.0797813473852058,0.8653999077891928,0.8929369126574719,0.45025822031660107,0.5999701192139782,0.3896534223433126,0.535735465937665,0.5849411026240044,1.2921031354098502,0.11216867936476758,0.9203414818241609
Kin2,20110513,3,recovery_eyes_closed,6,3,2018.09,2098.09,0.01,0.6074786396343237,0.909401591150962,9;27;37,BP019-020;BP055-056;BP075-076,0.26511799143879583,1.5821391906445896,0.2691399039995644,1.4250379578428058,0.9850564241831079,1.1102435425927886,0.9290249392215117,0.9585864911050223,0.7790207222990824,1.0380469129454053,0.7237296791862032,0.9950577478827365,0.48050272489870444,1.0614044296587515,0.19187375889049016,1.5743198598798211
Kin2,20110513,3,recovery_eyes_open,1,3,2255.99,2335.99,0.01,0.42392971107847766,0.8632932450319619,9;27;37,BP019-020;BP055-056;BP075-076,0.27983917480154896,1.6699904941509143,0.3011791685530011,1.594678978930815,0.9291451867206522,1.047226756115261,0.8842148887234833,0.9123505858459685,0.810813952386923,1.080411465518341,0.7169337686852508,0.9857140335203599,0.5645954330109756,1.2471606559344324,0.20062615421624502,1.6461330659301567
Kin2,20110513,3,recovery_eyes_open,2,3,2409.118,2489.118,0.01,0.6711142000485508,0.8789948965595692,9;27;37,BP019-020;BP055-056;BP075-076,0.20697983366455389,1.2351893009471135,0.2216771426544631,1.173732835504228,0.9336994837901782,1.052359841681079,0.9374937834405145,0.9673248137494193,0.5751327177355229,0.7663656756361023,0.5391833475303008,0.7413245344486404,0.47871977209221,1.0574659837173999,0.1116000795865191,0.915676133480562
Kin2,20110513,3,recovery_eyes_open,3,3,2562.246,2642.246,0.01,0.3575042410397089,0.8357319467410543,9;27;37,BP019-020;BP055-056;BP075-076,0.13868113732209747,0.827604573984966,0.15138080266241294,0.8015288207987132,0.9161078213554172,1.0325325209894118,0.9770745386719328,1.008165027688526,0.6687070446321544,0.8910536824959512,0.6533766271406338,0.8983291604854936,0.4141619848628033,0.9148613369930662,0.09061101375153913,0.7434613221618698
Kin2,20110513,3,recovery_eyes_open,4,3,2715.374,2795.374,0.01,0.39511594858398036,0.8690184488151083,9;27;37,BP019-020;BP055-056;BP075-076,0.1660010712041645,0.9906411821233304,0.1891910780614815,1.0017261042169683,0.8774254732573544,0.9889341786672288,0.9550124446151447,0.9854009183137581,0.674605516674667,0.8989134101252174,0.6442566636303364,0.8857900998219409,0.466726352135816,1.0309731702351081,0.10694729629305709,0.8775001516007525
Kin2,20110513,3,recovery_eyes_open,5,3,2868.502,2948.502,0.01,0.3621127076156654,0.8390292134800702,9;27;37,BP019-020;BP055-056;BP075-076,0.16845616704852284,1.0052924071536193,0.1996343010923049,1.0570207260845812,0.8438237623835684,0.9510621526575226,0.9677744301994875,0.9985689899815426,0.7125385261708144,0.9494592329500525,0.6895765661601425,0.9481005472755841,0.4447096502959883,0.9823394713019846,0.11616342522181995,0.9531182813943385
Kin2,20110513,3,recovery_eyes_open,6,3,3021.63,3101.63,0.01,0.3459055014314021,0.8458299870802082,9;27;37,BP019-020;BP055-056;BP075-076,0.1491762279087799,0.8902359104568579,0.16818920482636995,0.890525698401689,0.88695483198688,0.99967458777961,0.9000207934810579,0.9286594341240351,0.6369917966238645,0.8487930412242499,0.5733058622383352,0.7882396653517307,0.48674412788515914,1.0751913499691512,0.08552360596670552,0.701719256142608
Kin2,20110513,4,eyes_open,1,1,89.72999999999999,169.73,0.01,0.3242697725296073,0.8604670704269778,9;27;36;37,BP019-020;BP055-056;BP073-074;BP075-076,0.4132818604704545,1.853693552942917,0.4612337157074226,1.7014300058256013,0.896035667810144,1.0894915139594188,0.8162420132253211,0.8541287320030708,0.6222146242114689,0.8295122817060329,0.507877717524606,0.7085102733545481,0.5312344260272013,1.4710583227776768,0.20989664799005672,1.3133609259111478
Kin2,20110513,4,eyes_open,2,1,301.67,381.67,0.01,0.31644433170800734,0.9110435554568391,9;27;36;37,BP019-020;BP055-056;BP073-074;BP075-076,0.42720591428572646,1.9161471258116083,0.5002409009568317,1.8453223388575648,0.8540003695591301,1.0383807129316447,0.8586375705736119,0.8984921230730465,0.48761183194717544,0.6500650861717638,0.418681838766071,0.584078359410131,0.49661806728766683,1.3752010512358612,0.17886335772488857,1.1191800696324834
Kin2,20110513,4,eyes_open,3,1,513.61,593.61,0.01,0.291520279008046,0.9012596215364728,9;27;36;37,BP019-020;BP055-056;BP073-074;BP075-076,0.21309068769921835,0.9557758802444524,0.24551890624240374,0.9056866830249064,0.8679196684300612,1.0553052155434735,0.9468105411506418,0.9907577334381836,0.7548053565022796,1.006277077318172,0.7146576680533265,0.996976796334552,0.3796151953318094,1.051204638076557,0.15228689395500333,0.952886375099953
Kin2,20110513,4,eyes_open,4,1,725.55,805.55,0.01,0.288122317964598,0.8793007971726137,9;27;36;37,BP019-020;BP055-056;BP073-074;BP075-076,0.23870944351889156,1.0706837120164254,0.2949481499282127,1.0880246073965258,0.8093268039721251,0.9840620375107193,0.9389280087245787,0.9825093251022263,0.6908080518769172,0.9209583655471381,0.6486190285596993,0.9048501821809681,0.36795325872937423,1.018911194620693,0.15483148736324964,0.9688083518762571
Kin2,20110513,4,eyes_open,5,1,937.49,1017.49,0.01,0.32435281483284994,0.9335684772288356,9;27;36;37,BP019-020;BP055-056;BP073-074;BP075-076,0.17257349286071066,0.7740440646501817,0.19747974994288026,0.7284766066600579,0.8738794378189482,1.0625517107529958,0.933099468056758,0.9764102466801753,0.6545898914526229,0.8726737259329126,0.6107974795097735,0.8520875680094631,0.36934138153516394,1.0227550900959268,0.10540745446951993,0.6595533245799332
Kin2,20110513,4,eyes_open,6,1,1149.43,1229.43,0.01,0.2822516462701363,0.8611659010927171,9;27;36;37,BP019-020;BP055-056;BP073-074;BP075-076,0.2352940451955513,1.0553646224113291,0.2789816416727192,1.0291262760104674,0.8434033285659026,1.0254957501450432,0.9460770225834972,0.9899901678467236,0.7468554420078001,0.9956785612192601,0.7065827728750212,0.9857119859428395,0.34508886206066686,0.9555966589526489,0.16625471889525323,1.040285557850887
Kin2,20110513,4,eyes_closed,1,1,1622.66,1702.66,0.01,0.35002031351334717,0.9009611208384966,9;27;36;37,BP019-020;BP055-056;BP073-074;BP075-076,0.38944442916743494,1.7467754978537655,0.46519776199379725,1.7160528468418415,0.837158862283236,1.0179030914277871,0.9258131263655606,0.9687857018897742,0.6799967944573604,0.9065452186019453,0.6295499581951283,0.8782480458981043,0.41604074426301774,1.1520717963247988,0.24517472410168417,1.5341021676127584
Kin2,20110513,4,eyes_closed,2,1,1836.068,1916.068,0.01,0.3406643211002931,0.8542156373279705,9;27;36;37,BP019-020;BP055-056;BP073-074;BP075-076,0.3515027069736572,1.5765954523562569,0.3920149421067717,1.4460911301973007,0.8966564006070965,1.090246264176415,0.9406527517641533,0.984314123877043,0.7255360795183763,0.9672564182239365,0.6824775097031363,0.9520841538685408,0.37084700689619715,1.0269243656733715,0.239892692109293,1.5010515472495987
Kin2,20110513,4,eyes_closed,3,1,2049.476,2129.476,0.01,0.37665789864330124,0.8653941865045529,9;27;36;37,BP019-020;BP055-056;BP073-074;BP075-076,0.42235423850358766,1.894385899446429,0.4534404818527382,1.6726817997183379,0.9314436081619059,1.1325440976074612,0.9030643770400182,0.9449810457935957,0.7502671587904766,1.0002269290377106,0.6775395443667062,0.9451954894329725,0.42598891530163674,1.1796195964781475,0.28616169831706817,1.7905650074021922
Kin2,20110513,4,eyes_closed,4,1,2262.884,2342.884,0.01,0.3491255125437228,0.8564320142003748,9;27;36;37,BP019-020;BP055-056;BP073-074;BP075-076,0.335283212842997,1.503846138685013,0.3694384881266199,1.3628095856812936,0.9075481402687079,1.1034895516479748,0.860698202766405,0.9006484016441535,0.7296239595008925,0.9727062204620868,0.6279860306377264,0.876066302728504,0.42179651198525264,1.168010277712553,0.21055317397273743,1.3174689265903161
Kin2,20110513,4,eyes_closed,5,1,2476.292,2556.292,0.01,0.37221705951278183,0.8803266878766561,9;27;36;37,BP019-020;BP055-056;BP073-074;BP075-076,0.29793132286019397,1.3363116682087677,0.36160210206629034,1.3339021968104943,0.8239203288856325,1.0018063328811024,0.852990908978268,0.8925833658290719,0.6398323321139773,0.8529995231047071,0.5457711625635865,0.7613731853833926,0.4722947406511176,1.3078465457044302,0.16260232444151515,1.0174318714891046
Kin2,20110513,4,eyes_closed,6,1,2689.7,2769.7,0.01,0.35781906594841806,0.8708070883346396,9;27;36;37,BP019-020;BP055-056;BP073-074;BP075-076,0.3061339482654856,1.3731029123579455,0.34382716890773674,1.2683328258005666,0.8903716051236027,1.0826045691053123,0.9144026559509215,0.9568456026680942,0.7215379544134398,0.9619262736897334,0.6597762218850443,0.920414925070927,0.3723879176491113,1.0311913511635322,0.201979899777354,1.263824414192613
Kin2,20110513,4,deep_anesthesia,1,2,346.85,426.85,0.01,0.881995574686267,0.9555972736436334,9;27;36;37,BP019-020;BP055-056;BP073-074;BP075-076,1.2488961040794924,5.601674977441178,1.4542308832658317,5.364464860058657,0.8588018026922866,1.0442187848313964,0.7020018091417104,0.7345859504790685,0.39415810161431797,0.5254762159236704,0.27669970042111336,0.3860074455284337,0.6475026845075297,1.793020494151705,0.3455691778558913,2.162288248722618
Kin2,20110513,4,deep_anesthesia,2,2,668.926,748.926,0.01,0.8982635782221863,0.9356861593518997,9;27;36;37,BP019-020;BP055-056;BP073-074;BP075-076,1.5161941913426804,6.800587362586055,2.3459172032062896,8.65377743384561,0.6463118942435041,0.7858518912201761,0.9210101349331403,0.9637597746334885,0.572373568703141,0.7630661294161459,0.527161857743443,0.7354124409165532,0.4043797810187823,1.1197810482264088,0.7992797466080253,5.0012365519856825
Kin2,20110513,4,deep_anesthesia,3,2,991.002,1071.002,0.01,0.9007807815780999,0.9587174390932452,9;27;36;37,BP019-020;BP055-056;BP073-074;BP075-076,1.4836604270417415,6.654663636175792,1.9460865293557132,7.178855105811879,0.7623815306572899,0.9269811882382597,0.8472574627512434,0.8865837957548168,0.5077025174707158,0.6768492049326985,0.4301547467846575,0.6000835372628618,0.517154480358923,1.432069092703725,0.6382035753085576,3.9933540940909134
Kin2,20110513,4,deep_anesthesia,4,2,1313.078,1393.078,0.01,0.8994622542539055,0.961941701013067,9;27;36;37,BP019-020;BP055-056;BP073-074;BP075-076,1.233673730788681,5.533398050896309,1.661659259985397,6.129640631454862,0.7424348423873152,0.902727971114836,0.9050986436821843,0.9471097350297252,0.6147691073949156,0.8195862089288031,0.5564266852808453,0.7762380771725758,0.4367770474656028,1.2094933599797155,0.6864489847407994,4.295234263258232
Kin2,20110513,4,deep_anesthesia,5,2,1635.154,1715.154,0.01,0.8988846524640618,0.9540340114818917,9;27;36;37,BP019-020;BP055-056;BP073-074;BP075-076,1.088650031191556,4.882923102247216,1.4154311449838295,5.22133777137667,0.769129628841107,0.9351862139651949,0.9023676277236918,0.9442519561358282,0.5510431558832348,0.7346292545509893,0.49724350534773115,0.6936751106443769,0.41938056773075494,1.161320208829924,0.5413241576066058,3.387162223219322
Kin2,20110513,4,deep_anesthesia,6,2,1957.23,2037.23,0.01,0.8943217332929965,0.9460288462318748,9;27;36;37,BP019-020;BP055-056;BP073-074;BP075-076,0.8510487234114706,3.817209712597401,1.103616648913298,4.071095449971167,0.7711452380221663,0.9376369970948325,0.9451469958298301,0.9890169729376551,0.6830798800334105,0.9106554681064877,0.6456108965253786,0.9006537144558018,0.3683084914108175,1.0198948808559163,0.5494463293084572,3.437984106507607
Kin2,20110513,4,recovery_eyes_closed,1,3,360.23,440.23,0.01,0.25388291269068564,0.8566889376524809,9;27;36;37,BP019-020;BP055-056;BP073-074;BP075-076,0.1918951542229352,0.8607075321890926,0.2319357390604326,0.8555801807669247,0.82736345420632,1.005992835665702,0.9596941863762575,1.0042393864060943,0.5696305201294126,0.7594092039877095,0.546671098550681,0.7626286330437578,0.363907987533401,1.0077093041384964,0.10490353476560439,0.6564002087238346
Kin2,20110513,4,recovery_eyes_closed,2,3,691.802,771.802,0.01,0.2610714017546246,0.8749772022818468,9;27;36;37,BP019-020;BP055-056;BP073-074;BP075-076,0.20314021357373407,0.9111450084366776,0.2575304598055004,0.9499957110791301,0.7888007256584543,0.9591043389045192,0.8775397986782454,0.9182717176803467,0.5066158086224088,0.6754004470584335,0.44457553470572514,0.6202011286424217,0.46763222563836887,1.2949354255312269,0.09031116906977796,0.5650931625893363
Kin2,20110513,4,recovery_eyes_closed,3,3,1023.374,1103.374,0.01,0.5702009372219234,0.9371855743560679,9;27;36;37,BP019-020;BP055-056;BP073-074;BP075-076,0.47182729208868895,2.1162874374687055,0.6136250568380742,2.2635814522566524,0.7689179032550435,0.9349287764126607,0.7799045178375527,0.816104594116463,0.39172536876462366,0.5222329913217277,0.3055083848511113,0.42619674341684494,0.542874734278723,1.5032918744718997,0.144147193934689,0.9019548139831435
Kin2,20110513,4,recovery_eyes_closed,4,3,1354.946,1434.946,0.01,0.30754941235892885,0.8825864046302206,9;27;36;37,BP019-020;BP055-056;BP073-074;BP075-076,0.2478305899019813,1.1115947992500517,0.29783237023433407,1.0986641135842288,0.8321143524694397,1.0117694621185345,0.9389503068571363,0.9825326582257103,0.6677550803260633,0.8902250425310049,0.6269888375775688,0.8746751774570842,0.35666378909565555,0.9876491614188436,0.1553870134788065,0.972284378294412
Kin2,20110513,4,recovery_eyes_closed,5,3,1686.518,1766.518,0.01,0.514579164606763,0.8918376538434772,9;27;36;37,BP019-020;BP055-056;BP073-074;BP075-076,0.39538614588291,1.7734258859360092,0.45106267214489276,1.6639103750646422,0.8765658749875492,1.0658181549394523,0.8842972068537834,0.9253427779579144,0.5127775540468823,0.683615045859971,0.453447758780973,0.6325782455898926,0.4263276219699029,1.1805575199991427,0.17928696170365224,1.1218306356091017
Kin2,20110513,4,recovery_eyes_closed,6,3,2018.09,2098.09,0.01,0.6074786396343237,0.909401591150962,9;27;36;37,BP019-020;BP055-056;BP073-074;BP075-076,0.36920516742905163,1.6559963164058842,0.44508753595706557,1.6418688901240392,0.8295113603555644,1.0086044789366693,0.9350108881267445,0.9784103872931923,0.6984414536729403,0.9311349192548279,0.6530503639032704,0.9110320769703316,0.36728383261131076,1.017057465242071,0.24110956894450997,1.5086657635904717
Kin2,20110513,4,recovery_eyes_open,1,3,2255.99,2335.99,0.01,0.42392971107847766,0.8632932450319619,9;27;36;37,BP019-020;BP055-056;BP073-074;BP075-076,0.35986978086367083,1.614124297462741,0.42308402983652543,1.56070087427456,0.8505870122366003,1.0342304051139928,0.8755584430928324,0.9161983954224922,0.8275246433419512,1.1032235957752987,0.7245461883454302,1.010771688241561,0.46975950334084937,1.3008261385870354,0.2607422780254777,1.631511141178138
Kin2,20110513,4,recovery_eyes_open,2,3,2409.118,2489.118,0.01,0.6711142000485508,0.8789948965595692,9;27;36;37,BP019-020;BP055-056;BP073-074;BP075-076,0.28962420150447443,1.2990517282658856,0.3559776561584075,1.3131543618020813,0.8136021924241047,0.9892604906578978,0.9152491698024806,0.9577314083371729,0.5609332247833788,0.7478143088720527,0.5133936682976157,0.7162052512107207,0.3710076500478481,1.027369207787616,0.14869123123815003,0.9303876693783907
Kin2,20110513,4,recovery_eyes_open,3,3,2562.246,2642.246,0.01,0.3575042410397089,0.8357319467410543,9;27;36;37,BP019-020;BP055-056;BP073-074;BP075-076,0.1903797482306761,0.853910480136665,0.20902991449259045,0.7710836318359144,0.9107775252782039,1.1074161671718328,0.9757779117678353,1.0210696545765736,0.687494893204159,0.9165413915588191,0.6708423312418053,0.9358526020840955,0.29959769372646594,0.8296256026501343,0.12771479412429482,0.7991343447827784
Kin2,20110513,4,recovery_eyes_open,4,3,2715.374,2795.374,0.01,0.39511594858398036,0.8690184488151083,9;27;36;37,BP019-020;BP055-056;BP073-074;BP075-076,0.24348654926975835,1.0921104693438048,0.2759079065676368,1.0177876748639196,0.8824921050606769,1.0730238696296086,0.954434098707189,0.9987351463177245,0.6638314201462454,0.8849941717321633,0.633583343180795,0.8838747835952556,0.3268506904981235,0.905092751911141,0.1542690219058891,0.9652889047533708
Kin2,20110513,4,recovery_eyes_open,5,3,2868.502,2948.502,0.01,0.3621127076156654,0.8390292134800702,9;27;36;37,BP019-020;BP055-056;BP073-074;BP075-076,0.23676050822948158,1.0619421505625313,0.26990188378816726,0.9956322533831019,0.8772095433587388,1.0666007925658416,0.9704505221699138,1.0154949886705893,0.7161174587291308,0.9546998801462401,0.6949565617586767,0.9694929439729192,0.31709870970589926,0.8780882284745614,0.16453826875939767,1.0295454218778037
Kin2,20110513,4,recovery_eyes_open,6,3,3021.63,3101.63,0.01,0.3459055014314021,0.8458299870802082,9;27;36;37,BP019-020;BP055-056;BP073-074;BP075-076,0.21786151133226053,0.9771744603823054,0.24645556786332573,0.9091419035191359,0.883978857613303,1.0748316149545267,0.9090176443753373,0.9512106402006502,0.644472868394976,0.8591861051762377,0.5858372086922178,0.8172669651561923,0.3663966350006492,1.0146006978242053,0.1276313796803595,0.7986124056647873
Kin2,20110513,5,eyes_open,1,1,89.72999999999999,169.73,0.01,0.3242697725296073,0.8604670704269778,9;15;27;36;37,BP019-020;BP031-032;BP055-056;BP073-074;BP075-076,0.4135399963049657,1.6925450542433973,0.4715976694552435,1.5520594560865277,0.8768915181083444,1.0905156033848726,0.7010418671456332,0.805212911826996,0.6090166514889856,0.7739075973780466,0.4269461704826199,0.6231603899698114,0.5188069186334507,1.4336319943671094,0.17655931776380163,1.0547270360437908
Kin2,20110513,5,eyes_open,2,1,301.67,381.67,0.01,0.31644433170800734,0.9110435554568391,9;15;27;36;37,BP019-020;BP031-032;BP055-056;BP073-074;BP075-076,0.43197336014938775,1.7679895072267011,0.5155093763198279,1.6965758188387101,0.8379544194388941,1.042092836403193,0.7184041434366859,0.8251551288377799,0.46610714175290896,0.5923054112113488,0.3348533019207205,0.4887438478994147,0.49651014263358056,1.3720187615890111,0.1446477059878112,0.86409399480777
Kin2,20110513,5,eyes_open,3,1,513.61,593.61,0.01,0.291520279008046,0.9012596215364728,9;15;27;36;37,BP019-020;BP031-032;BP055-056;BP073-074;BP075-076,0.21417669053338376,0.8765867909646361,0.25191871541866734,0.8290813329980214,0.850181734919696,1.0572989115492821,0.7870929620792027,0.9040507358780474,0.7774686953002519,0.9879679456142824,0.6119401383077283,0.8931731482565147,0.37997291863558996,1.049988567199322,0.13106331362729087,0.7829437838059633
Kin2,20110513,5,eyes_open,4,1,725.55,805.55,0.01,0.288122317964598,0.8793007971726137,9;15;27;36;37,BP019-020;BP031-032;BP055-056;BP073-074;BP075-076,0.24840488612104267,1.0166766581484747,0.3179763977912257,1.0464815815868658,0.7812054223097976,0.9715189221073577,0.843405771132965,0.9687313249788949,0.6976934362176855,0.8865935760697795,0.5884386705875853,0.8588709696638542,0.35486029147228065,0.9805942232326619,0.1461710409565267,0.8731940672185876
Kin2,20110513,5,eyes_open,5,1,937.49,1017.49,0.01,0.32435281483284994,0.9335684772288356,9;15;27;36;37,BP019-020;BP031-032;BP055-056;BP073-074;BP075-076,0.18192940667483812,0.7446044402966386,0.21388051881052567,0.7038950851390344,0.8506123310651182,1.0578344074523025,0.8273762567197569,0.9503199110809133,0.6655641697454472,0.8457653271865079,0.5506719913707809,0.8037476305272017,0.35827156838697827,0.9900206891314555,0.10018342866253793,0.5984740545684584
Kin2,20110513,5,eyes_open,6,1,1149.43,1229.43,0.01,0.2822516462701363,0.8611659010927171,9;15;27;36;37,BP019-020;BP031-032;BP055-056;BP073-074;BP075-076,0.25514516242925817,1.0442634004990043,0.3177352258237277,1.0456878685196858,0.8030118844009034,0.9986377693922204,0.8440706086796451,0.9694949538032815,0.7576670343216575,0.962804995086458,0.639524474836383,0.9334345842329143,0.3432830260271942,0.9486024791883167,0.16317157600961535,0.9747515730744409
Kin2,20110513,5,eyes_closed,1,1,1622.66,1702.66,0.01,0.35002031351334717,0.9009611208384966,9;15;27;36;37,BP019-020;BP031-032;BP055-056;BP073-074;BP075-076,0.41571190205844477,1.7014342750543945,0.511739381248098,1.6841685130366335,0.8123508123305877,1.0102518019331865,0.8365424454891726,0.9608481461197542,0.7095602383741845,0.9016733088209994,0.5935772570314205,0.8663711271863219,0.38697205899469256,1.0693294649234808,0.24675713053916604,1.4740735307123194
Kin2,20110513,5,eyes_closed,2,1,1836.068,1916.068,0.01,0.3406643211002931,0.8542156373279705,9;15;27;36;37,BP019-020;BP031-032;BP055-056;BP073-074;BP075-076,0.39597698762048755,1.620662808868936,0.4459507915805217,1.4676538665285073,0.8879387481678889,1.1042541063870503,0.8624157494148482,0.9905660836195558,0.7910283681952812,1.0051988929878357,0.682195322965538,0.9957159306856734,0.3332046844975755,0.9207527486853425,0.2701336489566796,1.613719777060594
Kin2,20110513,5,eyes_closed,3,1,2049.476,2129.476,0.01,0.37665789864330124,0.8653941865045529,9;15;27;36;37,BP019-020;BP031-032;BP055-056;BP073-074;BP075-076,0.4907149137699517,2.0084081534215406,0.5280640696580596,1.7378941538855683,0.9292715448102863,1.1556561997352712,0.8060599995148612,0.9258361728940732,0.8164804145303699,1.037542067808072,0.6581322025402436,0.9605939772760284,0.4472004096531826,1.2357599564431547,0.32295528701876414,1.9292647760888046
Kin2,20110513,5,eyes_closed,4,1,2262.884,2342.884,0.01,0.3491255125437228,0.8564320142003748,9;15;27;36;37,BP019-020;BP031-032;BP055-056;BP073-074;BP075-076,0.3949590524107986,1.616496582578629,0.437789670891934,1.4407950727782806,0.9021662196966088,1.1219476059572744,0.7955994379815415,0.9138212282718855,0.7733064882023702,0.9826788230803812,0.6152422074012853,0.8979927691040848,0.4252903432307998,1.1752153278083368,0.2429954792383391,1.4516022424370716
Kin2,20110513,5,eyes_closed,5,1,2476.292,2556.292,0.01,0.37221705951278183,0.8803266878766561,9;15;27;36;37,BP019-020;BP031-032;BP055-056;BP073-074;BP075-076,0.33148216918600415,1.3566970813916106,0.41407938050616494,1.3627629221056556,0.8005280745464913,0.9955488657523258,0.8207961578842632,0.942762045007935,0.6773258502256592,0.8607114766215267,0.5559464555009129,0.8114461118615099,0.4098122728322888,1.1324443929240828,0.18428633702071268,1.1008865716690808
Kin2,20110513,5,eyes_closed,6,1,2689.7,2769.7,0.01,0.35781906594841806,0.8708070883346396,9;15;27;36;37,BP019-020;BP031-032;BP055-056;BP073-074;BP075-076,0.36737355116179565,1.503594072241047,0.4221862239964835,1.3894430859679932,0.8701694424895674,1.0821559281023212,0.8583763587457524,0.9859264612587506,0.7918691915107632,1.0062673687845372,0.6797217932119517,0.9921056259858927,0.3610103535940167,0.9975888420559613,0.2497118089743386,1.4917241382693847
Kin2,20110513,5,deep_anesthesia,1,2,346.85,426.85,0.01,0.881995574686267,0.9555972736436334,9;15;27;36;37,BP019-020;BP031-032;BP055-056;BP073-074;BP075-076,1.5984732070969863,6.542264219148031,1.8962697695123552,6.240750575511454,0.8429566472011256,1.0483136827835593,0.6971066406626637,0.8006929318892039,0.40122356268008025,0.5098546363979289,0.27969560993461645,0.40823700365476173,0.5575202222120075,1.540609423974362,0.4470859386231342,2.6707943419427562
Kin2,20110513,5,deep_anesthesia,2,2,668.926,748.926,0.01,0.8982635782221863,0.9356861593518997,9;15;27;36;37,BP019-020;BP031-032;BP055-056;BP073-074;BP075-076,1.7169588777608928,7.027204823860463,2.627141388333644,8.646097931208054,0.6535464308793574,0.8127602624642726,0.8649691953693661,0.9934989578865403,0.5521594103250146,0.7016562873437941,0.4776008808644515,0.6970947902705983,0.3591173573696554,0.9923578787534502,0.8200210724266441,4.898627872877562
Kin2,20110513,5,deep_anesthesia,3,2,991.002,1071.002,0.01,0.9007807815780999,0.9587174390932452,9;15;27;36;37,BP019-020;BP031-032;BP055-056;BP073-074;BP075-076,1.6856369294728473,6.89900970576334,2.218304083347169,7.300587030066057,0.7598764038379321,0.9449938309551136,0.8115357020693322,0.9321255353484673,0.49693688793821367,0.6314822953568157,0.4032820262370873,0.5886207726225509,0.45669773183373835,1.2620041418035217,0.6797870764178732,4.060900423336906
Kin2,20110513,5,deep_anesthesia,4,2,1313.078,1393.078,0.01,0.8994622542539055,0.961941701013067,9;15;27;36;37,BP019-020;BP031-032;BP055-056;BP073-074;BP075-076,1.4720378959931786,6.024787161541583,1.9555509280369368,6.435848831111661,0.7527484326224484,0.9361293777468859,0.8398378011081995,0.9646331738304471,0.581647593981123,0.7391283815936738,0.4884896363489811,0.7129877566048674,0.4158106266293031,1.1490197923801737,0.7190752565056268,4.295599482329344
Kin2,20110513,5,deep_anesthesia,5,2,1635.154,1715.154,0.01,0.8988846524640618,0.9540340114818917,9;15;27;36;37,BP019-020;BP031-032;BP055-056;BP073-074;BP075-076,1.3783464644752197,5.641324931871874,1.7108122458909683,5.630397467593304,0.8056678737165546,1.0019407980238455,0.8195567179326806,0.941338430956877,0.504704613013469,0.6413531280103837,0.4136340561668023,0.6037303472105795,0.42796872634794575,1.1826165701433993,0.5701310389040557,3.4058390598467057
Kin2,20110513,5,deep_anesthesia,6,2,1957.23,2037.23,0.01,0.8943217332929965,0.9460288462318748,9;15;27;36;37,BP019-020;BP031-032;BP055-056;BP073-074;BP075-076,1.0550506889189992,4.318133291728954,1.3118925504382657,4.317526082410845,0.8042203521672083,1.0001406382512852,0.9218194544061971,1.058796859142495,0.6688518673260774,0.8499431672000943,0.6165606634170907,0.8999171558810843,0.3174785915136653,0.877296446854382,0.6505027526985563,3.885962230608148
Kin2,20110513,5,recovery_eyes_closed,1,3,360.23,440.23,0.01,0.25388291269068564,0.8566889376524809,9;15;27;36;37,BP019-020;BP031-032;BP055-056;BP073-074;BP075-076,0.19353174214315186,0.7920907189880121,0.2361451518412943,0.7771694808153693,0.8195456931219084,1.0191994649056317,0.8031707200120687,0.9225175620228022,0.566806021941379,0.7202684615397487,0.45524200074983373,0.6644603051415633,0.3609559606613368,0.9974385367193194,0.08810377750184908,0.5263128408385739
Kin2,20110513,5,recovery_eyes_closed,2,3,691.802,771.802,0.01,0.2610714017546246,0.8749772022818468,9;15;27;36;37,BP019-020;BP031-032;BP055-056;BP073-074;BP075-076,0.20257399033310486,0.8290990194907282,0.26885253409030313,0.8848116622579739,0.7534762170590648,0.937034461520239,0.7264059190398847,0.8343459251870362,0.5044547112315356,0.6410355654492226,0.3664388881261433,0.5348454119325265,0.4673187428421608,1.2913534443037795,0.07423098778093984,0.4434398066123777
Kin2,20110513,5,recovery_eyes_closed,3,3,1023.374,1103.374,0.01,0.5702009372219234,0.9371855743560679,9;15;27;36;37,BP019-020;BP031-032;BP055-056;BP073-074;BP075-076,0.4720304967535497,1.9319361848209242,0.6224685032849985,2.0485854558091647,0.7583202913279447,0.943058625815458,0.6269837027528032,0.7201501031846057,0.3875207887151452,0.49244184341322167,0.24296921900230847,0.354632044346449,0.5465783132560749,1.5103733762362246,0.11468888114148841,0.6851264787699647
Kin2,20110513,5,recovery_eyes_closed,4,3,1354.946,1434.946,0.01,0.30754941235892885,0.8825864046302206,9;15;27;36;37,BP019-020;BP031-032;BP055-056;BP073-074;BP075-076,0.2511865840474504,1.028061648983239,0.30550514546149554,1.005437856476948,0.8222008296063505,1.022501432943419,0.786156402292364,0.9029750083524848,0.6579084722446829,0.8360368535157403,0.5172189575775455,0.7549203847863608,0.36479500371923573,1.008047059385235,0.12991846315848662,0.7761046956345272
Kin2,20110513,5,recovery_eyes_closed,5,3,1686.518,1766.518,0.01,0.514579164606763,0.8918376538434772,9;15;27;36;37,BP019-020;BP031-032;BP055-056;BP073-074;BP075-076,0.38725407695082753,1.5849614995773136,0.4500998719137805,1.481308767267808,0.8603736661915969,1.0699737519954649,0.7110578980883611,0.8167172710076834,0.5093897119078639,0.6473067150263951,0.36220557785704144,0.5286665738013057,0.4262032541144353,1.1777379970399524,0.14026558671947237,0.8379161655885352
Kin2,20110513,5,recovery_eyes_closed,6,3,2018.09,2098.09,0.01,0.6074786396343237,0.909401591150962,9;15;27;36;37,BP019-020;BP031-032;BP055-056;BP073-074;BP075-076,0.3667243555000535,1.500937030802889,0.45265169475088507,1.489706986811939,0.8101689660123302,1.007538424730747,0.7544100197701601,0.8665112844171964,0.6936692750861324,0.8814798753767555,0.5233110515316818,0.7638122590006227,0.37161359933773985,1.0268890533607347,0.19191090809900752,1.146434104115221
Kin2,20110513,5,recovery_eyes_open,1,3,2255.99,2335.99,0.01,0.42392971107847766,0.8632932450319619,9;15;27;36;37,BP019-020;BP031-032;BP055-056;BP073-074;BP075-076,0.36564799879272347,1.496531695798123,0.4312121399900163,1.4191479788776362,0.8479538604854427,1.0545282930830704,0.748855522693795,0.8601314189994504,0.827429512530764,1.0514556284738186,0.6196251600984972,0.9043900217341444,0.4603852106890249,1.2721938433584195,0.22656469979163651,1.3534483328887028
Kin2,20110513,5,recovery_eyes_open,2,3,2409.118,2489.118,0.01,0.6711142000485508,0.8789948965595692,9;15;27;36;37,BP019-020;BP031-032;BP055-056;BP073-074;BP075-076,0.29081745987835916,1.1902637176640947,0.36650616947754006,1.2061963043811281,0.7934858512557204,0.9867910499649489,0.7960940164734935,0.9143892984632611,0.5566882445429417,0.7074113011023676,0.4431761805217689,0.6468493233399767,0.371021745728469,1.025253569638838,0.1288833710979335,0.7699212803671428
Kin2,20110513,5,recovery_eyes_open,3,3,2562.246,2642.246,0.01,0.3575042410397089,0.8357319467410543,9;15;27;36;37,BP019-020;BP031-032;BP055-056;BP073-074;BP075-076,0.19552402380826386,0.8002447706131866,0.21581948140021187,0.7102763406397172,0.9059609565351866,1.1266667982949259,0.8603439485272208,0.9881864242815984,0.7011110374148998,0.8909364910374834,0.6031966382855509,0.8804113453403251,0.30087185143423956,0.8314066311157754,0.11793943386520896,0.7045445750971173
Kin2,20110513,5,recovery_eyes_open,4,3,2715.374,2795.374,0.01,0.39511594858398036,0.8690184488151083,9;15;27;36;37,BP019-020;BP031-032;BP055-056;BP073-074;BP075-076,0.2538626313829929,1.0390142308934869,0.2952404355080911,0.9716560098330286,0.8598504840507722,1.06932311474308,0.8720229329345139,1.0016008428527292,0.6691884852092493,0.8503709242024081,0.5835477055581743,0.8517322344185863,0.3138064712921266,0.8671491861921166,0.1481409560705064,0.8849619124716216
Kin2,20110513,5,recovery_eyes_open,5,3,2868.502,2948.502,0.01,0.3621127076156654,0.8390292134800702,9;15;27;36;37,BP019-020;BP031-032;BP055-056;BP073-074;BP075-076,0.24977675051315343,1.0222914531204401,0.28900333140484186,0.9511292832840486,0.8642694508018005,1.0748186088758445,0.894155652622487,1.0270223654490411,0.7207580713440044,0.9159029493215116,0.6444699036655233,0.940652813533932,0.29854103758808026,0.8249658355466464,0.1609735983410997,0.9616213316294366
Kin2,20110513,5,recovery_eyes_open,6,3,3021.63,3101.63,0.01,0.3459055014314021,0.8458299870802082,9;15;27;36;37,BP019-020;BP031-032;BP055-056;BP073-074;BP075-076,0.2276063545638345,0.9315519978079599,0.2666571803201997,0.8775866062430022,0.8535541937799188,1.0614929525827503,0.8117707535423142,0.9323955142040237,0.6573862999893956,0.8353733033902736,0.5336469721107855,0.778898320766888,0.35094830484727824,0.9697841338030293,0.12146144194616398,0.7255842867996598
Kin2,20110524,3,eyes_open,1,1,66.1,146.1,0.01,0.2895160347534518,0.7872760878993932,27;35;56,BP055-056;BP071-072;BP113-114,0.21057999082198062,0.7569818557995482,0.2309531187305899,0.7827969520610593,0.9117867382757674,0.9670219765246385,0.9035629285827042,1.002655166939874,0.5790577156295279,0.965357930575029,0.523215085352627,0.967921117037437,0.5236318152890325,1.019698939975205,0.110178627871478,0.7326987234425707
Kin2,20110524,3,eyes_open,2,1,276.298,356.298,0.01,0.25507875950651493,0.7737358067520312,27;35;56,BP055-056;BP071-072;BP113-114,0.153973123766888,0.5534944726578753,0.17760349666891148,0.6019727147741526,0.8669487180982971,0.9194677085414656,0.8801353122247572,0.9766582829959677,0.684802675143079,1.1416473271747494,0.6027190162994028,1.1149993183454265,0.5384808419719895,1.0486153203901671,0.09280252969332489,0.6171459597214919
Kin2,20110524,3,eyes_open,3,1,486.496,566.496,0.01,0.2604979592800202,0.7440889948361271,27;35;56,BP055-056;BP071-072;BP113-114,0.19115694715991435,0.6871609218200418,0.2605966512132542,0.8832713124130466,0.7335357007465333,0.7779726479995795,0.8307452335875624,0.9218516768652499,0.7219955830075809,1.2036523183855297,0.5997943892548211,1.109588908066446,0.5810932085859294,1.1315968807105325,0.11465486437359686,0.762466136908232
Kin2,20110524,3,eyes_open,4,1,696.6940000000001,776.6940000000001,0.01,0.2564438779728271,0.7105438349078644,27;35;56,BP055-056;BP071-072;BP113-114,0.17532704949929406,0.6302564397679774,0.2054735774943509,0.6964361038972878,0.8532827025125133,0.9049738177573421,0.8917495163737996,0.9895461975302635,0.7087353725805745,1.181545973972369,0.632014425735732,1.1691943257515494,0.4983698413475799,0.9705048167427162,0.11080922450523664,0.7368922531450924
Kin2,20110524,3,eyes_open,5,1,906.892,986.892,0.01,0.2593616991004273,0.7679909990786824,27;35;56,BP055-056;BP071-072;BP113-114,0.1520562100786863,0.5466036523314125,0.17811109439994072,0.6036931763072411,0.8537155452947288,0.9054328817744104,0.8527690656117652,0.946290825790406,0.6146037067669871,1.0246173161569836,0.524115028741211,0.9695859662253415,0.5865995596196484,1.1423197209740015,0.07969494491567024,0.5299792303880527
Kin2,20110524,3,eyes_open,6,1,1117.09,1197.09,0.01,0.24808405649834675,0.7268570101759456,27;35;56,BP055-056;BP071-072;BP113-114,0.17310604977550081,0.6222725069826988,0.2053168365499409,0.6959048431192488,0.8431166809517582,0.8941919475563519,0.8373716105126782,0.9292047574885111,0.6868165620614612,1.1450047156620577,0.5751206907001866,1.0639438291399639,0.5847069954559053,1.1386342197969224,0.09955687091126683,0.6620629938476967
Kin2,20110524,3,eyes_closed,1,1,1557.96,1637.96,0.01,0.26161062686549397,0.7817355109015938,27;35;56,BP055-056;BP071-072;BP113-114,0.35888587126401006,1.29010402075348,0.3675373475019423,1.2457381696098297,0.9764609602351051,1.0356141059381248,0.9129999611539107,1.0131271431230293,0.6330521813749092,1.0553731126675403,0.5779766170036905,1.069227146565724,0.4422933517529075,0.8613037801982592,0.2074276417635946,1.379414240883211
Kin2,20110524,3,eyes_closed,2,1,1771.274,1851.274,0.01,0.371785231428608,0.8088630613953958,27;35;56,BP055-056;BP071-072;BP113-114,0.7907081423917486,2.842395968805606,0.8184397007319164,2.774035296427682,0.9661165528561628,1.0246430434630578,0.8851626078386673,0.9822369137294438,0.5709446306905596,0.9518324551761783,0.5053788382335405,0.9349249731597684,0.4505202870469079,0.8773245737283586,0.3996071623837431,2.6574269748450168
Kin2,20110524,3,eyes_closed,3,1,1984.588,2064.588,0.01,0.37034541802230914,0.8616672917039518,27;35;56,BP055-056;BP071-072;BP113-114,0.6020887059097446,2.1643567566721207,0.6398554554347432,2.1687384133497583,0.9409761232725001,0.9979796287783412,0.9017065992641435,1.000595257083107,0.6241141335317122,1.040472326206369,0.5627678328995678,1.04109167472832,0.45018209347757754,0.8766659895589414,0.33883615623813235,2.2532938005133336
Kin2,20110524,3,eyes_closed,4,1,2197.902,2277.902,0.01,0.2870321858007735,0.811013221575508,27;35;56,BP055-056;BP071-072;BP113-114,0.526656910180557,1.8931985117957388,0.5706510110395655,1.9341755356567414,0.9229054185344145,0.9788142166491165,0.8772360128819275,0.973441022333057,0.5610133337780968,0.9352758046445152,0.49214110009709566,0.9104358354365294,0.4866872904177003,0.9477547002456331,0.2591895111499967,1.7236357687339476
Kin2,20110524,3,eyes_closed,5,1,2411.2160000000003,2491.2160000000003,0.01,0.3089058490901021,0.8419180955824401,27;35;56,BP055-056;BP071-072;BP113-114,0.572791872582856,2.0590420438436534,0.5970046396272598,2.0234990323368662,0.959442916457867,1.0175651240444328,0.8589328284178612,0.9531305581763041,0.579335688442434,0.9658213442420612,0.4976104414772687,0.9205538369360241,0.5559811950547489,1.0826947841787289,0.2850272165905465,1.895459053872868
Kin2,20110524,3,eyes_closed,6,1,2624.53,2704.53,0.01,0.3432133319717501,0.8448173663964096,27;35;56,BP055-056;BP071-072;BP113-114,0.6143612149457929,2.208473325531116,0.6544822242236347,2.2183146654020307,0.938698091723676,0.995563596082916,0.8969319697363615,0.9952970019037322,0.547871174459082,0.913366265437877,0.4914031716693581,0.9090707056303273,0.48662426323976943,0.9476319637260994,0.30189904957500296,2.0076584044063273
Kin2,20110524,3,deep_anesthesia,1,2,426.23,506.23,0.01,0.855089967331617,0.9567894878398038,27;35;56,BP055-056;BP071-072;BP113-114,0.7559655305305698,2.7175050582336158,0.8219450584459113,2.7859164234264466,0.9197275690906982,0.97544385588255,0.7391363372336617,0.8201961857408256,0.42071961154501414,0.7013895205797935,0.3109691526797507,0.575277009498133,0.7130530902757621,1.388570096526501,0.2350819604841897,1.563318183196685
Kin2,20110524,3,deep_anesthesia,2,2,749.574,829.574,0.01,0.8992371016182401,0.9584724290402347,27;35;56,BP055-056;BP071-072;BP113-114,1.215816479726861,4.3705530214091235,1.4465795132727923,4.903064483943373,0.8404767719792706,0.8913921152213834,0.8573300775366982,0.9513520362809489,0.5017167671997247,0.8364213912462409,0.4301368749248015,0.7957311937510555,0.5663007401188783,1.1027906394260096,0.5229675010717855,3.4777853730781647
Kin2,20110524,3,deep_anesthesia,3,2,1072.918,1152.918,0.01,0.902193078779674,0.9525111599022549,27;35;56,BP055-056;BP071-072;BP113-114,1.7975067829740468,6.461582674957264,2.1329975425286234,7.229622982458485,0.8427139493293276,0.8937648188066312,0.7919400353436511,0.8787907772946868,0.46093081397868363,0.7684263670279912,0.36502956511325657,0.6752860043742606,0.6601419204061475,1.2855330726987702,0.6561431192771451,4.3634163465058355
Kin2,20110524,3,deep_anesthesia,4,2,1396.2619999999995,1476.2619999999995,0.01,0.9028195647669903,0.9689397858705993,27;35;56,BP055-056;BP071-072;BP113-114,1.4218343076918358,5.1111350545452,1.6100153004142241,5.457016890973881,0.8831185065918484,0.9366170485928342,0.7791861501743464,0.8646381948247315,0.4439860720267675,0.7401774713077326,0.345947798193567,0.6399857126414523,0.667892835414314,1.300626884012169,0.4918804481420647,3.2710534102898134
Kin2,20110524,3,deep_anesthesia,5,2,1719.6059999999998,1799.6059999999998,0.01,0.9011595424548071,0.9612218072690965,27;35;56,BP055-056;BP071-072;BP113-114,1.1651366276277852,4.188371759344027,1.3082650547842385,4.434258792442334,0.8905967665856074,0.9445483349962812,0.8140454184275066,0.9033204208481012,0.4908900488361437,0.8183719668930525,0.3996067952067177,0.7392521095441206,0.6204526412521113,1.2082438120005605,0.4655965137443021,3.0962626586500908
Kin2,20110524,3,deep_anesthesia,6,2,2042.95,2122.95,0.01,0.8998848332196733,0.9537408786705521,27;35;56,BP055-056;BP071-072;BP113-114,1.1104429363491797,3.9917617596807315,1.3107764477409112,4.442770956134759,0.8471642424327954,0.8984847067501294,0.7935074905686842,0.8805301327182117,0.5022854001226961,0.8373693698103115,0.39856722740064804,0.7373289623332389,0.6541666903396884,1.2738971567995172,0.4425861623273269,2.943241556146897
Kin2,20110524,3,recovery_eyes_closed,1,3,483.25,563.25,0.01,0.3973869574361584,0.8355752343815863,27;35;56,BP055-056;BP071-072;BP113-114,0.37787924399845824,1.3583803963212309,0.38509940636143214,1.3052633504027433,0.9812511724409217,1.0406945049840695,0.8941381097719868,0.9921967439799363,0.47841728976184056,0.7975783973342045,0.427771131149889,0.7913546889037336,0.5227586076464337,1.0179984915273872,0.1616458316432852,1.0749606959437166
Kin2,20110524,3,recovery_eyes_closed,2,3,815.1899999999999,895.1899999999999,0.01,0.2793477303092817,0.8073840242967276,27;35;56,BP055-056;BP071-072;BP113-114,0.25856225814241157,0.9294659822348815,0.26164564725891637,0.886826799828769,0.9882154006810074,1.0480806200425443,0.8865772628973859,0.9838067116474335,0.47478067492682285,0.7915157288355826,0.42092975125319615,0.7786984864029561,0.5404484199591789,1.0524469003844958,0.10883654700334995,0.7237737535293387
Kin2,20110524,3,recovery_eyes_closed,3,3,1147.13,1227.13,0.01,0.29448585825361084,0.8510460591976213,27;35;56,BP055-056;BP071-072;BP113-114,0.38933664542446556,1.3995668592906942,0.40255827743111183,1.3644387845120127,0.9671559802694435,1.0257454384743578,0.9256130058404411,1.0271234393695232,0.4819362946217742,0.8034449960472116,0.4460865022884648,0.825237187684245,0.5083505879396617,0.9899409098580463,0.17367782237012408,1.1549746189371237
Kin2,20110524,3,recovery_eyes_closed,4,3,1479.0699999999997,1559.0699999999997,0.01,0.6478327775316413,0.8965789647485292,27;35;56,BP055-056;BP071-072;BP113-114,0.49908565004907424,1.7940867985717328,0.5964391882914893,2.0215824806807863,0.8367754162477384,0.8874665346167612,0.8499829064701986,0.9431991132258031,0.2849227058187485,0.4749999632834512,0.24217942961117322,0.4480195441512402,0.5854901455743499,1.140159293946931,0.12086827805600638,0.8037859496638652
Kin2,20110524,3,recovery_eyes_closed,5,3,1811.01,1891.01,0.01,0.29833666296684336,0.8514242949614524,27;35;56,BP055-056;BP071-072;BP113-114,0.2841696050003111,1.0215179234992466,0.2998006996944852,1.0161502699618319,0.947861713764834,1.0052823422835053,0.9317272923125914,1.0339082694345063,0.5668120429184992,0.9449429409328205,0.5281142499986217,0.9769843207742054,0.5042230495829038,0.981903112374771,0.15007401781714375,0.9980069946485872
Kin2,20110524,3,recovery_eyes_closed,6,3,2142.95,2222.95,0.01,0.32363849387799026,0.8720099481946311,27;35;56,BP055-056;BP071-072;BP113-114,0.3530840124924417,1.2692478045344302,0.3662105978698022,1.2412412588346222,0.9641556376202216,1.0225633377076935,0.919347578358927,1.0201708929129294,0.5031064379924741,0.8387381373744065,0.46252968542516676,0.8556562345253755,0.4638409896860306,0.9032647591109844,0.1633118372267847,1.0860397971075302
Kin2,20110524,3,recovery_eyes_open,1,3,2346.82,2426.82,0.01,0.28124340917843726,0.7702910494269922,27;35;56,BP055-056;BP071-072;BP113-114,0.18269047571291366,0.6567260963505961,0.21564958740384294,0.730926868018926,0.8471635763939239,0.8984840003632092,0.8698928939065862,0.9652925957551439,0.6143773583669122,1.0242399665125743,0.5344424982204771,0.9886912559510845,0.5521766847448452,1.0752860381536384,0.09763755424109684,0.6492993490167227
Kin2,20110524,3,recovery_eyes_open,2,3,2499.76,2579.76,0.01,0.362146653911265,0.8439314959686015,27;35;56,BP055-056;BP071-072;BP113-114,0.22712256198773073,0.8164482190179405,0.25663408518117314,0.8698405147286381,0.8850054419988347,0.9386182928863066,0.8964400623102428,0.9947511478111704,0.6523835361088739,1.0876007751224026,0.5848227377596155,1.0818921194133284,0.5307007912268137,1.0334647713475538,0.13282643850864279,0.8833088940645576
Kin2,20110524,3,recovery_eyes_open,3,3,2652.7000000000003,2732.7000000000003,0.01,0.38535511867765415,0.7798703598078001,27;35;56,BP055-056;BP071-072;BP113-114,0.2747764806277189,0.9877520149171166,0.29984549787367065,1.0163021097738119,0.9163935512664804,0.9719078661924165,0.9523535696712243,1.0567965962063979,0.7127159333815013,1.188182041213323,0.6787575633174313,1.2556667368278096,0.4429481887938627,0.862578982768122,0.18650661444780986,1.2402873493660693
Kin2,20110524,3,recovery_eyes_open,4,3,2805.6400000000003,2885.6400000000003,0.01,0.3760737738627935,0.8224450016893724,27;35;56,BP055-056;BP071-072;BP113-114,0.316839578256077,1.1389582220173424,0.36572505499255414,1.2395955504480294,0.8663327106821478,0.9188143839381214,0.9489113696660656,1.052976895871606,0.5511004211164695,0.9187498028407124,0.5229454554251746,0.9674223154778633,0.45645918480426334,0.888889737591547,0.16568981754784426,1.1018536003765662
Kin2,20110524,3,recovery_eyes_open,5,3,2958.58,3038.58,0.01,0.3615334209853146,0.8096691700759076,27;35;56,BP055-056;BP071-072;BP113-114,0.2747521845162756,0.9876646765358331,0.306530915381142,1.0389617927296806,0.8963278114204154,0.9506265614839658,0.9009030714797291,0.9997036077476406,0.7133713028134036,1.1892746198310786,0.6426783978100912,1.188922128047833,0.505893188248758,0.9851554713366555,0.17657729373974268,1.1742563890246578
Kin2,20110524,3,recovery_eyes_open,6,3,3111.52,3191.52,0.01,0.329743277247983,0.7565047471805655,27;35;56,BP055-056;BP071-072;BP113-114,0.21223841124493342,0.7629434581557947,0.23791036072886776,0.8063779621852657,0.8920940248029335,0.9461362957988528,0.8888010076892446,0.9862743308192494,0.7196635552190621,1.199764551312915,0.6396376930759268,1.183296979986802,0.5230148173882567,1.018497423781922,0.135755687750809,0.9027886899364385
Kin2,20110524,4,eyes_open,1,1,66.1,146.1,0.01,0.2895160347534518,0.7872760878993932,9;27;35;56,BP019-020;BP055-056;BP071-072;BP113-114,0.26843808124545226,0.7969909491725528,0.2888279518128834,0.799222151123878,0.9294047877310688,0.9972082831435696,0.9050841288197959,1.0009136330125938,0.6551655972751015,1.0221341075949057,0.5929799838424366,1.0230679630589028,0.43097823980568095,1.0278669980018853,0.15917840907962302,0.8153759069463447
Kin2,20110524,4,eyes_open,2,1,276.298,356.298,0.01,0.25507875950651493,0.7737358067520312,9;27;35;56,BP019-020;BP055-056;BP071-072;BP113-114,0.20021504179866473,0.5944371806764412,0.23068795263604353,0.6383416860691734,0.8679041948694394,0.9312209959792999,0.9080108646083628,1.0041502489886382,0.6827819475300969,1.0652188080741731,0.6199734265157851,1.0696397313550616,0.40084977759022755,0.9560117413982708,0.12412800550391925,0.635833626246208
Kin2,20110524,4,eyes_open,3,1,486.496,566.496,0.01,0.2604979592800202,0.7440889948361271,9;27;35;56,BP019-020;BP055-056;BP071-072;BP113-114,0.24635206430558831,0.7314177059029134,0.32747901375300875,0.9061743511208566,0.7522682491385295,0.8071489829724436,0.8506656736738397,0.9407334001384444,0.660015010228912,1.0296997526814577,0.5614521133112236,0.968672949461743,0.47080401414861567,1.1228499816797384,0.138314887122955,0.7085045464655163
Kin2,20110524,4,eyes_open,4,1,696.6940000000001,776.6940000000001,0.01,0.2564438779728271,0.7105438349078644,9;27;35;56,BP019-020;BP055-056;BP071-072;BP113-114,0.25844611857246014,0.7673248757976537,0.2927886933698687,0.8101820058309815,0.8827052561280948,0.9471018490599894,0.9069480419650331,1.0029748956272106,0.6726835822808314,1.0494641903177537,0.6100890578116243,1.0525862367484442,0.35301712359128845,0.8419326489259452,0.15767514897494353,0.807675603379319
Kin2,20110524,4,eyes_open,5,1,906.892,986.892,0.01,0.2593616991004273,0.7679909990786824,9;27;35;56,BP019-020;BP055-056;BP071-072;BP113-114,0.2012496416861448,0.597508901136187,0.24339939109157865,0.6735157858145236,0.8268288625686204,0.8871490672094391,0.8684054747596842,0.9603514756171369,0.6812962324812138,1.0629009207614901,0.5916413782198326,1.0207584676881105,0.4662839679433277,1.1120698403761915,0.11906761537343813,0.6099122703537802
Kin2,20110524,4,eyes_open,6,1,1117.09,1197.09,0.01,0.24808405649834675,0.7268570101759456,9;27;35;56,BP019-020;BP055-056;BP071-072;BP113-114,0.24437463114790606,0.7255467194841668,0.2827264767404616,0.7823386258216978,0.8643500034566557,0.9274075132390633,0.8618638054661376,0.9531171801852762,0.7372511638527269,1.1501970853965517,0.6354100936624502,1.0962726026904848,0.44152699575957394,1.0530253867870623,0.15527810726641744,0.7953969905424485
Kin2,20110524,4,eyes_closed,1,1,1557.96,1637.96,0.01,0.26161062686549397,0.7817355109015938,9;27;35;56,BP019-020;BP055-056;BP071-072;BP113-114,0.4461605135718755,1.3246477159469223,0.4569308614922407,1.264383394143592,0.9764289330661723,1.0476630127241977,0.9186735768673959,1.0159419197572699,0.7029756011238601,1.0967232432597023,0.6458051099349644,1.1142071171996812,0.3555714633294947,0.848024653756098,0.28813273951592533,1.4759319128903616
Kin2,20110524,4,eyes_closed,2,1,1771.274,1851.274,0.01,0.371785231428608,0.8088630613953958,9;27;35;56,BP019-020;BP055-056;BP071-072;BP113-114,0.9719504052347063,2.8857145469921264,1.0239667482387853,2.8334408150943373,0.9492011404730215,1.018448852582103,0.8895827569961323,0.9837709896994975,0.6394654310449663,0.9976400324092203,0.5688574211527013,0.9814493220470576,0.37450437930129993,0.8931789509014382,0.5529012010101384,2.8321825857667537
Kin2,20110524,4,eyes_closed,3,1,1984.588,2064.588,0.01,0.37034541802230914,0.8616672917039518,9;27;35;56,BP019-020;BP055-056;BP071-072;BP113-114,0.7466820343998117,2.2168941923789753,0.7894489800680047,2.184501562581653,0.9458268403051089,1.0148283848142643,0.9095240377794918,1.0058236355920105,0.691255270648391,1.0784381721554104,0.6287132848964799,1.0847186030785574,0.36741240387370566,0.8762648545054086,0.46944891462069205,2.4047063715302865
Kin2,20110524,4,eyes_closed,4,1,2197.902,2277.902,0.01,0.2870321858007735,0.811013221575508,9;27;35;56,BP019-020;BP055-056;BP071-072;BP113-114,0.6114921657253474,1.8155163355060713,0.6673487774810444,1.8466354178692046,0.9163007206418632,0.9831482261945127,0.8517794371835886,0.9419650879400119,0.6050086132888579,0.9438834114660855,0.5153338961184069,0.8891052206867697,0.4252596071310511,1.0142282727553449,0.3151226402091254,1.6141850521405574
Kin2,20110524,4,eyes_closed,5,1,2411.2160000000003,2491.2160000000003,0.01,0.3089058490901021,0.8419180955824401,9;27;35;56,BP019-020;BP055-056;BP071-072;BP113-114,0.6613141948524219,1.9634376218580705,0.7055460218427475,1.9523318493058073,0.9373083744774001,1.005688465593701,0.8343194398350149,0.9226564415699343,0.6107317584039631,0.9528121797793091,0.5095453785610481,0.8791182952796698,0.48578369358491236,1.158575957404543,0.33696959176387203,1.7260939350158342
Kin2,20110524,4,eyes_closed,6,1,2624.53,2704.53,0.01,0.3432133319717501,0.8448173663964096,9;27;35;56,BP019-020;BP055-056;BP071-072;BP113-114,0.69527611368202,2.064270342007686,0.7415896911812195,2.052069076129871,0.9375482452764003,1.0059458358491646,0.8604292709612724,0.9515307584403508,0.5813333544183603,0.9069472693696113,0.5001962343276608,0.8629882230886716,0.42847636629320435,1.0219001231596445,0.3477744938817171,1.7814409944238565
Kin2,20110524,4,deep_anesthesia,1,2,426.23,506.23,0.01,0.855089967331617,0.9567894878398038,9;27;35;56,BP019-020;BP055-056;BP071-072;BP113-114,1.1672076993900808,3.4654322065721144,1.2343048076041947,3.4154718658084042,0.9456397578614715,1.0146276540187178,0.7949536205960032,0.8791226043316047,0.5561576647151242,0.8676702816356258,0.44211954918750596,0.7627885576926483,0.4685314994035752,1.117430118927612,0.5160453418625293,2.643392034632796
Kin2,20110524,4,deep_anesthesia,2,2,749.574,829.574,0.01,0.8992371016182401,0.9584724290402347,9;27;35;56,BP019-020;BP055-056;BP071-072;BP113-114,1.6703640892208917,4.959300315198698,1.9844365851146235,5.49117793610129,0.8417321580091759,0.9031396128313732,0.8725165518964807,0.9648978299521218,0.6662237072875381,1.039386038185062,0.581291211874213,1.0029013327272993,0.39949573351484474,0.9527823968736993,0.9709679656943788,4.9736888955076894
Kin2,20110524,4,deep_anesthesia,3,2,1072.918,1152.918,0.01,0.902193078779674,0.9525111599022549,9;27;35;56,BP019-020;BP055-056;BP071-072;BP113-114,2.071145811292305,6.149218688935835,2.5067512759522486,6.936486356407131,0.8262270896842493,0.886503392781259,0.8270749095472675,0.914644866845677,0.5521832355380779,0.8614697124406386,0.45669689958617327,0.7879388504268516,0.5248049361583762,1.2516401628743454,0.9458858706080844,4.845208304783405
Kin2,20110524,4,deep_anesthesia,4,2,1396.2619999999995,1476.2619999999995,0.01,0.9028195647669903,0.9689397858705993,9;27;35;56,BP019-020;BP055-056;BP071-072;BP113-114,1.7999587851689285,5.344066139973434,2.09597518870724,5.799818848925394,0.8587691280253708,0.9214194924318366,0.7712674859367593,0.8529286027588189,0.508539684931693,0.7933807257220655,0.3922201242963385,0.676697113845899,0.5763094928743099,1.3744766061223712,0.7059800584472431,3.616314133121612
Kin2,20110524,4,deep_anesthesia,5,2,1719.6059999999998,1799.6059999999998,0.01,0.9011595424548071,0.9612218072690965,9;27;35;56,BP019-020;BP055-056;BP071-072;BP113-114,1.4372908381538974,4.267307321012582,1.6978741211976818,4.698224666151048,0.8465237912572878,0.9082808133372028,0.8434884674914308,0.932796277736041,0.5820861167195938,0.9081216656233256,0.49098292653984826,0.8470925094248919,0.4893136160962789,1.1669946906950532,0.7056852620057125,3.61480406704376
Kin2,20110524,4,deep_anesthesia,6,2,2042.95,2122.95,0.01,0.8998848332196733,0.9537408786705521,9;27;35;56,BP019-020;BP055-056;BP071-072;BP113-114,1.4585832083293195,4.330524232106229,1.737811303886404,4.808735719038984,0.839321970726842,0.9005535935278379,0.8442309235754897,0.9336173444112645,0.6100482594924121,0.9517458424244389,0.5150216055368991,0.8885664259587667,0.48382495891446653,1.1539044484056176,0.7512018657629279,3.847958439450463
Kin2,20110524,4,recovery_eyes_closed,1,3,483.25,563.25,0.01,0.3973869574361584,0.8355752343815863,9;27;35;56,BP019-020;BP055-056;BP071-072;BP113-114,0.6492034112226186,1.9274807825916078,0.6883989403053552,1.904883784442994,0.9430627695833603,1.0118626649736648,0.8674569495535878,0.9593025214041445,0.6121901533135556,0.955087444514877,0.5310486029401202,0.9162177936845627,0.43791471421467965,1.0444102302790161,0.34475856455373144,1.7659921899954727
Kin2,20110524,4,recovery_eyes_closed,2,3,815.1899999999999,895.1899999999999,0.01,0.2793477303092817,0.8073840242967276,9;27;35;56,BP019-020;BP055-056;BP071-072;BP113-114,0.31457224312302495,0.933962981208748,0.32067190626323316,0.88733825490246,0.9809784922811382,1.052544479006389,0.8934165470960372,0.9880106980922492,0.519296691582824,0.8101629002432492,0.4639482571123224,0.8004496126377739,0.4402567009147557,1.049995781048013,0.14594524393284114,0.747590306526562
Kin2,20110524,4,recovery_eyes_closed,3,3,1147.13,1227.13,0.01,0.29448585825361084,0.8510460591976213,9;27;35;56,BP019-020;BP055-056;BP071-072;BP113-114,0.4754892893618102,1.4117246639955703,0.4959298575870892,1.372298370360261,0.9587833482647503,1.0287301176528825,0.9075073409401685,1.0035934126813908,0.5310398850928225,0.8284836403257242,0.48192259405376,0.8314607239451955,0.43389106489388163,1.0348139769966098,0.22914903177402263,1.1737936111370446
Kin2,20110524,4,recovery_eyes_closed,4,3,1479.0699999999997,1559.0699999999997,0.01,0.6478327775316413,0.8965789647485292,9;27;35;56,BP019-020;BP055-056;BP071-072;BP113-114,0.5440801173005072,1.6153703941757385,0.6759380204847518,1.870402900299008,0.8049260447138598,0.8636483582855333,0.787205275372409,0.8705538711932872,0.28096333438789245,0.43833529760395956,0.22117581901637112,0.3815944902097887,0.5246081569585922,1.251170851835713,0.12033736555446296,0.6164164420654759
Kin2,20110524,4,recovery_eyes_closed,5,3,1811.01,1891.01,0.01,0.29833666296684336,0.8514242949614524,9;27;35;56,BP019-020;BP055-056;BP071-072;BP113-114,0.33618207127508254,0.9981224230079764,0.3550132643432421,0.9823649789606674,0.9469563676641874,1.0160403153459117,0.9159237109695496,1.0129009004989828,0.5761549492215466,0.8988683583330365,0.5277139791844714,0.9104645695855752,0.41776148434398563,0.9963455300830804,0.1774079785630515,0.9087551022576683
Kin2,20110524,4,recovery_eyes_closed,6,3,2142.95,2222.95,0.01,0.32363849387799026,0.8720099481946311,9;27;35;56,BP019-020;BP055-056;BP071-072;BP113-114,0.44435017780804836,1.3192728406235723,0.4709308134400529,1.3031229677933411,0.9435572384023071,1.0123932071104378,0.9276927548124496,1.0259160402575842,0.5457782975746241,0.8514772684284623,0.5063145723938519,0.8735441875954721,0.369715278343297,0.881757124066167,0.224980970270014,1.1524431217792879
Kin2,20110524,4,recovery_eyes_open,1,3,2346.82,2426.82,0.01,0.28124340917843726,0.7702910494269922,9;27;35;56,BP019-020;BP055-056;BP071-072;BP113-114,0.23367584152079843,0.693782081395768,0.2766736130556223,0.7655896141547424,0.8445902698853336,0.9062062344742565,0.8890227834966788,0.983151726702963,0.6735583852451295,1.0508289841209588,0.5988087504981533,1.0331243302080413,0.4262178546874102,1.0165136573713793,0.13992713868267373,0.7167631481523427
Kin2,20110524,4,recovery_eyes_open,2,3,2499.76,2579.76,0.01,0.362146653911265,0.8439314959686015,9;27;35;56,BP019-020;BP055-056;BP071-072;BP113-114,0.34687919435037223,1.029882113114669,0.382376376819891,1.0580820467782583,0.9071669051191443,0.9733480652568911,0.8988734001480092,0.9940453179017769,0.6380784302003569,0.9954761506723975,0.573551728115299,0.9895484066587805,0.39203004437758404,0.9349770072443032,0.19895316136689872,1.0191182040789981
Kin2,20110524,4,recovery_eyes_open,3,3,2652.7000000000003,2732.7000000000003,0.01,0.38535511867765415,0.7798703598078001,9;27;35;56,BP019-020;BP055-056;BP071-072;BP113-114,0.4377644711309841,1.299719919550775,0.47235879597119707,1.3070743695297207,0.9267626111014086,0.9943733500171136,0.9211431150217719,1.018672930419431,0.6696669023690973,1.044757820749046,0.6168590564752511,1.0642665108410494,0.39867346965590733,0.9508213282948482,0.2700389786202466,1.3832483838509138
Kin2,20110524,4,recovery_eyes_open,4,3,2805.6400000000003,2885.6400000000003,0.01,0.3760737738627935,0.8224450016893724,9;27;35;56,BP019-020;BP055-056;BP071-072;BP113-114,0.4285643678713712,1.2724048717179757,0.48037473954081666,1.329255462539546,0.8921459281581495,0.9572312528150478,0.9454392901736588,1.0455415630307396,0.6359629861343531,0.9921758132591315,0.6012643941875832,1.0373610505962474,0.34044012966799636,0.8119369883708997,0.25768049501856427,1.3199432545091403
Kin2,20110524,4,recovery_eyes_open,5,3,2958.58,3038.58,0.01,0.3615334209853146,0.8096691700759076,9;27;35;56,BP019-020;BP055-056;BP071-072;BP113-114,0.4103357308041722,1.2182841646599303,0.46057013551198794,1.2744537089878973,0.8909299565158014,0.9559265715719294,0.8891888320317939,0.9833353563095888,0.7142662701831686,1.1143379928605421,0.6351175905438774,1.0957679472588333,0.4187051479815428,0.9985961325977148,0.26061144066240693,1.334956738287353
Kin2,20110524,4,recovery_eyes_open,6,3,3111.52,3191.52,0.01,0.329743277247983,0.7565047471805655,9;27;35;56,BP019-020;BP055-056;BP071-072;BP113-114,0.31907074791159656,0.9473190132019237,0.3452179021006807,0.9552600175696407,0.9242589853249891,0.9916870755379039,0.8946568275986868,0.9893822983936271,0.7120838482476136,1.110933162224178,0.6370706766574747,1.0991376054030577,0.3696009765365932,0.8814845185281802,0.20327061727364756,1.04123395172355
Kin2,20110524,5,eyes_open,1,1,66.1,146.1,0.01,0.2895160347534518,0.7872760878993932,9;21;27;35;37,BP019-020;BP043-044;BP055-056;BP071-072;BP075-076,0.34571051837166167,0.944549412896967,0.3721308418782819,0.9041521960405615,0.929002596577948,1.0446796645888956,0.8396839674514233,0.9546800999311231,0.671263847493873,0.9061992043098954,0.5636494906703624,0.8651303469280751,0.3851739135870362,1.0951217190663713,0.19485955759957413,0.8171583612702633
Kin2,20110524,5,eyes_open,2,1,276.298,356.298,0.01,0.25507875950651493,0.7737358067520312,9;21;27;35;37,BP019-020;BP043-044;BP055-056;BP071-072;BP075-076,0.27067094834936256,0.7395264875244614,0.29253822816018366,0.7107690404853849,0.9252498384626595,1.040459622466727,0.835520323950105,0.9499462384451397,0.7301226771743646,0.9856580114871432,0.6100323357560431,0.9363221204055279,0.4008765201284085,1.1397671762554775,0.1651180308428648,0.6924350088949555
Kin2,20110524,5,eyes_open,3,1,486.496,566.496,0.01,0.2604979592800202,0.7440889948361271,9;21;27;35;37,BP019-020;BP043-044;BP055-056;BP071-072;BP075-076,0.3192548996760204,0.8722674377216282,0.38872811648905325,0.9444779648262769,0.8212807001445976,0.9235445084016006,0.8733391989523618,0.99294447202583,0.7673519196802805,1.0359171012055552,0.6701585108481333,1.0286081591190785,0.38952327081161875,1.1074877578675486,0.2139513881478516,0.8972214033743581
Kin2,20110524,5,eyes_open,4,1,696.6940000000001,776.6940000000001,0.01,0.2564438779728271,0.7105438349078644,9;21;27;35;37,BP019-020;BP043-044;BP055-056;BP071-072;BP075-076,0.3155312448658315,0.86209367737045,0.34923645739221043,0.848526578164876,0.9034888488502613,1.0159890091302926,0.8947966678061556,1.0173405773507707,0.761273153856546,1.0277108306411262,0.6811846813611202,1.0455319297940835,0.3237655368045394,0.9205261798180281,0.21493505049340886,0.9013464661644041
Kin2,20110524,5,eyes_open,5,1,906.892,986.892,0.01,0.2593616991004273,0.7679909990786824,9;21;27;35;37,BP019-020;BP043-044;BP055-056;BP071-072;BP075-076,0.30091759049425104,0.8221662874779734,0.3369534574801666,0.8186830390258305,0.8930538738038126,1.0042546972223678,0.8437950335287427,0.9593541834264065,0.6866720009076053,0.9270000509747925,0.5794104240290816,0.8893213769391592,0.43351588236512156,1.2325670082820621,0.17435478870608342,0.7311700548528677
Kin2,20110524,5,eyes_open,6,1,1117.09,1197.09,0.01,0.24808405649834675,0.7268570101759456,9;21;27;35;37,BP019-020;BP043-044;BP055-056;BP071-072;BP075-076,0.30709658913346743,0.8390485320924936,0.34853917208515267,0.846832410494008,0.8810963407534569,0.9908082422152767,0.8804391537044122,1.0010167775299672,0.7989356130284015,1.0785547583475128,0.7034141949990416,1.07965140859064,0.3466489634957027,0.985588056264376,0.21601610003226934,0.9058799295495695
Kin2,20110524,5,eyes_closed,1,1,1557.96,1637.96,0.01,0.26161062686549397,0.7817355109015938,9;21;27;35;37,BP019-020;BP043-044;BP055-056;BP071-072;BP075-076,0.4374300106076388,1.195145179987754,0.5223566854340611,1.2691502318589163,0.837416314953735,0.9416892894052681,0.9069000758303207,1.0311015674731474,0.7553121161229194,1.0196634917724514,0.6849926153874356,1.051376624661717,0.3051861336487082,0.8677014499868805,0.2996363270150807,1.2565477053162477
Kin2,20110524,5,eyes_closed,2,1,1771.274,1851.274,0.01,0.371785231428608,0.8088630613953958,9;21;27;35;37,BP019-020;BP043-044;BP055-056;BP071-072;BP075-076,0.9976408494261606,2.7257518314628024,1.082266763462213,2.6295425177527583,0.9218067884064639,1.0365878524726295,0.8417232282632057,0.9569986409430314,0.6538041928248054,0.8826288523123836,0.5503221758365147,0.8446746121200588,0.40513973629889327,1.1518882998744004,0.5490238829595935,2.3023733709763836
Kin2,20110524,5,eyes_closed,3,1,1984.588,2064.588,0.01,0.37034541802230914,0.8616672917039518,9;21;27;35;37,BP019-020;BP043-044;BP055-056;BP071-072;BP075-076,0.8117383781451243,2.217829564788165,0.8734108519726005,2.122093229012665,0.9293889311219471,1.0451141045391505,0.8666318184351895,0.9853185044587162,0.7258551776399778,0.9798969315527892,0.6290491925187315,0.9655105791212792,0.33482697556739166,0.9519759260391852,0.5106233713086543,2.141337907490913
Kin2,20110524,5,eyes_closed,4,1,2197.902,2277.902,0.01,0.2870321858007735,0.811013221575508,9;21;27;35;37,BP019-020;BP043-044;BP055-056;BP071-072;BP075-076,0.6402511147391059,1.7492924929848568,0.7407971594042483,1.7998867686302655,0.8642731773620705,0.9718903008082496,0.7972189458821638,0.9063994221918958,0.6335326152371293,0.8552624336550374,0.5050642037013147,0.7752093756873605,0.39829247237551785,1.1324202435648871,0.32336791943458565,1.356067941381378
Kin2,20110524,5,eyes_closed,5,1,2411.2160000000003,2491.2160000000003,0.01,0.3089058490901021,0.8419180955824401,9;21;27;35;37,BP019-020;BP043-044;BP055-056;BP071-072;BP075-076,0.754665811452343,2.061896040936759,0.8345019241685349,2.0275576824772976,0.90433082248943,1.0169358232104677,0.7977059979339004,0.9069531768417969,0.5634573801280477,0.7606615959445598,0.44947333170826537,0.6898844509434698,0.4353465768089522,1.2377720161387535,0.3392021565998064,1.4224700181041714
Kin2,20110524,5,eyes_closed,6,1,2624.53,2704.53,0.01,0.3432133319717501,0.8448173663964096,9;21;27;35;37,BP019-020;BP043-044;BP055-056;BP071-072;BP075-076,0.7514696240146763,2.0531634256204057,0.8178011643322812,1.986980479563185,0.9188903816592591,1.033308302088489,0.825408952567954,0.9384500977353778,0.5970147146299783,0.8059636480928221,0.49278129027038636,0.7563566643238704,0.4068647011264616,1.1567926985905632,0.37031017092095453,1.5529238399140226
Kin2,20110524,5,deep_anesthesia,1,2,426.23,506.23,0.01,0.855089967331617,0.9567894878398038,9;21;27;35;37,BP019-020;BP043-044;BP055-056;BP071-072;BP075-076,1.4774682927537155,4.036735170996755,1.6237028858795948,3.9450493341952475,0.9099375911704063,1.0232407326333752,0.7588504066529574,0.8627762469433236,0.5508330240626356,0.7436188467124769,0.4179998643078093,0.6415766777229134,0.4587683633853609,1.3043645507688704,0.6175815458901439,2.589875139855336
Kin2,20110524,5,deep_anesthesia,2,2,749.574,829.574,0.01,0.8992371016182401,0.9584724290402347,9;21;27;35;37,BP019-020;BP043-044;BP055-056;BP071-072;BP075-076,2.107537266644743,5.758208044244883,2.5289160464717817,6.144411426579801,0.8333757340758996,0.9371455855536854,0.8634245432437104,0.9816719875321143,0.535699664162873,0.7231889684300399,0.46253623784563763,0.7099343520000166,0.37002795639939184,1.0520589204521793,0.974812358433338,4.087949696572276
Kin2,20110524,5,deep_anesthesia,3,2,1072.918,1152.918,0.01,0.902193078779674,0.9525111599022549,9;21;27;35;37,BP019-020;BP043-044;BP055-056;BP071-072;BP075-076,2.7696539059690197,7.567241468766581,3.4653489245958218,8.419626882861087,0.7992424330811236,0.8987620917228989,0.8023265920822082,0.9122065691348954,0.4016582393778215,0.5422344407308747,0.3222610863817474,0.49462981884588997,0.4608832847028224,1.3103776689660487,0.8925516766390269,3.742983276859124
Kin2,20110524,5,deep_anesthesia,4,2,1396.2619999999995,1476.2619999999995,0.01,0.9028195647669903,0.9689397858705993,9;21;27;35;37,BP019-020;BP043-044;BP055-056;BP071-072;BP075-076,2.053997675578147,5.611927307555438,2.5379218047401846,6.166292375963862,0.8093226795805167,0.9100975051768008,0.8704679637772272,0.9896800163613461,0.573734186551005,0.7745351776041408,0.4994172291164372,0.7665419872437041,0.3643348519813795,1.0358723562089878,1.0258018277488394,4.30177791060075
Kin2,20110524,5,deep_anesthesia,5,2,1719.6059999999998,1799.6059999999998,0.01,0.9011595424548071,0.9612218072690965,9;21;27;35;37,BP019-020;BP043-044;BP055-056;BP071-072;BP075-076,1.9983952895858716,5.460010607733731,2.389290605887822,5.805168787915602,0.8363969140720326,0.9405429552883331,0.8395810379863426,0.9545630741025757,0.5543130623280872,0.7483168621335279,0.46539073623880367,0.7143156443209736,0.4129049508470365,1.1739662620751303,0.9300346551165279,3.9001709952626795
Kin2,20110524,5,deep_anesthesia,6,2,2042.95,2122.95,0.01,0.8998848332196733,0.9537408786705521,9;21;27;35;37,BP019-020;BP043-044;BP055-056;BP071-072;BP075-076,1.8803244597783741,5.137417782093887,2.2703000827295963,5.516062025685143,0.8282272788880173,0.9313560576679294,0.8741735152503729,0.9938930493449576,0.5798679989593071,0.7828157604845413,0.506905247031457,0.7780351432632725,0.3952657399446407,1.1238146752594231,0.9531463347832481,3.997091580094704
Kin2,20110524,5,recovery_eyes_closed,1,3,483.25,563.25,0.01,0.3973869574361584,0.8355752343815863,9;21;27;35;37,BP019-020;BP043-044;BP055-056;BP071-072;BP075-076,0.6737857194170038,1.840915655940482,0.7567857028129974,1.8387335262963196,0.8903256455724786,1.0011867568698536,0.7594276858922214,0.8634325855459307,0.5416252751435675,0.7311884815511519,0.4113252293230172,0.6313319611471141,0.4215324313433001,1.1984958081814372,0.27714506555377316,1.1622288913713306
Kin2,20110524,5,recovery_eyes_closed,2,3,815.1899999999999,895.1899999999999,0.01,0.2793477303092817,0.8073840242967276,9;21;27;35;37,BP019-020;BP043-044;BP055-056;BP071-072;BP075-076,0.46078318424060327,1.258950662529027,0.5051321190486634,1.227300356034064,0.912203296651212,1.0257885580651493,0.8299094842794927,0.9435669848389339,0.5764938637328276,0.7782607130633443,0.4784377251408031,0.7343411144437785,0.43566185377922956,1.2386684077309482,0.22045605845120994,0.9244992325512998
Kin2,20110524,5,recovery_eyes_closed,3,3,1147.13,1227.13,0.01,0.29448585825361084,0.8510460591976213,9;21;27;35;37,BP019-020;BP043-044;BP055-056;BP071-072;BP075-076,0.6002636249936413,1.6400387736007775,0.6527669732017336,1.5860031631458893,0.9195680076297817,1.0340703043414534,0.7908294840762052,0.8991349128385343,0.6212304598147927,0.8386546519360616,0.4912873640277563,0.7540636773701621,0.47961288076745906,1.363629425422522,0.29490193404487214,1.2366936686510555
Kin2,20110524,5,recovery_eyes_closed,4,3,1479.0699999999997,1559.0699999999997,0.01,0.6478327775316413,0.8965789647485292,9;21;27;35;37,BP019-020;BP043-044;BP055-056;BP071-072;BP075-076,0.6784132543143437,1.853558995203141,0.852596805370552,2.0715221292114605,0.7957023179549618,0.8947811703603239,0.6990744562081703,0.794813879485821,0.3555654574289731,0.48000966505969983,0.2485667287985687,0.38151834407678953,0.4499137600946888,1.279189251935606,0.16863096339850817,0.7071667584985415
Kin2,20110524,5,recovery_eyes_closed,5,3,1811.01,1891.01,0.01,0.29833666296684336,0.8514242949614524,9;21;27;35;37,BP019-020;BP043-044;BP055-056;BP071-072;BP075-076,0.4333040928825946,1.1838723579075705,0.4837751915696257,1.1754102391510166,0.8956724123796513,1.007199289639221,0.7668523769270918,0.8718741005133317,0.4611373417306524,0.62253060955694,0.35362426659599144,0.5427683152494731,0.49402182330129457,1.4045967530658487,0.15322684205864862,0.6425684051719125
Kin2,20110524,5,recovery_eyes_closed,6,3,2142.95,2222.95,0.01,0.32363849387799026,0.8720099481946311,9;21;27;35;37,BP019-020;BP043-044;BP055-056;BP071-072;BP075-076,0.5737627314887416,1.5676330987049167,0.6315351019222065,1.534416890568907,0.9085207294770744,1.0216474468836787,0.801709279309178,0.9115047143386987,0.5582613537854361,0.753647014487764,0.447563307609488,0.6869528066528824,0.44189024677562416,1.2563768978561274,0.2567951458881558,1.0768899569572983
Kin2,20110524,5,recovery_eyes_open,1,3,2346.82,2426.82,0.01,0.28124340917843726,0.7702910494269922,9;21;27;35;37,BP019-020;BP043-044;BP055-056;BP071-072;BP075-076,0.26880809033562786,0.7344367915225252,0.3112428143262846,0.7562148642519666,0.863660389774746,0.9712012104509691,0.8928298781871427,1.0151044325834462,0.725584571143678,0.9795316156005843,0.6478235842686801,0.9943268848517772,0.3418299699401149,0.9718867532409755,0.17414022056164552,0.7302702470351266
Kin2,20110524,5,recovery_eyes_open,2,3,2499.76,2579.76,0.01,0.362146653911265,0.8439314959686015,9;21;27;35;37,BP019-020;BP043-044;BP055-056;BP071-072;BP075-076,0.3906542489920353,1.067344561192788,0.4267915420176442,1.0369592265427097,0.9153280009843426,1.0293023427269992,0.8752325986417135,0.9950971759891155,0.6480592483713614,0.8748732371217964,0.5672025800258623,0.8705838876083554,0.33387409603867085,0.9492667107191812,0.22158009792634797,0.9292129775008516
Kin2,20110524,5,recovery_eyes_open,3,3,2652.7000000000003,2732.7000000000003,0.01,0.38535511867765415,0.7798703598078001,9;21;27;35;37,BP019-020;BP043-044;BP055-056;BP071-072;BP075-076,0.5009138876194327,1.3685956698436867,0.5272636433075982,1.2810724813420384,0.9500254644472168,1.0683202471182272,0.8453604553678244,0.9611339924208606,0.7468710593615662,1.0082681530405486,0.631375258842943,0.9690807953626697,0.3408825582085445,0.9691930838943712,0.3162646354537442,1.3262797802620263
Kin2,20110524,5,recovery_eyes_open,4,3,2805.6400000000003,2885.6400000000003,0.01,0.3760737738627935,0.8224450016893724,9;21;27;35;37,BP019-020;BP043-044;BP055-056;BP071-072;BP075-076,0.4345656174521223,1.1873190921785293,0.4806753492493985,1.1678786698054968,0.9040730258598052,1.016645926392568,0.9054690611979241,1.029474572978533,0.7484233394268104,1.0103637149648832,0.6776741785294094,1.0401437540164775,0.32696931294383386,0.9296351166110053,0.29449389782399266,1.2349825377540122
Kin2,20110524,5,recovery_eyes_open,5,3,2958.58,3038.58,0.01,0.3615334209853146,0.8096691700759076,9;21;27;35;37,BP019-020;BP043-044;BP055-056;BP071-072;BP075-076,0.5285887486705411,1.4442088559305708,0.5771011783842113,1.402160850576177,0.9159377392895002,1.0299880041131626,0.8500019869353143,0.9664111895479345,0.7785575253199404,1.0510445521361866,0.6617754434653905,1.0157412158978079,0.405255197219707,1.1522165769399706,0.3498070535622631,1.4669424593333003
Kin2,20110524,5,recovery_eyes_open,6,3,3111.52,3191.52,0.01,0.329743277247983,0.7565047471805655,9;21;27;35;37,BP019-020;BP043-044;BP055-056;BP071-072;BP075-076,0.4556429508344048,1.2449065296838746,0.4909911597208742,1.1929426033527564,0.9280064249902897,1.0435594522193055,0.8788907915444547,0.999256364566404,0.7587645431918304,1.0243242323656854,0.6668711699617345,1.0235625085710072,0.38238253025251207,1.0871852924080625,0.3038551477077567,1.2742396504596545
Kin2,20110525,3,eyes_open,1,1,64.9,144.9,0.01,0.2873892280302499,0.7997123517595195,27;35;37,BP055-056;BP071-072;BP075-076,0.1990824702184309,0.7655629071961241,0.21142197287878214,0.7419079283234576,0.9416356659039122,1.0318839817848033,0.9475363467896684,1.0048300856375023,0.6486091674658915,0.902621886871203,0.614580761034919,0.9069816278830749,0.4339888445486297,0.9758520291269149,0.12235225605555491,0.6943514918156403
Kin2,20110525,3,eyes_open,2,1,276.66,356.66,0.01,0.2666920226215449,0.8064801393490997,27;35;37,BP055-056;BP071-072;BP075-076,0.21662796541965468,0.8330333394230645,0.2349066952589516,0.8243189544390486,0.9221872760197525,1.0105716178635562,0.9629624475504134,1.0211889411062023,0.6113258651704834,0.8507374449689223,0.5886838513754427,0.8687636705872098,0.44944014428848755,1.0105952774688638,0.12752538499886856,0.7237091016787027
Kin2,20110525,3,eyes_open,3,1,488.42,568.42,0.01,0.26063211898421357,0.845811856209411,27;35;37,BP055-056;BP071-072;BP075-076,0.18642912545968093,0.7169050249193215,0.2015249344087477,0.7071778990466486,0.9250921033997296,1.0137548499264273,0.9313042750246784,0.9876165253166237,0.6973692354858503,0.9704777032977537,0.649462950278664,0.9584598172281847,0.47428709142839703,1.0664652476044048,0.12107880983891554,0.68712465915414
Kin2,20110525,3,eyes_open,4,1,700.18,780.18,0.01,0.2719564365318998,0.807971935383284,27;35;37,BP055-056;BP071-072;BP075-076,0.21829562314588152,0.8394462440635259,0.24008956692013156,0.8425063430276368,0.909225777472038,0.9963678624031314,0.944913956748214,1.0020491301429113,0.7158693822191916,0.9962230029164503,0.6764349704676359,0.998264393500788,0.4632757815917334,1.041705604165576,0.1476627933958986,0.8379892957065904
Kin2,20110525,3,eyes_open,5,1,911.94,991.94,0.01,0.23935357657816247,0.7743092079985946,27;35;37,BP055-056;BP071-072;BP075-076,0.22046731591422353,0.8477973933507763,0.22448511651057806,0.7877482432977869,0.9821021515421259,1.0762288593645133,0.9131388648189439,0.9683527253003903,0.7363897353401966,1.0247796758443255,0.6724260869928697,0.9923481919363032,0.5141925500407468,1.1561952562192648,0.14824797455002214,0.8413102104199536
Kin2,20110525,3,eyes_open,6,1,1123.7,1203.7,0.01,0.24794028198944718,0.8257722883321827,27;35;37,BP055-056;BP071-072;BP075-076,0.2068157728040772,0.795300983096021,0.23138272209368219,0.8119528621407259,0.8938254807130399,0.9794915692509515,0.9491419794340771,1.0065328044757293,0.6737651441067937,0.937629617629022,0.6394987825512083,0.9437549685916453,0.4820706939446584,1.0839671820546113,0.13225843492059472,0.7505692543226903
Kin2,20110525,3,eyes_closed,1,2,53.760000000000005,133.76,0.01,0.31206839852184365,0.8357082030292267,27;35;37,BP055-056;BP071-072;BP075-076,0.402486690576654,1.5477449149969595,0.4531079833617264,1.5900164049431917,0.8882798479746487,0.9734144315650991,0.9409156922814601,0.9978091065911587,0.7100964310875184,0.9881892095249004,0.6681408750433065,0.9860241922990644,0.47698858596911137,1.072539733071821,0.2689178096351698,1.5261139296948592
Kin2,20110525,3,eyes_closed,2,2,269.002,349.002,0.01,0.2869512757000112,0.8355957578924923,27;35;37,BP055-056;BP071-072;BP075-076,0.4259821921397981,1.638095835713265,0.4893642093561761,1.7172443422767987,0.8704808892751567,0.9539095837354192,0.9354439158027597,0.9920064736406549,0.7251495551667172,1.0091375401085678,0.6783367394277832,1.0010709725815052,0.48277500382336597,1.085550868439421,0.28895937127041027,1.6398501914391925
Kin2,20110525,3,eyes_closed,3,2,484.244,564.244,0.01,0.332897742929229,0.829343091794005,27;35;37,BP055-056;BP071-072;BP075-076,0.4614264427372674,1.7743951467526276,0.5037423172642231,1.7676990424483194,0.915996982828901,1.0037880341299692,0.9423345335981449,0.9993137395760366,0.7623276214415307,1.0608755327464217,0.718367643600088,1.0601474958535466,0.4350277949675787,0.9781881764432087,0.33147382636394174,1.8811205714844847
Kin2,20110525,3,eyes_closed,4,2,699.4860000000001,779.4860000000001,0.01,0.3644609145596842,0.8386071891426329,27;35;37,BP055-056;BP071-072;BP075-076,0.60958013532831,2.3441136733883243,0.6684830936963669,2.345796420355418,0.9118856423991908,0.9992826543034631,0.9077736711584463,0.9626631198054612,0.7464931558797359,1.0388398664316436,0.6776468326076022,1.0000528267973747,0.4931963172158542,1.1089838666557785,0.4130800479257427,2.344237505406371
Kin2,20110525,3,eyes_closed,5,2,914.728,994.728,0.01,0.2765665684940618,0.9051573375761415,27;35;37,BP055-056;BP071-072;BP075-076,0.3425813586785057,1.3173815887122462,0.3947832553750742,1.3853471479052022,0.867770742588936,0.9509396909679085,0.9559999127029827,1.013805409581843,0.6850809969830856,0.9533770615244903,0.6549373733103021,0.9665388223447697,0.47260537633605376,1.0626838022841147,0.2243693351979749,1.2733004493326157
Kin2,20110525,3,eyes_closed,6,2,1129.97,1209.97,0.01,0.30089896623836243,0.8393459701903087,27;35;37,BP055-056;BP071-072;BP075-076,0.4675570827269381,1.7979702539346691,0.555174974309024,1.9481831024384177,0.8421796809354818,0.922895928870476,0.8840379150069028,0.9374921572695822,0.7602111198472159,1.0579301524489302,0.6720554533547954,0.9918012208598856,0.5476612654568366,1.2314518308094045,0.3142242872012984,1.7832290929221657
Kin2,20110525,3,deep_anesthesia,1,3,645.62,725.62,0.01,0.8400434086125538,0.9550108184790148,27;35;37,BP055-056;BP071-072;BP075-076,0.6151076565611459,2.3653695138445694,0.6634369137757268,2.328088701333157,0.9271531984261604,1.0160134845764528,0.9646628443837635,1.0229921541454297,0.561565339460658,0.781489364829402,0.5417212176714521,0.7994574887685736,0.46117500843105014,1.0369818796336234,0.3332168687113375,1.8910123715479223
Kin2,20110525,3,deep_anesthesia,2,3,967.816,1047.816,0.01,0.8661029910084075,0.9387745625532956,27;35;37,BP055-056;BP071-072;BP075-076,0.6316948228938918,2.4291547344413904,0.6436503459875085,2.258654993395878,0.9814254382551847,1.0754872884721391,0.916265633489089,0.9716685571850832,0.5961443811939718,0.8296104853147414,0.5462266090856556,0.8061064232913914,0.48849193979046074,1.0984057692829678,0.3450485210862942,1.9581572346018983
Kin2,20110525,3,deep_anesthesia,3,3,1290.0120000000002,1370.0120000000002,0.01,0.895771706470474,0.9583814853578028,27;35;37,BP055-056;BP071-072;BP075-076,1.2669168508041124,4.871873181065047,1.3262124176234114,4.653856426928529,0.9552895403245,1.0468464718582662,0.8234260819280882,0.873215368701438,0.3911068099618791,0.5442747103856387,0.32204754814230346,0.47526904190426394,0.630220963038847,1.4170926587281545,0.4080074655016334,2.3154504990438665
Kin2,20110525,3,deep_anesthesia,4,3,1612.208,1692.208,0.01,0.8973176028935774,0.9633701949064052,27;35;37,BP055-056;BP071-072;BP075-076,1.199748163448184,4.613578939948123,1.2252116285633967,4.299431174197051,0.9792170882796227,1.0730672856531405,0.7649943343054989,0.8112504866507566,0.4951989512023016,0.6891321216707402,0.378824392023786,0.5590587690720565,0.6916789954139562,1.55528502554296,0.45449386859991203,2.579261763184161
Kin2,20110525,3,deep_anesthesia,5,3,1934.404,2014.404,0.01,0.8961224904854214,0.956039026051481,27;35;37,BP055-056;BP071-072;BP075-076,1.3054156774021928,5.0199187301368875,1.322519684181758,4.640898132290352,0.987067106082321,1.0816696654488909,0.6983132874984515,0.7405375032379979,0.38394849459298713,0.5343130070222213,0.26811633548931024,0.3956788201678226,0.7435061353019613,1.6718217067476475,0.3500032677153704,1.9862755204789113
Kin2,20110525,3,deep_anesthesia,6,3,2256.6,2336.6,0.01,0.8968860682092054,0.9596577124836775,27;35;37,BP055-056;BP071-072;BP075-076,1.2540422544866794,4.822364485623724,1.280452443243311,4.493278567729667,0.9793743306157188,1.0732395984209668,0.7240246387202453,0.7678035171883693,0.286073220894363,0.3981071550928568,0.20712406040557807,0.30566807389815104,0.7222867882934155,1.6241086304897225,0.25974232366944655,1.4740428639554533
Kin2,20110525,3,recovery_eyes_closed,1,4,294.83,374.83,0.01,0.477058601365157,0.8563388503613747,27;35;37,BP055-056;BP071-072;BP075-076,0.25628163660097697,0.9855197926867019,0.28641350082815425,1.005063211500332,0.8947959361550623,0.9805550351559917,0.9593013175198067,1.0173064371635845,0.5930909651183528,0.8253612697349707,0.5689529442471296,0.8396453326868955,0.4531317876557551,1.0188961767108886,0.14581219170059895,0.8274870941999469
Kin2,20110525,3,recovery_eyes_closed,2,4,628.706,708.706,0.01,0.3748259255904989,0.858267758196673,27;35;37,BP055-056;BP071-072;BP075-076,0.22570957564147742,0.8679562731992648,0.23432861719444947,0.8222904013354887,0.9632181435790241,1.0555349688985909,0.9219936352696969,0.97774290835825,0.572907731224803,0.7972737409519046,0.5282172817860705,0.7795287462359772,0.45799169980453425,1.0298240039841846,0.11922369851842857,0.6765968654346736
Kin2,20110525,3,recovery_eyes_closed,3,4,962.582,1042.582,0.01,0.21713421699934599,0.8100616365417643,27;35;37,BP055-056;BP071-072;BP075-076,0.26680070310806736,1.0259704015591045,0.2763372836960344,0.9697044203773557,0.9654893452652699,1.058023847266627,0.8775416125585188,0.9306030493555132,0.5965423494070947,0.8301643085375108,0.5234907352581493,0.7725534369911186,0.4791393818464575,1.0773759369224727,0.13966769623743336,0.7926169599756442
Kin2,20110525,3,recovery_eyes_closed,4,4,1296.458,1376.458,0.01,0.26872662960303906,0.8589530457633787,27;35;37,BP055-056;BP071-072;BP075-076,0.2085662011248159,0.8020321784272465,0.22933457332390533,0.8047656346733396,0.9094407271521298,0.9966034133065305,0.9074728284125634,0.962344086300168,0.5848214285414827,0.8138531611805885,0.530709555874815,0.7832067767788368,0.5357808674697461,1.2047379863680907,0.11068807596944845,0.628157037338913
Kin2,20110525,3,recovery_eyes_closed,5,4,1630.334,1710.334,0.01,0.24538188648969894,0.8042434869057894,27;35;37,BP055-056;BP071-072;BP075-076,0.24621821579248884,0.946821349363032,0.26890748920315627,0.943632279601143,0.915624241340761,1.0033795683242597,0.9130872754307258,0.9682980165078919,0.6121994595355975,0.8519531622818307,0.5589915365275215,0.8249445571951227,0.5076254684303421,1.1414287478275094,0.13763389876690818,0.7810751187931749
Kin2,20110525,3,recovery_eyes_closed,6,4,1964.21,2044.21,0.01,0.22861282032389318,0.8014471954332499,27;35;37,BP055-056;BP071-072;BP075-076,0.26760437899989703,1.0290609019508141,0.30123018604389445,1.0570569379959842,0.8883717216869574,0.9735151106446108,0.9523245216867907,1.0099077823487936,0.6053839802375955,0.8424685587756404,0.5765220094166137,0.8508155538916912,0.4469665625729666,1.0050332687522276,0.15427981430970564,0.8755410212815649
Kin2,20110525,3,recovery_eyes_open,1,4,2208.58,2288.58,0.01,0.613555100366795,0.8493795764598298,27;35;37,BP055-056;BP071-072;BP075-076,0.33992276707046276,1.3071580912929734,0.3518448609478095,1.234670589450551,0.9661154809957131,1.0587099931445525,0.983770039451113,1.0432546849927862,0.7618038202330739,1.0601465969576016,0.7494397742846997,1.1060029040551769,0.3854896533838348,0.8667984561983233,0.254751641827518,1.44572064502925
Kin2,20110525,3,recovery_eyes_open,2,4,2355.354,2435.354,0.01,0.5344434753393791,0.8410401992246225,27;35;37,BP055-056;BP071-072;BP075-076,0.22693772403568424,0.8726790639809224,0.2530818464144013,0.8880979862828037,0.896696966814806,0.9826382645383329,0.9509017187392153,1.008398948189026,0.6733362013511303,0.9370326894033706,0.6402765511541241,0.9449027784130933,0.4642448328958084,1.0438845787942745,0.14530290327233422,0.824596872218511
Kin2,20110525,3,recovery_eyes_open,3,4,2502.128,2582.128,0.01,0.3262038297201959,0.8139086325817051,27;35;37,BP055-056;BP071-072;BP075-076,0.2506112941247917,0.9637147394034914,0.2727908684047954,0.9572595756629121,0.9186938536113631,1.0067433786035611,0.9545512177642307,1.0122691178455936,0.7354418224283437,1.0234605348515622,0.7020168871937206,1.0360174927639705,0.449902268473657,1.0116343936338779,0.17593336059707604,0.9984253280564872
Kin2,20110525,3,recovery_eyes_open,4,4,2648.902,2728.902,0.01,0.33414480237263666,0.752338916433899,27;35;37,BP055-056;BP071-072;BP075-076,0.244030138998704,0.9384071960245668,0.26490758952083554,0.929596097616815,0.9211896852034528,1.0094784158736687,0.9158326763495124,0.9712094208563163,0.6550072067403397,0.9115255696617831,0.5998770031772237,0.8852822206069443,0.5157698260160252,1.1597418634196626,0.14638806846746394,0.8307552063301648
Kin2,20110525,3,recovery_eyes_open,5,4,2795.676,2875.676,0.01,0.5951226594918504,0.8485657304344152,27;35;37,BP055-056;BP071-072;BP075-076,0.29746060482714637,1.1438717088346888,0.3091194307784358,1.0847413510082313,0.962283749287679,1.0545110203197268,0.9358340810537854,0.9924202306262621,0.6895507327792176,0.9595972655556531,0.6453050763504035,0.9523237395910717,0.5073776693541446,1.1408715555531908,0.19195283830921878,1.0893361833698798
Kin2,20110525,3,recovery_eyes_open,6,4,2942.45,3022.45,0.01,0.3569136325163442,0.7918231017567191,27;35;37,BP055-056;BP071-072;BP075-076,0.27608741483937893,1.061682044194012,0.318706777594716,1.1183846309272163,0.8662740620799284,0.9492995654936764,0.9522419519282034,1.0098202199266517,0.7500012053229855,1.043721761980661,0.714182611705265,1.0539713392255434,0.43698923795996464,0.9825986080664623,0.19717683098894292,1.1189824459508775
Kin2,20110525,4,eyes_open,1,1,64.9,144.9,0.01,0.2873892280302499,0.7997123517595195,9;27;35;37,BP019-020;BP055-056;BP071-072;BP075-076,0.2890422601635492,0.8622683698178867,0.3080787486593239,0.8440075599016613,0.93820901773129,1.0216358369092724,0.9247065352323575,0.9738139356561719,0.7010307091365173,0.9411629403926367,0.6482476781371115,0.9165175870774888,0.3875215805322596,1.1038488118086633,0.18737097403452369,0.7902841257187297
Kin2,20110525,4,eyes_open,2,1,276.66,356.66,0.01,0.2666920226215449,0.8064801393490997,9;27;35;37,BP019-020;BP055-056;BP071-072;BP075-076,0.2632228813753677,0.7852442223980646,0.2857082620709818,0.7827217364509889,0.921299508342437,1.0032227109962644,0.9475980647991836,0.9979211411871236,0.6698308181248207,0.8992757865464563,0.634730386997934,0.897406319152388,0.37978086043425185,1.081799498655591,0.1670755613620985,0.704683127257927
Kin2,20110525,4,eyes_open,3,1,488.42,568.42,0.01,0.26063211898421357,0.845811856209411,9;27;35;37,BP019-020;BP055-056;BP071-072;BP075-076,0.25101987149330623,0.7488403088944721,0.26906162932295696,0.737116890458265,0.9329456308019489,1.0159044224707952,0.9217694142507202,0.9707208361336215,0.7584419155583515,1.0182398774558028,0.6991085602474159,0.9884266652284932,0.3975500546370329,1.1324147544062433,0.1754901409531766,0.7401737293092382
Kin2,20110525,4,eyes_open,4,1,700.18,780.18,0.01,0.2719564365318998,0.807971935383284,9;27;35;37,BP019-020;BP055-056;BP071-072;BP075-076,0.3031973698083256,0.9044957704446619,0.3329096886153058,0.9120340016264293,0.9107496122129558,0.9917347037848101,0.9376772346993691,0.987473456179632,0.7119445489457324,0.9558152251384321,0.6675741959147241,0.9438421638365607,0.3845235682939909,1.095309023540729,0.2024067403532523,0.8537012451575078
Kin2,20110525,4,eyes_open,5,1,911.94,991.94,0.01,0.23935357657816247,0.7743092079985946,9;27;35;37,BP019-020;BP055-056;BP071-072;BP075-076,0.27414778359352,0.8178352961764654,0.2904884414026325,0.79581743847898,0.943747648855799,1.0276669706303088,0.9254431087336944,0.9745896255782257,0.7689503930764509,1.0323479464335032,0.711619842230667,1.0061155985810784,0.40762993671820713,1.1611271317742162,0.19508900250870792,0.8228368485533194
Kin2,20110525,4,eyes_open,6,1,1123.7,1203.7,0.01,0.24794028198944718,0.8257722883321827,9;27;35;37,BP019-020;BP055-056;BP071-072;BP075-076,0.2807369383125174,0.8374920055269005,0.3129210051464703,0.8572733275014051,0.8971495479541606,0.9769253033543469,0.939968926105033,0.989886849988402,0.7149697278550041,0.9598766538894933,0.672049327289476,0.9501692772960784,0.39655975988236297,1.129593916178908,0.18866907053823428,0.7957591736327383
Kin2,20110525,4,eyes_closed,1,2,53.760000000000005,133.76,0.01,0.31206839852184365,0.8357082030292267,9;27;35;37,BP019-020;BP055-056;BP071-072;BP075-076,0.5075203649659648,1.514030361861144,0.5607948200266506,1.5363444240017365,0.9050018774100765,0.9854758726025309,0.9388604769430291,0.9887195356029203,0.7617785284285526,1.022719419277499,0.7152037525253898,1.0111826692801371,0.3804210140490003,1.0836229656378544,0.36298046950671303,1.5309612626779232
Kin2,20110525,4,eyes_closed,2,2,269.002,349.002,0.01,0.2869512757000112,0.8355957578924923,9;27;35;37,BP019-020;BP055-056;BP071-072;BP075-076,0.5492547173080556,1.638531920695682,0.6148551856790462,1.6844473278866297,0.8933074488124527,0.9727415595425268,0.9210147559373782,0.9699261009888044,0.7626969298073801,1.0239524114002303,0.702455126660732,0.9931581699875096,0.41185641115349203,1.1731661742892705,0.3858267920156343,1.627321363824242
Kin2,20110525,4,eyes_closed,3,2,484.244,564.244,0.01,0.332897742929229,0.829343091794005,9;27;35;37,BP019-020;BP055-056;BP071-072;BP075-076,0.6411927797967896,1.9128007532930993,0.7008809897570948,1.9201222301785141,0.91483830945252,0.9961869735320266,0.9498885246334005,1.0003332380206997,0.7316283529137962,0.9822415522297429,0.6949653767292507,0.9825688724604569,0.3224715497704831,0.9185548752338807,0.445606781767551,1.879458479404713
Kin2,20110525,4,eyes_closed,4,2,699.4860000000001,779.4860000000001,0.01,0.3644609145596842,0.8386071891426329,9;27;35;37,BP019-020;BP055-056;BP071-072;BP075-076,0.790336516202228,2.357725057393472,0.856655907761217,2.3468806775257764,0.9225833955522376,1.00462076319923,0.923113504287674,0.9721363053218363,0.7724467062272088,1.037041892536883,0.7130559858608702,1.00814607387477,0.37569866997864704,1.0701714466699264,0.5635541837224254,2.376931259887398
Kin2,20110525,4,eyes_closed,5,2,914.728,994.728,0.01,0.2765665684940618,0.9051573375761415,9;27;35;37,BP019-020;BP055-056;BP071-072;BP075-076,0.4203390797969103,1.253951906209665,0.4839829051587929,1.325911743652583,0.8684998484791497,0.9457280337191335,0.9433020656306356,0.9933969989879466,0.7642248920721307,1.0260037644139561,0.7208949192979904,1.0192290605191603,0.3813043728904611,1.086139198685335,0.30302030700798505,1.2780642233022872
Kin2,20110525,4,eyes_closed,6,2,1129.97,1209.97,0.01,0.30089896623836243,0.8393459701903087,9;27;35;37,BP019-020;BP055-056;BP071-072;BP075-076,0.5528352039256278,1.649213197395988,0.6628474341305858,1.815926115975872,0.8340308424830007,0.9081939969290584,0.8675013696065011,0.9135708365155562,0.7955919867614135,1.0681153961650136,0.6901771381634836,0.9757990759696161,0.4634403270573011,1.3201021054460582,0.3815542189214158,1.609300714095903
Kin2,20110525,4,deep_anesthesia,1,3,645.62,725.62,0.01,0.8400434086125538,0.9550108184790148,9;27;35;37,BP019-020;BP055-056;BP071-072;BP075-076,1.1540905451300534,3.442872929406406,1.2407500769493345,3.399138854760189,0.9301555297644203,1.0128662218623319,0.8234622484240629,0.867192976851427,0.4708527988826076,0.6321395038946287,0.38772950444463516,0.5481869381677673,0.5286459619362888,1.5058392777747314,0.4474749551475147,1.8873379696719919
Kin2,20110525,4,deep_anesthesia,2,3,967.816,1047.816,0.01,0.8661029910084075,0.9387745625532956,9;27;35;37,BP019-020;BP055-056;BP071-072;BP075-076,0.996156743399092,2.9717261784757922,1.0573387809994288,2.896668233119678,0.9421358237304928,1.0259118198273187,0.8937836701365973,0.9412488830548077,0.6458118610583605,0.8670293357658929,0.5772160953944877,0.8160903938653985,0.41066930216096753,1.169784713961085,0.5749977058257126,2.4251971874524276
Kin2,20110525,4,deep_anesthesia,3,3,1290.0120000000002,1370.0120000000002,0.01,0.895771706470474,0.9583814853578028,9;27;35;37,BP019-020;BP055-056;BP071-072;BP075-076,1.6244064536028766,4.845915278538374,1.7636813663970343,4.831752962431212,0.9210317036581966,1.0029310927560413,0.844832493063552,0.8896981082043561,0.4692426764932726,0.6299778474898684,0.3964314602336253,0.5604900991223883,0.5056150207476576,1.4402360227740996,0.6439658224147127,2.71608753480667
Kin2,20110525,4,deep_anesthesia,4,3,1612.208,1692.208,0.01,0.8973176028935774,0.9633701949064052,9;27;35;37,BP019-020;BP055-056;BP071-072;BP075-076,1.6485051171583456,4.917806203163051,1.6758306167305757,4.591078468704572,0.983694354728081,1.0711657918037436,0.8166097743749487,0.8599765957959251,0.5969287818359926,0.8014017648524329,0.48745787785300293,0.6891867616026417,0.5040699222781332,1.4358348353425006,0.8035768060398234,3.38928693134733
Kin2,20110525,4,deep_anesthesia,5,3,1934.404,2014.404,0.01,0.8961224904854214,0.956039026051481,9;27;35;37,BP019-020;BP055-056;BP071-072;BP075-076,1.603708634903145,4.784169724864302,1.6929422520589676,4.637957228249956,0.9472908086219148,1.0315251929715439,0.7486730016634926,0.7884319775962733,0.4674773426975455,0.6276078133040515,0.34998766536704456,0.49482606939818596,0.5915227594233752,1.6849427953159344,0.5612782410587227,2.3673319002884092
Kin2,20110525,4,deep_anesthesia,6,3,2256.6,2336.6,0.01,0.8968860682092054,0.9596577124836775,9;27;35;37,BP019-020;BP055-056;BP071-072;BP075-076,1.4968838676726133,4.465491003476204,1.5942901190627445,4.367691439351581,0.9389030577148689,1.0223915918701305,0.7290801560689038,0.7677986357172998,0.34124395990823475,0.4581342365073453,0.24879419954746654,0.3517548417657265,0.6205431675116377,1.7676069477030927,0.3724160236731238,1.5707580813340494
Kin2,20110525,4,recovery_eyes_closed,1,4,294.83,374.83,0.01,0.477058601365157,0.8563388503613747,9;27;35;37,BP019-020;BP055-056;BP071-072;BP075-076,0.629158947690102,1.87690152946533,0.6608556186783492,1.8104693705595383,0.9520369198772379,1.0366933348810317,0.7341927637261306,0.7731827531582984,0.4228713731123863,0.5677224403144104,0.31046910212604667,0.4389531994320436,0.613370607584689,1.7471760293988416,0.1953344135839147,0.8238719313777048
Kin2,20110525,4,recovery_eyes_closed,2,4,628.706,708.706,0.01,0.3748259255904989,0.858267758196673,9;27;35;37,BP019-020;BP055-056;BP071-072;BP075-076,0.319843656408735,0.9541548286126081,0.33042285848326824,0.905221121994956,0.9679828383450991,1.0540571860605843,0.927539469955639,0.9767973160122355,0.6814320922518134,0.9148509805106557,0.6320551616580091,0.8936239823139706,0.35887758685648014,1.022256869648859,0.20215883395671158,0.852655637688903
Kin2,20110525,4,recovery_eyes_closed,3,4,962.582,1042.582,0.01,0.21713421699934599,0.8100616365417643,9;27;35;37,BP019-020;BP055-056;BP071-072;BP075-076,0.33694101393575215,1.005159517666288,0.34697969119133926,0.950579953249791,0.9710684010896438,1.0574171212320471,0.8961807857745576,0.9437732997477626,0.6518559112010224,0.8751437249502909,0.5841807427119224,0.8259372810498843,0.3825577474190263,1.0897094152967755,0.19683445177109568,0.8301987190427067
Kin2,20110525,4,recovery_eyes_closed,4,4,1296.458,1376.458,0.01,0.26872662960303906,0.8589530457633787,9;27;35;37,BP019-020;BP055-056;BP071-072;BP075-076,0.30915469261696515,0.9222676043065268,0.3435451078645097,0.9411706242857804,0.8998954883644923,0.979915416512709,0.9010623929855182,0.9489141492489922,0.658785784433622,0.8844473685469819,0.5936070953866012,0.8392646222802692,0.4265439089552744,1.2150032688187458,0.18351641910949396,0.7740265725696456
Kin2,20110525,4,recovery_eyes_closed,5,4,1630.334,1710.334,0.01,0.24538188648969894,0.8042434869057894,9;27;35;37,BP019-020;BP055-056;BP071-072;BP075-076,0.33087890374941675,0.9870750830058679,0.36033668642893185,0.9871725614941359,0.9182492824378986,0.9999012548645796,0.916225477824851,0.9648824838086357,0.7099820976971091,0.9531805525578163,0.6505036867096238,0.9197072190700737,0.37448356122049126,1.0667102294725093,0.21523794674343394,0.9078200796046879
Kin2,20110525,4,recovery_eyes_closed,6,4,1964.21,2044.21,0.01,0.22861282032389318,0.8014471954332499,9;27;35;37,BP019-020;BP055-056;BP071-072;BP075-076,0.3348423561060291,0.9988988197855804,0.3700436810193361,1.013765686965719,0.9048725144654811,0.9853350065293328,0.9387334165530213,0.9885857275527496,0.6573306142732819,0.8824937419668221,0.6170582133416541,0.8724207179630193,0.37957953549981616,1.0812260279101449,0.20661722600989582,0.8714600255297477
Kin2,20110525,4,recovery_eyes_open,1,4,2208.58,2288.58,0.01,0.613555100366795,0.8493795764598298,9;27;35;37,BP019-020;BP055-056;BP071-072;BP075-076,0.44909487908282714,1.3397359578533516,0.6052682933943154,1.658183232750281,0.7419765482251263,0.8079541098912517,0.9709905028004545,1.0225558563607182,0.7644955615344007,1.026367149446401,0.7423179296830035,1.0495177394426738,0.32727970101354137,0.9322508145138466,0.3333711808720033,1.4060766539363172
Kin2,20110525,4,recovery_eyes_open,2,4,2355.354,2435.354,0.01,0.5344434753393791,0.8410401992246225,9;27;35;37,BP019-020;BP055-056;BP071-072;BP075-076,0.4287937788897129,1.279173891395937,0.45628485532487767,1.2500306140515007,0.9397501886938786,1.0233140508855054,0.8648190638334421,0.9107460844001841,0.39993748863324685,0.5369327446995089,0.3458735645117024,0.48900939482132144,0.47698068377266295,1.3586715875667408,0.14830843274502786,0.6255280505027627
Kin2,20110525,4,recovery_eyes_open,3,4,2502.128,2582.128,0.01,0.3262038297201959,0.8139086325817051,9;27;35;37,BP019-020;BP055-056;BP071-072;BP075-076,0.42503704874838677,1.2679668465403713,0.4495129860239817,1.2314785103783505,0.9455500996932509,1.0296296978424824,0.909856455907177,0.9581752290595688,0.5369117113380144,0.7208263466753821,0.48851258681306303,0.6906779498378564,0.416743785567961,1.1870877794624992,0.2076359481754642,0.8757567420308754
Kin2,20110525,4,recovery_eyes_open,4,4,2648.902,2728.902,0.01,0.33414480237263666,0.752338916433899,9;27;35;37,BP019-020;BP055-056;BP071-072;BP075-076,0.5731440021672326,1.7097982286050586,0.5960836679088574,1.6330211812347961,0.9615160304222052,1.047015340800545,0.7543348190773239,0.7943944710887024,0.3307276130602067,0.44401560262628453,0.2494793541616462,0.3527235398034388,0.5808787386581684,1.654623478238412,0.1429875955023024,0.6030860835432262
Kin2,20110525,4,recovery_eyes_open,5,4,2795.676,2875.676,0.01,0.5951226594918504,0.8485657304344152,9;27;35;37,BP019-020;BP055-056;BP071-072;BP075-076,0.49735327842125576,1.483699997243378,0.5181921398128843,1.4196308099372583,0.9597854544857565,1.045130879703119,0.9008119413753459,0.9486503971731707,0.6047778725775869,0.8119394962606141,0.5447911294974676,0.7702467256082157,0.4180322447685339,1.1907579341817869,0.27095365431038426,1.1428150646616309
Kin2,20110525,4,recovery_eyes_open,6,4,2942.45,3022.45,0.01,0.3569136325163442,0.7918231017567191,9;27;35;37,BP019-020;BP055-056;BP071-072;BP075-076,0.6574388314886765,1.961265834144647,0.7037755541643828,1.9280521320396606,0.9341598008036477,1.017226558116896,0.7616290920575137,0.8020761132183368,0.3520331507057995,0.472619174760622,0.26811868894620394,0.37907655072445756,0.5853751212906467,1.6674313497883813,0.17627163756106826,0.7434698874612794
Kin2,20110525,5,eyes_open,1,1,64.9,144.9,0.01,0.2873892280302499,0.7997123517595195,9;21;27;35;37,BP019-020;BP043-044;BP055-056;BP071-072;BP075-076,0.325195098916105,0.8463871111949974,0.36324817282049826,0.8545822135032576,0.8952422152355947,0.9904103991649144,0.8343513965093579,0.9552031400531791,0.7116702931147028,0.9402830034071586,0.5937831029144763,0.898161277393152,0.3886280368782134,1.041264824480458,0.19309535488698484,0.7601921289599991
Kin2,20110525,5,eyes_open,2,1,276.66,356.66,0.01,0.2666920226215449,0.8064801393490997,9;21;27;35;37,BP019-020;BP043-044;BP055-056;BP071-072;BP075-076,0.3117389253228648,0.8113646525746749,0.341934154314065,0.804438585876869,0.9116928548662442,1.0086098141230462,0.8264857746099254,0.9461982210607236,0.6650981950353072,0.8787503629685491,0.5496941969154191,0.8314720301973062,0.4344549445015645,1.164050476555953,0.1713610782026279,0.6746270149065972
Kin2,20110525,5,eyes_open,3,1,488.42,568.42,0.01,0.26063211898421357,0.845811856209411,9;21;27;35;37,BP019-020;BP043-044;BP055-056;BP071-072;BP075-076,0.30790816987613967,0.8013943238487656,0.33238790001489343,0.7819799481188138,0.9263519215420992,1.024827204043603,0.805496524361204,0.9221687799537526,0.7343772197020193,0.9702841673397194,0.5915382980400209,0.8947657668041118,0.4399794230905739,1.1788524071488649,0.1821394747611494,0.7170602066910042
Kin2,20110525,5,eyes_open,4,1,700.18,780.18,0.01,0.2719564365318998,0.807971935383284,9;21;27;35;37,BP019-020;BP043-044;BP055-056;BP071-072;BP075-076,0.349876531060555,0.9106256133204114,0.3855273700884599,0.9069965328059423,0.9075270868065094,1.0040012066013548,0.8850789351684725,1.0132783160726295,0.749490145244154,0.9902518787315127,0.6633579396719597,1.003400756168825,0.3683479101648447,0.9869275647390698,0.23209337478390185,0.9137224289924002
Kin2,20110525,5,eyes_open,5,1,911.94,991.94,0.01,0.23935357657816247,0.7743092079985946,9;21;27;35;37,BP019-020;BP043-044;BP055-056;BP071-072;BP075-076,0.35114979133174745,0.9139395349825947,0.37714294683068567,0.8872712333476086,0.9310787707489395,1.0300565381054547,0.8433272289530663,0.9654790781899056,0.7454348186722731,0.9848938432961478,0.6286454799960196,0.9508943999404782,0.4394858381324552,1.177529927538515,0.22074872912224863,0.8690599856991551
Kin2,20110525,5,eyes_open,6,1,1123.7,1203.7,0.01,0.24794028198944718,0.8257722883321827,9;21;27;35;37,BP019-020;BP043-044;BP055-056;BP071-072;BP075-076,0.3104173261033403,0.8079249188600549,0.3553407388041373,0.8359790849249014,0.8735765202380618,0.9664415455233947,0.8647519719379086,0.9900070910386553,0.7233290758075758,0.9556869837511283,0.6255002446646262,0.946136890726961,0.396690199119516,1.0628660605069613,0.1941661134257784,0.7644075706710852
Kin2,20110525,5,eyes_closed,1,2,53.760000000000005,133.76,0.01,0.31206839852184365,0.8357082030292267,9;21;27;35;37,BP019-020;BP043-044;BP055-056;BP071-072;BP075-076,0.5681542745058102,1.4787383226710964,0.6418494996922268,1.5100231941262743,0.885183013741143,0.9792818603205098,0.8873154146139743,1.015838738693057,0.7731395285627856,1.0214982485613489,0.6860186213411408,1.0376774923957277,0.32991831613441286,0.8839617962258405,0.3897644121055514,1.534453474578806
Kin2,20110525,5,eyes_closed,2,2,269.002,349.002,0.01,0.2869512757000112,0.8355957578924923,9;21;27;35;37,BP019-020;BP043-044;BP055-056;BP071-072;BP075-076,0.6436228198070357,1.6751607295785014,0.730085105005809,1.7176073873603104,0.8815723199857839,0.9752873339424541,0.8675631668303605,0.9932254738445158,0.7602496284136461,1.0044676739496055,0.6595645752081476,0.9976628814200954,0.37112619816492054,0.9943715298991587,0.4245108117402971,1.671245680313076
Kin2,20110525,5,eyes_closed,3,2,484.244,564.244,0.01,0.332897742929229,0.829343091794005,9;21;27;35;37,BP019-020;BP043-044;BP055-056;BP071-072;BP075-076,0.7422142675069408,1.931765244484746,0.8154534980712023,1.9184461410492128,0.9101858895234434,1.0069426517380615,0.8926671242363182,1.0219656174365965,0.7571300136817338,1.0003459328315976,0.6758650719862777,1.0223191488964318,0.31812587068149845,0.8523658806471293,0.5016366993378206,1.974880600609353
Kin2,20110525,5,eyes_closed,4,2,699.4860000000001,779.4860000000001,0.01,0.3644609145596842,0.8386071891426329,9;21;27;35;37,BP019-020;BP043-044;BP055-056;BP071-072;BP075-076,0.9712892176367813,2.5279799043420685,1.0589723887352012,2.491351741640728,0.9171997570180791,1.014702124187899,0.8089749033949726,0.9261509852802509,0.7235462449262462,0.9559739149791511,0.5853307535910052,0.8853761832601594,0.40768943713938227,1.0923367073964034,0.5685254497141546,2.2382131990647633
Kin2,20110525,5,eyes_closed,5,2,914.728,994.728,0.01,0.2765665684940618,0.9051573375761415,9;21;27;35;37,BP019-020;BP043-044;BP055-056;BP071-072;BP075-076,0.5010699579029403,1.3041375949072322,0.5770728726848429,1.357628887882647,0.8682958108422295,0.9605994734990947,0.8856920136079559,1.013980195943561,0.7905290161069982,1.0444738311225115,0.7001652360913234,1.059075779939526,0.3151814976044406,0.8444769178746147,0.3508317653733817,1.3811805404748356
Kin2,20110525,5,eyes_closed,6,2,1129.97,1209.97,0.01,0.30089896623836243,0.8393459701903087,9;21;27;35;37,BP019-020;BP043-044;BP055-056;BP071-072;BP075-076,0.655029341207505,1.7048485469198622,0.7987996527151767,1.8792660953047677,0.8200170580708364,0.9071884770226648,0.8319224982911582,0.9524224277362819,0.7975545323781379,1.0537561822390678,0.6635035590994569,1.0036210213302488,0.4194486979575105,1.123843710211142,0.43461429920575223,1.7110218398731043
Kin2,20110525,5,deep_anesthesia,1,3,645.62,725.62,0.01,0.8400434086125538,0.9550108184790148,9;21;27;35;37,BP019-020;BP043-044;BP055-056;BP071-072;BP075-076,1.4379186272887612,3.7424788907977553,1.6783184957830157,3.948433171605953,0.8567614734043096,0.9478389852741436,0.8356248401275612,0.9566610357885701,0.4911721992050169,0.6489534200413165,0.4104356904357949,0.6208284509952608,0.4262488861383737,1.1420636945680596,0.590173124581754,2.3234373726564366
Kin2,20110525,5,deep_anesthesia,2,3,967.816,1047.816,0.01,0.8661029910084075,0.9387745625532956,9;21;27;35;37,BP019-020;BP043-044;BP055-056;BP071-072;BP075-076,1.2441471204278922,3.238148701103896,1.3899906865287757,3.2701095463724856,0.8950758681231896,0.9902263686230194,0.8851114325788464,1.0133155205749085,0.6452084264456549,0.8524713240266534,0.5710813546432568,0.8638224234812496,0.33920995946951765,0.9088572243688564,0.7105092229094688,2.7971854585802336
Kin2,20110525,5,deep_anesthesia,3,3,1290.0120000000002,1370.0120000000002,0.01,0.895771706470474,0.9583814853578028,9;21;27;35;37,BP019-020;BP043-044;BP055-056;BP071-072;BP075-076,1.789333465733635,4.6571082653909635,2.0613024626239294,4.8494460619884725,0.8680596361661101,0.9603381924164255,0.8322260381294406,0.9527699338444657,0.5075229673192992,0.6705566111527845,0.422373828351838,0.6388861780470075,0.440489386266109,1.1802187694955717,0.7557676261199768,2.97536210042676
Kin2,20110525,5,deep_anesthesia,4,3,1612.208,1692.208,0.01,0.8973176028935774,0.9633701949064052,9;21;27;35;37,BP019-020;BP043-044;BP055-056;BP071-072;BP075-076,1.7549576765539268,4.567638205738042,1.9204900394211473,4.51816898666274,0.9138072265570752,1.0109489528216697,0.7831121288249296,0.8965421135468943,0.6153127925317705,0.812972195403088,0.48185891085276705,0.7288638103215431,0.4670474576978997,1.251376748240757,0.8456419946169769,3.3291861868044843
Kin2,20110525,5,deep_anesthesia,5,3,1934.404,2014.404,0.01,0.8961224904854214,0.956039026051481,9;21;27;35;37,BP019-020;BP043-044;BP055-056;BP071-072;BP075-076,1.7100184506505371,4.450674629969263,2.047874619109748,4.817855548693324,0.835021067546565,0.9237874786794621,0.7765746393097204,0.8890577004577354,0.5057518164548062,0.6682165063732749,0.392754034443627,0.5940830305641254,0.5001543038192037,1.3400810902962534,0.6716166454660393,2.644070272227011
Kin2,20110525,5,deep_anesthesia,6,3,2256.6,2336.6,0.01,0.8968860682092054,0.9596577124836775,9;21;27;35;37,BP019-020;BP043-044;BP055-056;BP071-072;BP075-076,1.5699520636090214,4.08612305739414,1.825842016918171,4.295498860213765,0.8598509887832109,0.9512569297226618,0.7069636097832681,0.8093638517218377,0.35938694704737134,0.4748342613488392,0.25407349339359786,0.3843136866947902,0.5641900407591971,1.5116543018455642,0.3988832052616321,1.570353016475731
Kin2,20110525,5,recovery_eyes_closed,1,4,294.83,374.83,0.01,0.477058601365157,0.8563388503613747,9;21;27;35;37,BP019-020;BP043-044;BP055-056;BP071-072;BP075-076,0.6995340895259504,1.820681305437011,0.7442528966310685,1.7509387118747775,0.9399145004237914,1.0398315446961353,0.6967910565874307,0.7977178536499534,0.43097607951185574,0.5694202587359313,0.3003002778069745,0.4542367066236282,0.5577934683651349,1.4945157395208213,0.21007028142009224,0.8270202799929179
Kin2,20110525,5,recovery_eyes_closed,2,4,628.706,708.706,0.01,0.3748259255904989,0.858267758196673,9;21;27;35;37,BP019-020;BP043-044;BP055-056;BP071-072;BP075-076,0.34190907227833695,0.8898886635793992,0.38235312115532033,0.8995287548996423,0.8942233065738356,0.9892831760321895,0.8479878066133205,0.970814717866619,0.6571520174609651,0.8682516028158547,0.5572568978982423,0.8429114348249136,0.3551507421101376,0.9515679262824392,0.1905311889810919,0.7500973302521364
Kin2,20110525,5,recovery_eyes_closed,3,4,962.582,1042.582,0.01,0.21713421699934599,0.8100616365417643,9;21;27;35;37,BP019-020;BP043-044;BP055-056;BP071-072;BP075-076,0.391647865339762,1.0193440997587926,0.4289010268556234,1.0090379424571059,0.9131427551270433,1.0102138451568927,0.8278705794754588,0.9477836081787322,0.699174527918348,0.9237731733041261,0.5788260215822432,0.8755370713329019,0.3878174806590424,1.0390930725758185,0.2266959757557922,0.8924735477832859
Kin2,20110525,5,recovery_eyes_closed,4,4,1296.458,1376.458,0.01,0.26872662960303906,0.8589530457633787,9;21;27;35;37,BP019-020;BP043-044;BP055-056;BP071-072;BP075-076,0.3552639653207019,0.9246475187408713,0.40577290957840156,0.9546264432788344,0.8755241095070184,0.9685961720953432,0.833807262896082,0.9545801913313526,0.6534560771879964,0.8633684007855005,0.5448564231429341,0.8241543732112669,0.40785957166557896,1.0927925548411253,0.19356785341621258,0.7620522962492347
Kin2,20110525,5,recovery_eyes_closed,5,4,1630.334,1710.334,0.01,0.24538188648969894,0.8042434869057894,9;21;27;35;37,BP019-020;BP043-044;BP055-056;BP071-072;BP075-076,0.3541098281897245,0.9216436395450692,0.3977023891707918,0.935639635608183,0.8903889889322574,0.9850412535655181,0.8318421370558318,0.9523304265666986,0.72333182224074,0.9556906124320629,0.6016978888132262,0.9101332486032158,0.356724769493177,0.9557852734401318,0.21306713602977143,0.8388185197136455
Kin2,20110525,5,recovery_eyes_closed,6,4,1964.21,2044.21,0.01,0.22861282032389318,0.8014471954332499,9;21;27;35;37,BP019-020;BP043-044;BP055-056;BP071-072;BP075-076,0.3713111919397134,0.9664137256302948,0.42758795096560487,1.0059487836269958,0.8683855358907941,0.9606987367148498,0.8788155966520694,1.0061077634216555,0.6488103919748089,0.8572303634283109,0.5701846917374047,0.8624661236859906,0.36653543972579167,0.9820713486802475,0.21171595751479333,0.8334990998212954
Kin2,20110525,5,recovery_eyes_open,1,4,2208.58,2288.58,0.01,0.613555100366795,0.8493795764598298,9;21;27;35;37,BP019-020;BP043-044;BP055-056;BP071-072;BP075-076,0.47160662966671013,1.2274532249546386,0.6479328436771653,1.5243349455874975,0.7278634418194267,0.8052385261570992,0.9100049717471658,1.0418147678705876,0.7857496695359043,1.038159195831886,0.7150361058263655,1.0815695816183122,0.291109737801672,0.7799806016867521,0.3372157679587813,1.3275760709702376
Kin2,20110525,5,recovery_eyes_open,2,4,2355.354,2435.354,0.01,0.5344434753393791,0.8410401992246225,9;21;27;35;37,BP019-020;BP043-044;BP055-056;BP071-072;BP075-076,0.46538814497655623,1.2112683399103916,0.4946992127147199,1.1638355808852885,0.9407497182433023,1.040755549842378,0.7896402732301446,0.904015827932308,0.4341466194413216,0.5736092839575025,0.34281965519758884,0.5185518717465,0.4369870799220691,1.1708349164161647,0.1595442033939085,0.6281054648478098
Kin2,20110525,5,recovery_eyes_open,3,4,2502.128,2582.128,0.01,0.3262038297201959,0.8139086325817051,9;21;27;35;37,BP019-020;BP043-044;BP055-056;BP071-072;BP075-076,0.4815782827482136,1.2534065024598136,0.5069804862293977,1.1927286591995423,0.9498951060816764,1.050873132620954,0.8283205830187856,0.9482987925475954,0.6123231960095487,0.8090222387671472,0.5071999067145555,0.7671948121670381,0.36693945782178705,0.9831538486336551,0.24425646008564952,0.9616069662236003
Kin2,20110525,5,recovery_eyes_open,4,4,2648.902,2728.902,0.01,0.33414480237263666,0.752338916433899,9;21;27;35;37,BP019-020;BP043-044;BP055-056;BP071-072;BP075-076,0.6051292878463648,1.574973397652291,0.6375421690263263,1.4998897139048206,0.9491596277788754,1.05005946974061,0.6878446940520935,0.7874756539945563,0.3446405258499882,0.4553507879663869,0.23705915706123776,0.35857765955076704,0.550843008292597,1.4758931263773503,0.1434514388899263,0.5647502747848784
Kin2,20110525,5,recovery_eyes_open,5,4,2795.676,2875.676,0.01,0.5951226594918504,0.8485657304344152,9;21;27;35;37,BP019-020;BP043-044;BP055-056;BP071-072;BP075-076,0.5287038640861188,1.3760605178029675,0.566022461131661,1.3316315508777152,0.9340686993747027,1.0333643092910856,0.815337654197176,0.9334353496033259,0.5999416832428424,0.7926633628612137,0.4891550446703243,0.739900003230105,0.40171959214804326,1.076341490872614,0.25861816225441875,1.0181471815672372
Kin2,20110525,5,recovery_eyes_open,6,4,2942.45,3022.45,0.01,0.3569136325163442,0.7918231017567191,9;21;27;35;37,BP019-020;BP043-044;BP055-056;BP071-072;BP075-076,0.7102028062791326,1.8484488344772105,0.7669475160563765,1.804330358562227,0.9260122647387612,1.0244514402285727,0.718510993496779,0.8225838178280739,0.37387007427285124,0.49396986177793756,0.26862975850450094,0.4063316147933018,0.5390124718814485,1.4441951523489747,0.1907816083399823,0.7510831997759224
Su,20110523,3,eyes_open,1,1,121.49,201.49,0.003,0.22399111999779564,0.7029805623401778,22;33;36,BP045-046;BP067-068;BP073-074,0.14909175364264998,0.8304928393149065,0.15618038793462485,0.8588116095369663,0.9546125196273549,0.9670256318061092,0.9439841601893658,0.9497560472073655,0.8474988503565444,1.0828740232873624,0.8000254905152756,1.0284661519809422,0.4880549893352514,1.2680388450720037,0.11927720333974358,0.8541337746979275
Su,20110523,3,eyes_open,2,1,332.996,412.996,0.003,0.2884363520716243,0.9045259406696176,22;33;36,BP045-046;BP067-068;BP073-074,0.1726484816308504,0.9617119941903709,0.17919429841767404,0.9853615161229351,0.9634708422945112,0.9759991418930009,0.9810555057122734,0.9870540613831884,0.763133317461937,0.9750777189101568,0.7486761426885055,0.9624544226145253,0.4244532969810045,1.1027922677808841,0.1292577992684125,0.9256039620899577
Su,20110523,3,eyes_open,3,1,544.502,624.502,0.003,0.2421560728727179,0.829606523509352,22;33;36,BP045-046;BP067-068;BP073-074,0.20370028110337032,1.1346812998676037,0.20727271714107437,1.1397603641216363,0.9827645621335076,0.9955437437430571,0.9725031275460494,0.978449390644067,0.7532790123053492,0.9624865855214492,0.7325661953817512,0.9417444131065508,0.44338391213447953,1.1519767980085343,0.1492239399260892,1.0685797748067938
Su,20110523,3,eyes_open,4,1,756.008,836.008,0.003,0.22383798486542972,0.669336850292801,22;33;36,BP045-046;BP067-068;BP073-074,0.17763653148272268,0.9894971639460017,0.19131038537077164,1.0519859897529735,0.9285252922283954,0.9405991843849124,0.9557114206229818,0.9615550126812863,0.7170677984638721,0.9162184604329695,0.6853098843529012,0.8809944533404527,0.4640970718807803,1.2057926419941989,0.12173607084727513,0.8717415130325353
Su,20110523,3,eyes_open,5,1,967.514,1047.514,0.003,0.2635045252877971,0.9495561304938532,22;33;36,BP045-046;BP067-068;BP073-074,0.25094236628057953,1.3978361189330195,0.25578294568560445,1.406510549636432,0.9810754411634046,0.993832658627655,0.9236692717746444,0.9293169456483372,0.6751793744585025,0.8626963981755652,0.623642441123345,0.8017183817743381,0.5180485867220969,1.3459666348109687,0.15649830988848887,1.1206709112566988
Su,20110523,3,eyes_open,6,1,1179.02,1259.02,0.003,0.2658448723481359,0.9494980826076123,22;33;36,BP045-046;BP067-068;BP073-074,0.26327217361635935,1.4665174272704398,0.29411556865075483,1.617295668445681,0.8951317158221562,0.9067713813144951,0.9457344615153797,0.9515170505577641,0.8159317095988573,1.042539765958784,0.7716547360107985,0.9919943631942841,0.44933260979338574,1.1674323918942888,0.2031552196309202,1.4547770213784543
Su,20110523,3,eyes_closed,1,1,1711.38,1791.38,0.003,0.21264731999977105,0.7026242976886125,22;33;36,BP045-046;BP067-068;BP073-074,0.1752102396661286,0.9759818760072775,0.1760803722611721,0.9682385215535778,0.995058321470647,1.007997362510712,0.9037144567765473,0.9092401191351199,0.6905566486036594,0.8823443902805143,0.6240660265662891,0.8022629185368596,0.5202387934060986,1.3516571148075633,0.10934275808216809,0.7829940682846775
Su,20110523,3,eyes_closed,2,1,1925.008,2005.008,0.003,0.22754934068838495,0.8781128429348988,22;33;36,BP045-046;BP067-068;BP073-074,0.20263878627508278,1.1287684050741358,0.20857350951268977,1.1469132186196547,0.9715461313784629,0.9841794363767499,0.9409469474629759,0.9467002637787905,0.7711860272128032,0.9853669012525486,0.7256451382319866,0.9328471053346772,0.4520360092470363,1.1744562223967583,0.1470438500777444,1.0529683392666471
Su,20110523,3,eyes_closed,3,1,2138.636,2218.636,0.003,0.2559250230802481,0.856211338720556,22;33;36,BP045-046;BP067-068;BP073-074,0.22196573936309683,1.236426244982856,0.23535435910031743,1.2941769361918334,0.9431129306956502,0.9553765102792584,0.9398728980205203,0.9456196471794958,0.7610616872226336,0.9724307364734792,0.7153012535423234,0.9195496099305487,0.49613720720034205,1.2890376391243477,0.15877237160987204,1.1369552712818796
Su,20110523,3,eyes_closed,4,1,2352.264,2432.264,0.003,0.30500901910797884,0.7924583104980136,22;33;36,BP045-046;BP067-068;BP073-074,0.26435106553469284,1.4725272298965346,0.2782198695148911,1.5298876965478214,0.9501516408429774,0.9625067468803625,0.8251791352175061,0.8302246020155196,0.6853529128257837,0.8756954251573852,0.565538923924379,0.7270238858381014,0.5815920048943813,1.5110618071825446,0.14950081714075308,1.0705624686817927
Su,20110523,3,eyes_closed,5,1,2565.892,2645.892,0.003,0.2454402338429328,0.7717443937905644,22;33;36,BP045-046;BP067-068;BP073-074,0.24396782133262299,1.3589854816895865,0.24544983671029164,1.3496903939948421,0.9939620437416795,1.0068868295544673,0.8445190642317694,0.8496827828923821,0.716147580890407,0.9150426715741897,0.6048002848654118,0.7774960036484374,0.5430997112413655,1.4110531510792164,0.14755180783996438,1.0566057810299008
Su,20110523,3,eyes_closed,6,1,2779.52,2859.52,0.003,0.227945714083287,0.7609021590158188,22;33;36,BP045-046;BP067-068;BP073-074,0.21236880166986027,1.1829679695326418,0.21677478461580765,1.1920107520853314,0.9796748364725346,0.9924138414549787,0.8747365668917051,0.8800850471390845,0.6344408587197127,0.8106436072812062,0.5549686186523067,0.7134353173270779,0.502055002668212,1.3044129445600545,0.11785802050756795,0.8439711287312882
Su,20110523,3,deep_anesthesia,1,2,1506.58,1586.58,0.003,0.586158649441429,0.874706935917064,22;33;36,BP045-046;BP067-068;BP073-074,0.2837541577170606,1.5806091909998063,0.2997356283838752,1.6481995009237724,0.946681444735202,0.9589914267744387,0.7990583001083911,0.8039440539414802,0.3422352819468238,0.4372840110835911,0.27346594262954493,0.35155188059433334,0.6592813654058178,1.7129102241231908,0.07759709821514851,0.5556661335806694
Su,20110523,3,deep_anesthesia,2,2,1826.574,1906.574,0.003,0.6481596594116938,0.8930576604147649,22;33;36,BP045-046;BP067-068;BP073-074,0.30405388766687985,1.6936857358217228,0.3286574433409717,1.8072360533520542,0.9251392105287984,0.9371690724519807,0.9076468204471593,0.9131965268096227,0.528273988718151,0.6749910980063543,0.47948620618496823,0.6163995263268165,0.5480366595966758,1.4238800710522599,0.14578964507318284,1.043987085306996
Su,20110523,3,deep_anesthesia,3,2,2146.568,2226.568,0.003,0.6310020391745366,0.8980074888021078,22;33;36,BP045-046;BP067-068;BP073-074,0.2751443535492178,1.5326495920642713,0.3075530462386229,1.6911862632121921,0.894624055636048,0.906257119871113,0.8267017188783335,0.8317564953461873,0.4543709918893056,0.5805630814074205,0.3756292800033423,0.4828871139188194,0.5955025452019378,1.5472034425543015,0.10335227542067767,0.740096738160771
Su,20110523,3,deep_anesthesia,4,2,2466.562,2546.562,0.003,0.6466716226957645,0.9018532338332164,22;33;36,BP045-046;BP067-068;BP073-074,0.17435280901707575,0.9712056895526311,0.19052271820724917,1.0476547307938313,0.9151287083119195,0.9270284006799901,0.92584567425525,0.9315066555018348,0.5711945719832804,0.729831980283183,0.5288380236287992,0.6798433470318689,0.5138094725968051,1.3349527910904386,0.09220439493471977,0.6602677266418542
Su,20110523,3,deep_anesthesia,5,2,2786.556,2866.556,0.003,0.6735642512914044,0.9094531223069711,22;33;36,BP045-046;BP067-068;BP073-074,0.16392495522942666,0.9131189229241916,0.17141258332085468,0.9425710777354023,0.9563180955192042,0.9687533858115277,0.9598191490416391,0.9656878573522422,0.6502458925647077,0.8308381604428092,0.6241184592692788,0.8023303229644948,0.4411666216885886,1.1462159504039924,0.10230859049357552,0.7326230003347597
Su,20110523,3,deep_anesthesia,6,2,3106.55,3186.55,0.003,0.6983307448304227,0.9000742682017658,22;33;36,BP045-046;BP067-068;BP073-074,0.18696974746048617,1.041486417864702,0.19681212830727093,1.0822392166083927,0.9499909841358026,0.9623440011059615,0.962660932217562,0.9685470162979214,0.6132570535690154,0.7835764409925198,0.5903586068777437,0.7589306239646493,0.4425809177771192,1.1498905002352169,0.11037919963905624,0.790415936960766
Su,20110523,3,recovery_eyes_closed,1,3,288.49,368.49,0.003,0.16779811750266338,0.7641851636867725,22;33;36,BP045-046;BP067-068;BP073-074,0.13330362617611985,0.7425474869611368,0.14174512057420757,0.7794343243359224,0.9404459612867706,0.9526748614692929,0.8037267262163214,0.8086410246258803,0.5207450678031608,0.6653711759512413,0.4185367285387307,0.5380464294777386,0.6326035957625223,1.6435974439103362,0.05579246360210312,0.3995250240771072
Su,20110523,3,recovery_eyes_closed,2,3,622.992,702.992,0.003,0.23913176860024332,0.8566605596201319,22;33;36,BP045-046;BP067-068;BP073-074,0.20444356278174006,1.138821636917764,0.20702475708998266,1.1383968704500231,0.987531953450762,1.0003731268758431,0.84569409179681,0.8508649950338536,0.42384708936130344,0.5415618000215835,0.35844497929812885,0.4607959782858895,0.5614497364809797,1.4587292230799866,0.07328176862893646,0.5247644302766583
Su,20110523,3,recovery_eyes_closed,3,3,957.494,1037.494,0.003,0.22612698721042546,0.8265367928025295,22;33;36,BP045-046;BP067-068;BP073-074,0.21795100568922815,1.214062784318922,0.22431419069292963,1.2334687709420666,0.9716327130974418,0.9842671439437228,0.8232238966422227,0.8282574083496471,0.43843800003218375,0.5602050325580707,0.3609326388225173,0.46399396841097745,0.5835502348057925,1.5161495773099094,0.07866563161743455,0.5633178091962167
Su,20110523,3,recovery_eyes_closed,4,3,1291.996,1371.996,0.003,0.22686312384941132,0.8348400380535157,22;33;36,BP045-046;BP067-068;BP073-074,0.20047517447577134,1.1167163360462793,0.2037576993996553,1.120431829444653,0.9838900569963468,0.9966838737523057,0.7820674494889954,0.7868493146402075,0.31048358029865397,0.39671393491710594,0.24281910175238003,0.31215408779774473,0.6179223751089266,1.6054534673326375,0.04867920178985829,0.34858756920736467
Su,20110523,3,recovery_eyes_closed,5,3,1626.498,1706.498,0.003,0.22847024895903245,0.8574425171720503,22;33;36,BP045-046;BP067-068;BP073-074,0.19533829586468418,1.08810213842162,0.2034558063018624,1.1187717663557322,0.9601018492186235,0.9725863407922648,0.8435265071606395,0.8486841569405282,0.37249089313658384,0.4759424887939622,0.3142059420366496,0.4039248498542807,0.5334198464297514,1.385903434624334,0.0613764532679968,0.43951149288807395
Su,20110523,3,recovery_eyes_closed,6,3,1961.0,2041.0,0.003,0.23758089557882556,0.8219040911496609,22;33;36,BP045-046;BP067-068;BP073-074,0.2281437279305242,1.27083978658567,0.23129490393471247,1.2718546249802896,0.9863759384639199,0.9992020798802888,0.8465085882782167,0.85168447166415,0.38793665755251894,0.4956779929174142,0.32839171232615283,0.42216124951341427,0.5195842149191382,1.3499564233552646,0.07492050947157701,0.5364993122363685
Su,20110523,3,recovery_eyes_open,1,3,2183.85,2263.85,0.003,0.19952406248008647,0.7120885103947818,22;33;36,BP045-046;BP067-068;BP073-074,0.15354711949145786,0.8553107742010425,0.15698479148293848,0.8632348992673878,0.9781018787934356,0.9908204301366054,0.8134347493078096,0.818408406353684,0.6219731922631423,0.7947133058640994,0.5059346077247472,0.6504000501603053,0.5686168957352221,1.4773505599001984,0.07768480166717545,0.5562941704430062
Su,20110523,3,recovery_eyes_open,2,3,2344.8,2424.8,0.003,0.21376149656006038,0.8407818787308222,22;33;36,BP045-046;BP067-068;BP073-074,0.14891124329760227,0.829487334011483,0.15022946583974495,0.826088416502818,0.991225273052965,1.0041144718177433,0.7858092993789216,0.7906140436585277,0.4056292887059853,0.5182843842672471,0.31874726716562063,0.40976291281059846,0.5976225982263063,1.5527116529962708,0.04746505185134544,0.339893146124042
Su,20110523,3,recovery_eyes_open,3,3,2505.75,2585.75,0.003,0.2006966584137927,0.7919121550069415,22;33;36,BP045-046;BP067-068;BP073-074,0.15201197314345033,0.8467594759691062,0.1563002903383785,0.8594709341661133,0.9725636005816478,0.9852101360363743,0.8105862419232622,0.8155424820849483,0.439929552722094,0.5621108329748958,0.35660084285198385,0.4584252639311844,0.556626471335897,1.446197668854146,0.054207597746547515,0.3881759362573686
Su,20110523,3,recovery_eyes_open,4,3,2666.7,2746.7,0.003,0.1935202636099015,0.7011018488682905,22;33;36,BP045-046;BP067-068;BP073-074,0.160152941930452,0.8921074990321131,0.16707516709912487,0.9187203020018013,0.9585681984410888,0.9710327474948561,0.8342156852914275,0.8393164050780598,0.5688807428699899,0.7268755332743708,0.474569238762385,0.6100785595270426,0.5479965897257265,1.4237759636176652,0.07600365973749108,0.5442556579527841
Su,20110523,3,recovery_eyes_open,5,3,2827.65,2907.65,0.003,0.19518188105198842,0.8320202414514491,22;33;36,BP045-046;BP067-068;BP073-074,0.1484861597248968,0.8271194709029139,0.1574102291961669,0.8655743149397856,0.9433069279115984,0.9555730300990426,0.8558042372146422,0.8610369578206081,0.5773473906381706,0.737693616306141,0.49409634325296364,0.6351814671879226,0.5374669168655438,1.3964183205151985,0.07336646854374701,0.5253709590678111
Su,20110523,3,recovery_eyes_open,6,3,2988.6,3068.6,0.003,0.18241804735521916,0.6653097611149152,22;33;36,BP045-046;BP067-068;BP073-074,0.130166712464648,0.7250737883072841,0.1304827968803817,0.7175045617932043,0.9975775778624407,1.0105493775470398,0.8409772679092967,0.8461193306469859,0.49236473891447996,0.6291088011846263,0.41406755294717357,0.5323011177624638,0.5069720976601031,1.3171882825667807,0.05389781210541518,0.38595758797623136
Su,20110523,4,eyes_open,1,1,121.49,201.49,0.003,0.22399111999779564,0.7029805623401778,13;22;33;36,BP027-028;BP045-046;BP067-068;BP073-074,0.18778418313032258,0.7473876269030166,0.2012502754595906,0.7754574780622335,0.9330878315643752,0.963802204565285,0.9426506218277704,0.9777051428403161,0.8550205875513682,1.1639748133257477,0.8059856885308428,1.1380241611251805,0.3837026448176018,1.109413355877934,0.1513513641354948,0.850545177141644
Su,20110523,4,eyes_open,2,1,332.996,412.996,0.003,0.2884363520716243,0.9045259406696176,13;22;33;36,BP027-028;BP045-046;BP067-068;BP073-074,0.5609167999789814,2.232468512725504,0.5764190453428497,2.2210576268173012,0.9731059452509108,1.0051375911054385,0.5957637617572585,0.6179185376853105,0.32307141222879227,0.43981044692365595,0.19247423986565526,0.27176702822178833,0.7275359984106374,2.103551185847136,0.10796203470383037,0.6067113333021267
Su,20110523,4,eyes_open,3,1,544.502,624.502,0.003,0.2421560728727179,0.829606523509352,13;22;33;36,BP027-028;BP045-046;BP067-068;BP073-074,0.31410389023667085,1.2501444861416735,0.32806788867552006,1.2641110527900983,0.9574356438991184,0.988951471773308,0.8760943962896395,0.9086738787750601,0.640884636484182,0.8724627055488281,0.5614754386919145,0.7927840707376369,0.4486610406454563,1.2972299187324452,0.17636161956547164,0.9910946347336067
Su,20110523,4,eyes_open,4,1,756.008,836.008,0.003,0.22383798486542972,0.669336850292801,13;22;33;36,BP027-028;BP045-046;BP067-068;BP073-074,0.2001265413296754,0.7965106448869085,0.2248600450977902,0.8664306326552305,0.8900048972357077,0.9193011129419008,0.8919091479622705,0.9250767365094487,0.7302145143033302,0.9940711549508818,0.6512850052819664,0.9195920998801403,0.4124239708620691,1.19245636624708,0.1303394155269593,0.7324648965084369
Su,20110523,4,eyes_open,5,1,967.514,1047.514,0.003,0.2635045252877971,0.9495561304938532,13;22;33;36,BP027-028;BP045-046;BP067-068;BP073-074,0.2685016823763898,1.0686461014210595,0.2753161362616052,1.060848022233544,0.9752486215383311,1.007350797686456,0.866419405451744,0.8986391022840606,0.7384782901175054,1.0053209740204052,0.6398319210626295,0.9034207376010344,0.44624435483491465,1.2902424675084638,0.17179594724343328,0.9654370491802823
Su,20110523,4,eyes_open,6,1,1179.02,1259.02,0.003,0.2658448723481359,0.9494980826076123,13;22;33;36,BP027-028;BP045-046;BP067-068;BP073-074,0.27079604323872825,1.0777777380241924,0.3129048421508111,1.2056848082001768,0.8654261831723664,0.8939133434326658,0.8230169976830695,0.8536226812427146,0.8350244090611841,1.1367531902862416,0.687239282137615,0.9703583062033512,0.41577160465604923,1.2021355010974413,0.1861016783610895,1.045830580332831
Su,20110523,4,eyes_closed,1,1,1711.38,1791.38,0.003,0.21264731999977105,0.7026242976886125,13;22;33;36,BP027-028;BP045-046;BP067-068;BP073-074,0.18697506134254802,0.744167293844291,0.20641469861152695,0.7953570312126633,0.9058224176875873,0.9356392973727479,0.8102468896345801,0.840377688851551,0.701492477643396,0.9549706610606412,0.5683820981126169,0.8025360370631796,0.4843671794243659,1.4004683711725732,0.1062732776606127,0.597221070913828
Su,20110523,4,eyes_closed,2,1,1925.008,2005.008,0.003,0.22754934068838495,0.8781128429348988,13;22;33;36,BP027-028;BP045-046;BP067-068;BP073-074,0.2175951207738028,0.8660362029955617,0.23336711624104584,0.8992100756616059,0.9324155188559126,0.9631077613964278,0.8431046463096531,0.8744573329312681,0.7789361537976939,1.0603979335817757,0.6567246904454063,0.9272727488457476,0.4207783633976137,1.2166117240074779,0.14290008833260623,0.8030517705516272
Su,20110523,4,eyes_closed,3,1,2138.636,2218.636,0.003,0.2559250230802481,0.856211338720556,13;22;33;36,BP027-028;BP045-046;BP067-068;BP073-074,0.5122908312458531,2.038935453809188,0.5437006119510398,2.0949869728208323,0.942229638858646,0.9732449319547924,0.7434631606787514,0.7711104611574102,0.3591750863615325,0.48895986855264706,0.26703344494340847,0.3770420697270984,0.5963970468877203,1.7243843850435798,0.13679878548050256,0.7687644435441773
Su,20110523,4,eyes_closed,4,1,2352.264,2432.264,0.003,0.30500901910797884,0.7924583104980136,13;22;33;36,BP027-028;BP045-046;BP067-068;BP073-074,0.3293218450578749,1.3107124794121376,0.34567801954852084,1.331966401777509,0.952683787901793,0.9840431993352026,0.8113233678032716,0.841494198210707,0.6919784339642939,0.9420188007468795,0.5614182734911447,0.7927033554339071,0.5060736081097155,1.463228954705653,0.1848873016753105,1.0390061804390982
Su,20110523,4,eyes_closed,5,1,2565.892,2645.892,0.003,0.2454402338429328,0.7717443937905644,13;22;33;36,BP027-028;BP045-046;BP067-068;BP073-074,0.29617897988168385,1.178802715022614,0.3026443493323521,1.1661490815210078,0.9786370719792681,1.0108507854631263,0.8250290181929008,0.8557095231270895,0.7637947179741014,1.03978527209403,0.6301528062710964,0.8897541593381534,0.4752369608972685,1.3740698396199407,0.18663801533095362,1.0488446187304783
Su,20110523,4,eyes_closed,6,1,2779.52,2859.52,0.003,0.227945714083287,0.7609021590158188,13;22;33;36,BP027-028;BP045-046;BP067-068;BP073-074,0.23862636597462988,0.9497412956153855,0.25171772076823057,0.9699186174266847,0.9479919222466877,0.9791968919363233,0.8221082284947155,0.852680117488409,0.6617204755977187,0.9008273932484763,0.5440058479523212,0.7681176075118881,0.4514534081028429,1.3053035919103202,0.12981413856580934,0.72951301174333
Su,20110523,4,deep_anesthesia,1,2,1506.58,1586.58,0.003,0.586158649441429,0.874706935917064,13;22;33;36,BP027-028;BP045-046;BP067-068;BP073-074,2.1046925075896454,8.376749907186298,2.281816987836333,8.79229627262009,0.9223756851706847,0.9527374473574285,0.4095018537497173,0.4247300740516487,0.29203945707910456,0.397565365660837,0.11959069904195432,0.1688579671974981,0.8710752512756114,2.5185714270989026,0.25170164825100877,1.4144809610493052
Su,20110523,4,deep_anesthesia,2,2,1826.574,1906.574,0.003,0.6481596594116938,0.8930576604147649,13;22;33;36,BP027-028;BP045-046;BP067-068;BP073-074,1.7705188526854896,7.046727054627983,2.1329225594724983,8.218576322906427,0.8300905463362738,0.8574145664362425,0.44921222059828025,0.4659171575721953,0.29407165185025225,0.400331876273362,0.13210057974265618,0.1865214898788286,0.8419193371130295,2.434271876361703,0.23388656688505421,1.3143660289986527
Su,20110523,4,deep_anesthesia,3,2,2146.568,2226.568,0.003,0.6310020391745366,0.8980074888021078,13;22;33;36,BP027-028;BP045-046;BP067-068;BP073-074,1.4628781110807316,5.822306126444194,1.5364372870948415,5.920199518388125,0.9521235414995697,0.983464511349681,0.47499709719650646,0.49266090109055977,0.2991227731409125,0.4072081761507948,0.14208244894730257,0.20061554699389395,0.8163097846436121,2.360226049648327,0.20784930453375444,1.1680451283225017
Su,20110523,4,deep_anesthesia,4,2,2466.562,2546.562,0.003,0.6466716226957645,0.9018532338332164,13;22;33;36,BP027-028;BP045-046;BP067-068;BP073-074,1.0371336331790895,4.127828190647315,1.0746167602168484,4.140712855463837,0.965119539890486,0.9968882979172246,0.4627752747450781,0.47998458349319445,0.24396459407612486,0.3321190705607295,0.11290078205165015,0.15941203375323862,0.8351230607430762,2.4146215563107485,0.1170931982779887,0.6580254868550409
Su,20110523,4,deep_anesthesia,5,2,2786.556,2866.556,0.003,0.6735642512914044,0.9094531223069711,13;22;33;36,BP027-028;BP045-046;BP067-068;BP073-074,0.3285510864837629,1.3076448332876454,0.3411209157492914,1.3144069713054356,0.963151396806267,0.9948553696340532,0.8188888007001351,0.8493409682438448,0.6025690092877541,0.820302060924886,0.49343701335471757,0.696716146678364,0.5259363125443318,1.5206587115270955,0.16211926684899577,0.9110572694720416
Su,20110523,4,deep_anesthesia,6,2,3106.55,3186.55,0.003,0.6983307448304227,0.9000742682017658,13;22;33;36,BP027-028;BP045-046;BP067-068;BP073-074,0.6686851313906773,2.661390246848271,0.6845361819643605,2.637654532875505,0.9768441011719838,1.0089987955878703,0.6046137908417105,0.6270976744193189,0.32500625772888697,0.44244443195580185,0.19650326553274033,0.2774558743392599,0.7231631365372337,2.0909077719137508,0.13139881193145755,0.7384183578972654
Su,20110523,4,recovery_eyes_closed,1,3,288.49,368.49,0.003,0.16779811750266338,0.7641851636867725,13;22;33;36,BP027-028;BP045-046;BP067-068;BP073-074,0.17765871299097996,0.7070879010551337,0.18652072086271113,0.7187015643891136,0.9524878103047111,0.9838407707601816,0.7982568680027098,0.8279417920931991,0.5687462962845754,0.7742578058189468,0.4540056371602664,0.6410403952918869,0.5296440771607691,1.5313791056694985,0.0806580571885427,0.4532719075984933
Su,20110523,4,recovery_eyes_closed,2,3,622.992,702.992,0.003,0.23913176860024332,0.8566605596201319,13;22;33;36,BP027-028;BP045-046;BP067-068;BP073-074,0.22944614006910583,0.9132036749298268,0.2334427854323672,0.8995016441582705,0.9828795507393425,1.015232913536671,0.7960177186068916,0.8256193750394296,0.46010334720179286,0.6263576754373573,0.3662504167629657,0.517133032545741,0.499191768821079,1.4433312434885512,0.08403474442496382,0.47224778574837634
Su,20110523,4,recovery_eyes_closed,3,3,957.494,1037.494,0.003,0.22612698721042546,0.8265367928025295,13;22;33;36,BP027-028;BP045-046;BP067-068;BP073-074,0.28217818669386296,1.1230790676899558,0.3162738553537549,1.2186662884786361,0.8921957408659161,0.9215640723860429,0.8567038244925483,0.8885622262394994,0.5740492151431991,0.7814768881175671,0.4917901580601243,0.6943908434604616,0.450592489906624,1.3028143879444272,0.13877245503529398,0.7798558210860164
Su,20110523,4,recovery_eyes_closed,4,3,1291.996,1371.996,0.003,0.22686312384941132,0.8348400380535157,13;22;33;36,BP027-028;BP045-046;BP067-068;BP073-074,0.24046797521136049,0.9570709648887957,0.24560269438312038,0.9463562002918386,0.9790933923397838,1.011322126482241,0.7880972206916815,0.8174043361201939,0.3709367476261364,0.5049715034468133,0.29233421985656977,0.4127658965345586,0.5214928063810824,1.5078110411995216,0.07029701793390199,0.3950462548695186
Su,20110523,4,recovery_eyes_closed,5,3,1626.498,1706.498,0.003,0.22847024895903245,0.8574425171720503,13;22;33;36,BP027-028;BP045-046;BP067-068;BP073-074,0.22966403702658536,0.9140709124534844,0.2382751609243415,0.918121751402837,0.9638605893104805,0.9955879065677694,0.8290582559301065,0.8598885968646679,0.4359663701741848,0.5934990124542627,0.36144151850078887,0.5103430330598621,0.4547225411448053,1.3147557546928286,0.08301011828791051,0.4664897218933074
Su,20110523,4,recovery_eyes_closed,6,3,1961.0,2041.0,0.003,0.23758089557882556,0.8219040911496609,13;22;33;36,BP027-028;BP045-046;BP067-068;BP073-074,0.2543606324612408,1.012364227400469,0.260892264622557,1.0052699660069546,0.9749642551849295,1.0070570708699211,0.805177659421003,0.8351199482472473,0.4124551198845419,0.5614921771038826,0.33209964804484465,0.46891331788422863,0.4672340769293928,1.3509308113139897,0.08447307651684234,0.4747110687776586
Su,20110523,4,recovery_eyes_open,1,3,2183.85,2263.85,0.003,0.19952406248008647,0.7120885103947818,13;22;33;36,BP027-028;BP045-046;BP067-068;BP073-074,0.18310773567433036,0.7287752022130999,0.189000354854665,0.7282560890600823,0.9688221792765106,1.0007128167698365,0.8142724591572612,0.8445529579640404,0.6510896050040217,0.8863551503633945,0.5301643337983546,0.7485738640460667,0.4803566488381862,1.388872578814718,0.09707719069710653,0.5455420691416136
Su,20110523,4,recovery_eyes_open,2,3,2344.8,2424.8,0.003,0.21376149656006038,0.8407818787308222,13;22;33;36,BP027-028;BP045-046;BP067-068;BP073-074,0.23357328518681958,0.9296298570714385,0.25050014599538684,0.9652270588161665,0.9324277407451931,0.963120385592601,0.8183993751523596,0.8488333423387455,0.6019372331872057,0.8194419980452243,0.49262505552134933,0.6955696900534676,0.4033100004403991,1.1661048134302272,0.11506405258346103,0.6466223515476303
Su,20110523,4,recovery_eyes_open,3,3,2505.75,2585.75,0.003,0.2006966584137927,0.7919121550069415,13;22;33;36,BP027-028;BP045-046;BP067-068;BP073-074,0.22165341799675933,0.882188368104311,0.24324947008394368,0.9372887573967319,0.9112185030465567,0.9412130052157468,0.8456403238888024,0.8770873052161346,0.6390160835967077,0.8699189673861999,0.540377767902874,0.7629948828611647,0.41811731909907707,1.2089177502357236,0.11977657926513169,0.6731052105832317
Su,20110523,4,recovery_eyes_open,4,3,2666.7,2746.7,0.003,0.1935202636099015,0.7011018488682905,13;22;33;36,BP027-028;BP045-046;BP067-068;BP073-074,0.18872054121519719,0.7511143648812637,0.19873828579727754,0.7657782805356352,0.9495932827341637,0.9808509642711275,0.8269348795359398,0.8576862580843283,0.5967352432359633,0.8123603144336515,0.493461186480181,0.6967502783028069,0.4689484547807053,1.3558876540956484,0.09312626218123315,0.5233391427682569
Su,20110523,4,recovery_eyes_open,5,3,2827.65,2907.65,0.003,0.19518188105198842,0.8320202414514491,13;22;33;36,BP027-028;BP045-046;BP067-068;BP073-074,0.2444456115236399,0.9729020967475136,0.26384097963537095,1.016631953473253,0.9264884168542146,0.956985557480916,0.8507220505220366,0.8823580069467377,0.6771096898094939,0.9217773656820989,0.5760321437430729,0.8133376392318711,0.4174335927919449,1.2069408675971949,0.14080852963454893,0.7912978945723614
Su,20110523,4,recovery_eyes_open,6,3,2988.6,3068.6,0.003,0.18241804735521916,0.6653097611149152,13;22;33;36,BP027-028;BP045-046;BP067-068;BP073-074,0.15358596587914528,0.6112775242862644,0.15449644237603352,0.5953056277856479,0.994106812539591,1.0268297421612274,0.8308927713190858,0.8617913327128095,0.543276344611414,0.7395845094377614,0.4514043875662805,0.6373675200421178,0.43148322220549257,1.2475630700423581,0.06932937886645127,0.389608439711822
Su,20110523,5,eyes_open,1,1,121.49,201.49,0.003,0.22399111999779564,0.7029805623401778,13;22;26;33;36,BP027-028;BP045-046;BP053-054;BP067-068;BP073-074,0.259126106160238,0.8483589448108388,0.2745610896065764,0.8294647995963521,0.9437830631119091,1.0227787185468045,0.9103917221708826,0.946773188753211,0.8539232944974018,1.1249234974414626,0.7774046986793234,1.0650474067760682,0.3685339505440916,1.2932877572256996,0.2014458524794461,0.9035424941860649
Su,20110523,5,eyes_open,2,1,332.996,412.996,0.003,0.2884363520716243,0.9045259406696176,13;22;26;33;36,BP027-028;BP045-046;BP053-054;BP067-068;BP073-074,0.6338594969862607,2.075207249435015,0.6547756257020148,1.978114720959677,0.9680560364577881,1.0490833658162322,0.6079858577464662,0.6322824507706056,0.33860640293837263,0.4460661765571102,0.20586790432893204,0.28203981531940336,0.6486418029996777,2.2762638324251836,0.13049132628355242,0.5852910693801382
Su,20110523,5,eyes_open,3,1,544.502,624.502,0.003,0.2421560728727179,0.829606523509352,13;22;26;33;36,BP027-028;BP045-046;BP053-054;BP067-068;BP073-074,0.3757843768385784,1.2302891520086205,0.40034380563416416,1.2094615991865914,0.9386541556283544,1.0172205160015304,0.8913561091903132,0.9269768663981371,0.6790979779389251,0.8946158014088527,0.6053181313746494,0.8292881522202363,0.37419644224524423,1.313159009743089,0.22746909678771557,1.0202642175658312
Su,20110523,5,eyes_open,4,1,756.008,836.008,0.003,0.22383798486542972,0.669336850292801,13;22;26;33;36,BP027-028;BP045-046;BP053-054;BP067-068;BP073-074,0.27462231153931477,0.8990923295661216,0.3115350595092135,0.9411652833739991,0.8815133422605776,0.9552969552201827,0.894160962248052,0.9298938082032836,0.8174081592017021,1.076819957028546,0.7308944661812028,1.0013282105905708,0.33928653030732436,1.1906504548365922,0.20071992779397554,0.9002865135201525
Su,20110523,5,eyes_open,5,1,967.514,1047.514,0.003,0.2635045252877971,0.9495561304938532,13;22;26;33;36,BP027-028;BP045-046;BP053-054;BP067-068;BP073-074,0.36301484954441865,1.18848270162223,0.39059615837068445,1.1800133977115619,0.929386635697296,1.0071772947045288,0.8724130440010841,0.9072767902691496,0.7035896073257877,0.9268800686626527,0.6138207510546179,0.8409367736607005,0.35399931306609406,1.242281686609258,0.22282604759133373,0.999438808653749
Su,20110523,5,eyes_open,6,1,1179.02,1259.02,0.003,0.2658448723481359,0.9494980826076123,13;22;26;33;36,BP027-028;BP045-046;BP053-054;BP067-068;BP073-074,0.3410998673045441,1.1167347350276504,0.3930839799722444,1.187529249462902,0.8677531639132917,0.9403850351751163,0.8332161199278392,0.8665134618135139,0.8266846899491854,1.0890404778643479,0.6888070097632091,0.9436682345292797,0.33158317917909874,1.1636172610452564,0.2349519796286698,1.0538270958410627
Su,20110523,5,eyes_closed,1,1,1711.38,1791.38,0.003,0.21264731999977105,0.7026242976886125,13;22;26;33;36,BP027-028;BP045-046;BP053-054;BP067-068;BP073-074,0.24631331020230735,0.8064108361466159,0.27260095080091346,0.8235431078375163,0.9035673187442235,0.9791968732081472,0.8374092706982422,0.8708741810831826,0.7511463904838338,0.9895294227462673,0.6290169510426843,0.86175562569187,0.3702436340323119,1.2992875103577564,0.15493524738468628,0.694929074668231
Su,20110523,5,eyes_closed,2,1,1925.008,2005.008,0.003,0.22754934068838495,0.8781128429348988,13;22;26;33;36,BP027-028;BP045-046;BP053-054;BP067-068;BP073-074,0.28842643281953895,0.9442859611027685,0.3141917645443718,0.9491913416648218,0.917994885186769,0.9948320424484177,0.8703349803452252,0.9051156821373686,0.7986289979605004,1.0520810608318991,0.695074753243079,0.9522550670386708,0.3132830626789656,1.0993970810849447,0.20047793162082264,0.8992010911935928
Su,20110523,5,eyes_closed,3,1,2138.636,2218.636,0.003,0.2559250230802481,0.856211338720556,13;22;26;33;36,BP027-028;BP045-046;BP053-054;BP067-068;BP073-074,0.5850949454595534,1.915555857723101,0.6299170342467217,1.9030154903685614,0.9288444567294989,1.0065897347751547,0.7432166962624815,0.7729174423699101,0.3874232204669376,0.5103754482001993,0.2879394059708084,0.3944780860712947,0.5296191351406077,1.8585803084317556,0.16847189103214646,0.7556448085172665
Su,20110523,5,eyes_closed,4,1,2352.264,2432.264,0.003,0.30500901910797884,0.7924583104980136,13;22;26;33;36,BP027-028;BP045-046;BP053-054;BP067-068;BP073-074,0.5579601693009402,1.826718687239922,0.5987523888255685,1.8088653090526685,0.9318713039214077,1.00986993232603,0.7722085260601739,0.8030678561718926,0.4973455524423984,0.6551826163961867,0.3840544759941274,0.5261560991503771,0.43351431765451304,1.5213218721827289,0.21428710044646734,0.9611391787232556
Su,20110523,5,eyes_closed,5,1,2565.892,2645.892,0.003,0.2454402338429328,0.7717443937905644,13;22;26;33;36,BP027-028;BP045-046;BP053-054;BP067-068;BP073-074,0.454187722348738,1.4869756760036505,0.48646514912171357,1.4696391174912746,0.9336490459157234,1.0117964732334903,0.8037115817830183,0.8358298505923438,0.6243904657300524,0.8225463703874767,0.5018298488621359,0.6875088098662394,0.4065788262658544,1.4267977687822668,0.227924956061305,1.0223088773093167
Su,20110523,5,eyes_closed,6,1,2779.52,2859.52,0.003,0.227945714083287,0.7609021590158188,13;22;26;33;36,BP027-028;BP045-046;BP053-054;BP067-068;BP073-074,0.3283351422003779,1.074944006642011,0.35115397475588683,1.0608562987410928,0.9350175871670768,1.0132795628565678,0.8478068945134785,0.8816873192250074,0.653851809963233,0.8613575359894443,0.5543400724769456,0.759448016800791,0.3263302047492723,1.145183118114641,0.18200932652408577,0.8163640940161715
Su,20110523,5,deep_anesthesia,1,2,1506.58,1586.58,0.003,0.586158649441429,0.874706935917064,13;22;26;33;36,BP027-028;BP045-046;BP053-054;BP067-068;BP073-074,2.4504074624543235,8.022445596117802,2.6938461322418896,8.138263675399935,0.9096315610331575,0.985768699085995,0.39742938437687664,0.4133116288156378,0.30391630752489696,0.40036686877317923,0.12078527100171332,0.16547628265645944,0.8188391912044796,2.873533631183454,0.2959731294171661,1.327524475059257
Su,20110523,5,deep_anesthesia,2,2,1826.574,1906.574,0.003,0.6481596594116938,0.8930576604147649,13;22;26;33;36,BP027-028;BP045-046;BP053-054;BP067-068;BP073-074,2.0964919877442205,6.863753547962593,2.4869021708112165,7.513074098312617,0.8430134535852507,0.9135745845371261,0.507315407129872,0.5275889641951584,0.3228847546155308,0.4253551223783092,0.1638044107438068,0.224412668430677,0.7051469600320878,2.4745560866455683,0.34341463468155664,1.5403132491488225
Su,20110523,5,deep_anesthesia,3,2,2146.568,2226.568,0.003,0.6310020391745366,0.8980074888021078,13;22;26;33;36,BP027-028;BP045-046;BP053-054;BP067-068;BP073-074,1.688968543447748,5.529553129826241,1.8063184012610054,5.456991494519753,0.9350336808110161,1.0132970035557798,0.49823982665646876,0.5181507014612872,0.3219505008978378,0.42412437487864824,0.160408561759302,0.21976034235020153,0.7252920471928173,2.5452507799153516,0.27092501491115684,1.215176488854245
Su,20110523,5,deep_anesthesia,4,2,2466.562,2546.562,0.003,0.6466716226957645,0.9018532338332164,13;22;26;33;36,BP027-028;BP045-046;BP053-054;BP067-068;BP073-074,1.2422232151272887,4.066943279552217,1.337090284697596,4.039426441044966,0.929049615679645,1.0068120657496447,0.47558814761310986,0.4945938062520953,0.2646435497932946,0.3486305497544927,0.12586133562395077,0.17243051057883504,0.7531358815710784,2.6429625105780516,0.1563478729989993,0.7012651061883524
Su,20110523,5,deep_anesthesia,5,2,2786.556,2866.556,0.003,0.6735642512914044,0.9094531223069711,13;22;26;33;36,BP027-028;BP045-046;BP053-054;BP067-068;BP073-074,0.5351494215604784,1.7520380532806492,0.5514266954345179,1.6658916748766994,0.9704815272658984,1.0517118728084922,0.7589487546141411,0.7892781920214283,0.5405740582996188,0.7121300756251737,0.4102680083232078,0.5620687385735202,0.4910623127307012,1.7232737340804962,0.21955468733893466,0.9847658185402623
Su,20110523,5,deep_anesthesia,6,2,3106.55,3186.55,0.003,0.6983307448304227,0.9000742682017658,13;22;26;33;36,BP027-028;BP045-046;BP053-054;BP067-068;BP073-074,0.8476431067516601,2.7751183478801638,0.8916832790302803,2.6938263298855802,0.950610072753058,1.0301771562229984,0.6458118531092174,0.6716200648714443,0.36772308021916184,0.4844232920634368,0.2374799238673663,0.32534840284088407,0.6012558282408168,2.109973315827287,0.2012982204580824,0.9028803221772453
Su,20110523,5,recovery_eyes_closed,1,3,288.49,368.49,0.003,0.16779811750266338,0.7641851636867725,13;22;26;33;36,BP027-028;BP045-046;BP053-054;BP067-068;BP073-074,0.19596167330113035,0.6415634489653097,0.22213664591603033,0.6710875483185458,0.882167246619928,0.9560055920763085,0.7906107296313956,0.8222054565376624,0.5856755287599317,0.7715449015432672,0.463041357120143,0.6343684280126878,0.47415606728230403,1.6639450338975563,0.09073835914888959,0.40698759659052214
Su,20110523,5,recovery_eyes_closed,2,3,622.992,702.992,0.003,0.23913176860024332,0.8566605596201319,13;22;26;33;36,BP027-028;BP045-046;BP053-054;BP067-068;BP073-074,0.233466928510474,0.7643527703723333,0.23937110336359077,0.7231538327777774,0.9753346382660538,1.0569711944086677,0.7078063057243845,0.7360919665353904,0.4589845807103721,0.6046474468275395,0.3248721804570641,0.44507612819588643,0.48415129475578933,1.6990210568882738,0.07584691012981118,0.34019517161311746
Su,20110523,5,recovery_eyes_closed,3,3,957.494,1037.494,0.003,0.22612698721042546,0.8265367928025295,13;22;26;33;36,BP027-028;BP045-046;BP053-054;BP067-068;BP073-074,0.29155805537345525,0.9545386525229969,0.33020143256886547,0.9975574670271925,0.8829702921190358,0.956875853345677,0.7772602728190934,0.8083214830132164,0.5508585830217504,0.7256784863483556,0.4281604925242249,0.5865815102758889,0.43716859199412067,1.5341457334795814,0.12483364058810362,0.5599147244136503
Su,20110523,5,recovery_eyes_closed,4,3,1291.996,1371.996,0.003,0.22686312384941132,0.8348400380535157,13;22;26;33;36,BP027-028;BP045-046;BP053-054;BP067-068;BP073-074,0.239940274104952,0.785546006049372,0.24895618216546858,0.752110905605931,0.9637851609785526,1.0444550134750465,0.66314054153444,0.6896412498160274,0.35486778842068284,0.46748825831536805,0.2353272173864207,0.32239918673892826,0.5224792912046622,1.8335246175321034,0.05646447704405333,0.2532593934963303
Su,20110523,5,recovery_eyes_closed,5,3,1626.498,1706.498,0.003,0.22847024895903245,0.8574425171720503,13;22;26;33;36,BP027-028;BP045-046;BP053-054;BP067-068;BP073-074,0.23360359231228725,0.7648001971500445,0.24616942169808567,0.7436919423948182,0.9489545480542674,1.0283830623298864,0.7254634944448448,0.7544547794456659,0.42845966180819955,0.5644351716128674,0.31083184348403287,0.42584081291056247,0.4470660935383887,1.5688788091037575,0.07261143524292063,0.325683137668533
Su,20110523,5,recovery_eyes_closed,6,3,1961.0,2041.0,0.003,0.23758089557882556,0.8219040911496609,13;22;26;33;36,BP027-028;BP045-046;BP053-054;BP067-068;BP073-074,0.2545077928425698,0.8332389421563783,0.26590985286221464,0.8033289171859745,0.9571205809152435,1.0372326009067085,0.6804877419000958,0.7076816864831897,0.3979620846519461,0.5242589152919809,0.2708083203466576,0.3710084333276768,0.46607611892847595,1.6355902560823938,0.0689228278948315,0.30913867451704896
Su,20110523,5,recovery_eyes_open,1,3,2183.85,2263.85,0.003,0.19952406248008647,0.7120885103947818,13;22;26;33;36,BP027-028;BP045-046;BP053-054;BP067-068;BP073-074,0.18512604915514147,0.6060884487691753,0.1952716445770158,0.5899268383878271,0.9480436832298359,1.0273959571419318,0.7295318102931385,0.7586856750862364,0.6356731269441475,0.8374096851549667,0.46374376705426396,0.6353307323055486,0.4669916591775014,1.638803140522386,0.08585105141507811,0.38506661799845393
Su,20110523,5,recovery_eyes_open,2,3,2344.8,2424.8,0.003,0.21376149656006038,0.8407818787308222,13;22;26;33;36,BP027-028;BP045-046;BP053-054;BP067-068;BP073-074,0.23590745488019438,0.7723428660306947,0.2543143169099033,0.7682981379933433,0.9276216052113575,1.0052645292723417,0.7470272013536563,0.7768802245087121,0.5718594154327652,0.7533441209518542,0.42719453867847645,0.5852581498173948,0.3942301383895927,1.383462801068729,0.10077837635835823,0.4520199567977888
Su,20110523,5,recovery_eyes_open,3,3,2505.75,2585.75,0.003,0.2006966584137927,0.7919121550069415,13;22;26;33;36,BP027-028;BP045-046;BP053-054;BP067-068;BP073-074,0.2284002121547604,0.7477647306534368,0.2536791912114453,0.766379386829641,0.9003506005519606,0.9757109122503813,0.7722537741300876,0.8031149124646881,0.6268423446165475,0.8257763749910194,0.4840813664146818,0.66319332111632,0.40204250569723704,1.4108785628432143,0.11056428678927964,0.49591257513570325
Su,20110523,5,recovery_eyes_open,4,3,2666.7,2746.7,0.003,0.1935202636099015,0.7011018488682905,13;22;26;33;36,BP027-028;BP045-046;BP053-054;BP067-068;BP073-074,0.19606982378018245,0.641917525316971,0.2092214769876864,0.6320700822156388,0.9371400422324808,1.0155796696891797,0.749541090392158,0.7794945746650146,0.5908216032268818,0.7783241288166759,0.4428450687099199,0.6066994357434727,0.4536457665069722,1.591968704849468,0.08682855458387688,0.38945100040365305
Su,20110523,5,recovery_eyes_open,5,3,2827.65,2907.65,0.003,0.19518188105198842,0.8320202414514491,13;22;26;33;36,BP027-028;BP045-046;BP053-054;BP067-068;BP073-074,0.2517946718184992,0.8243563925621613,0.27431160195225074,0.8287110830828668,0.9179147729315836,0.9947452247114812,0.7740335302000696,0.8049657919142087,0.6718864322623207,0.8851156071446131,0.520062627057534,0.7124877856407893,0.3915195764754469,1.3739506881858006,0.1309489985050183,0.5873438607154432
Su,20110523,5,recovery_eyes_open,6,3,2988.6,3068.6,0.003,0.18241804735521916,0.6653097611149152,13;22;26;33;36,BP027-028;BP045-046;BP053-054;BP067-068;BP073-074,0.1588746917585734,0.5201435233781649,0.16428025449481687,0.4963000713882552,0.9670954811163017,1.0480424109616078,0.7647248195004048,0.7952850825034431,0.53491406086457,0.7046738273284315,0.4090620586428869,0.5604165829049088,0.41604522836620417,1.4600179969953884,0.06498960847701618,0.2914970559917109
Su,20110526,3,eyes_open,1,1,44.88,124.88,0.003,0.31024903531269454,0.9167571860749522,30;35;58,BP061-062;BP071-072;BP117-118,0.4260923552497353,2.3572191278571744,0.44482219442729115,2.2824916455123825,0.9578936496150546,1.0327394330190491,0.8166408560955999,0.8654651800976105,0.28986741764116747,0.47762573017488474,0.2367175760967038,0.41336843858505934,0.6396788902806265,1.3086265099284562,0.10086354952805299,0.9743999902851558
Su,20110526,3,eyes_open,2,1,257.11999999999995,337.11999999999995,0.003,0.2327297751820373,0.7321311810037952,30;35;58,BP061-062;BP071-072;BP117-118,0.2482957711697023,1.3736166208009755,0.3120302311077564,1.6011035523254815,0.7957426762407388,0.8579186641650387,0.909460302192449,0.9638340016342174,0.6262522749233358,1.0319000407773329,0.5695515832004856,0.9945803455889289,0.5353382036900567,1.095170992463037,0.14141724957168947,1.3661720934229313
Su,20110526,3,eyes_open,3,1,469.3599999999999,549.3599999999999,0.003,0.22363275983642794,0.7368496373859665,30;35;58,BP061-062;BP071-072;BP117-118,0.15622632308234716,0.8642719647684461,0.18056324323507497,0.9265142327291058,0.865216642564159,0.9328210341925118,0.9655074386305261,1.0232320156685009,0.8214976883568988,1.3536134431092364,0.7931621289263676,1.3850606118286437,0.44337443620734995,0.9070356234375392,0.12391280301033296,1.197069056308528
Su,20110526,3,eyes_open,4,1,681.5999999999998,761.5999999999998,0.003,0.30295289235213685,0.9295888402064211,30;35;58,BP061-062;BP071-072;BP117-118,0.22636835815086354,1.2523102496455092,0.23529546377509347,1.2073586638029095,0.9620600181533339,1.0372313440821406,0.9243398521934715,0.9796031519593376,0.6577337097327057,1.083773215796928,0.6079694800369929,1.061667658203778,0.5177020363566854,1.0590917088464413,0.13762505300180816,1.3295372900857354
Su,20110526,3,eyes_open,5,1,893.8399999999998,973.8399999999998,0.003,0.2834964125551732,0.9418416953968807,30;35;58,BP061-062;BP071-072;BP117-118,0.19887624639487267,1.1002189696730575,0.2258789553441077,1.1590402523277485,0.8804549591257907,0.9492500087580584,0.9378511685422799,0.9939222663532522,0.7504688469424546,1.2365764800724088,0.7038280850595585,1.2290608975926958,0.4954988139419969,1.0136693478788121,0.13997468766393614,1.3522361144148791
Su,20110526,3,eyes_open,6,1,1106.08,1186.08,0.003,0.27707287534360425,0.8976753663618441,30;35;58,BP061-062;BP071-072;BP117-118,0.21799185449866854,1.2059699330680227,0.22323634474862564,1.1454803700150051,0.9765070053630261,1.0528071581464336,0.933298983458143,0.9890979207988105,0.4727489591232404,0.778966703564362,0.44121612298061547,0.770474346867014,0.5119258375421082,1.0472750192382272,0.09618152088325688,0.9291688965218405
Su,20110526,3,eyes_closed,1,1,1500.2,1580.2,0.003,0.20613448740472828,0.7211819601769597,30;35;58,BP061-062;BP071-072;BP117-118,0.2608573922555186,1.4431097556473524,0.27889161886837033,1.431061215122281,0.9353360754043907,1.0084193047772885,0.955162825543772,1.012268931515484,0.6909254322429815,1.1384644978621572,0.6599462881012582,1.152432240819238,0.4649502139289927,0.9511743860696451,0.17215186774280355,1.6630862094487828
Su,20110526,3,eyes_closed,2,1,1714.944,1794.944,0.003,0.22837212317695932,0.7766561785647552,30;35;58,BP061-062;BP071-072;BP117-118,0.35154759253686974,1.9448241660997603,0.4155262897557695,2.132167182169074,0.8460297247221013,0.9121349312399003,0.9435066513539642,0.9999158722494288,0.5121693825090075,0.8439212564307966,0.4832352190171012,0.8438502592338338,0.49222438477284336,1.0069706668988012,0.16988017787448872,1.6411403767275061
Su,20110526,3,eyes_closed,3,1,1929.688,2009.688,0.003,0.2308497674749297,0.7604560046593205,30;35;58,BP061-062;BP071-072;BP117-118,0.36949189465213095,2.044095255245094,0.44045781581779897,2.260096949746708,0.8388814578442536,0.9044281288349946,0.9647178911308796,1.0223952636692877,0.6961394709796167,1.1470558707008538,0.671578202376422,1.1727444893686039,0.45691465790618946,0.9347356043727183,0.24814270240313624,2.397201446333193
Su,20110526,3,eyes_closed,4,1,2144.432,2224.432,0.003,0.17963136521010448,0.7150456889324441,30;35;58,BP061-062;BP071-072;BP117-118,0.21850779935730175,1.2088242323172476,0.26348022213604533,1.3519815632346357,0.8293138573584375,0.8941129562633368,0.9098036245735384,0.9641978501536286,0.5607913828040199,0.9240376026640152,0.5102100327047039,0.8909550699497564,0.5389143906334815,1.1024869960231554,0.11148487145632183,1.0770080784611742
Su,20110526,3,eyes_closed,5,1,2359.176,2439.176,0.003,0.27752234421255284,0.7865662348883278,30;35;58,BP061-062;BP071-072;BP117-118,0.3052998934837771,1.6889736222348344,0.3939249505250235,2.0213254190022503,0.7750204526950455,0.8355772931745603,0.9290098269072516,0.9845523294056346,0.6050639401720543,0.9969872039392909,0.5621103463270599,0.9815860740260394,0.5009021761694021,1.0247233050453939,0.17161222885978042,1.6578729869830298
Su,20110526,3,eyes_closed,6,1,2573.92,2653.92,0.003,0.20496638233647912,0.778437846646129,30;35;58,BP061-062;BP071-072;BP117-118,0.32664965154504494,1.8070843028351633,0.3564292556204513,1.8289258233108612,0.9164501689863596,0.9880577330161161,0.8743883055037197,0.9266651633327443,0.522758167695282,0.8613688064086977,0.457093628439307,0.798200465680447,0.5629192707040946,1.151595107773219,0.14930947445315984,1.442415532046853
Su,20110526,3,deep_anesthesia,1,2,1181.39,1261.39,0.003,0.5532402469734328,0.8676529719789001,30;35;58,BP061-062;BP071-072;BP117-118,0.33059650958948794,1.8289190275437188,0.4288698855291967,2.20063644079758,0.7708550325970172,0.8310864046588543,0.9249898032141575,0.9802919614561609,0.5126349475278543,0.8446883858787358,0.4741820992344899,0.8280412346123045,0.5102532264583507,1.04385326617077,0.15676294691673864,1.5144203695732372
Su,20110526,3,deep_anesthesia,2,2,1500.708,1580.708,0.003,0.5550425447521962,0.8734690878370936,30;35;58,BP061-062;BP071-072;BP117-118,0.414044579246744,2.290568675924647,0.48201827293792954,2.473353836090942,0.8589810853499766,0.9260982567479381,0.836491980045602,0.8865031387501682,0.35251582194321374,0.5808539235763862,0.2948766578946817,0.5149288264058167,0.6248918660224637,1.278375875991329,0.12209208174768961,1.1794798400958046
Su,20110526,3,deep_anesthesia,3,2,1820.026,1900.026,0.003,0.5882796773017858,0.8897112988503458,30;35;58,BP061-062;BP071-072;BP117-118,0.3724193954013685,2.0602907130558177,0.45009353233172483,2.309540171593761,0.8274266761222654,0.8920783186178822,0.8654095884964476,0.9171496377822634,0.5430419332671741,0.8947911497020863,0.4699536960050605,0.8206573788400435,0.5848659062544013,1.1964925547911598,0.17501987133284344,1.6907927762248747
Su,20110526,3,deep_anesthesia,4,2,2139.344,2219.344,0.003,0.6020868642788172,0.8742962040472539,30;35;58,BP061-062;BP071-072;BP117-118,0.37260687518568686,2.0613278847587053,0.40018866858935753,2.053466090782566,0.9310780250203112,1.0038285482343383,0.8716237868668454,0.9237353630391554,0.5489076860183684,0.9044563768725394,0.4784409959276476,0.8354783396434344,0.5811687462592295,1.18892906996363,0.17827040445332873,1.7221947986189163
Su,20110526,3,deep_anesthesia,5,2,2458.6620000000003,2538.6620000000003,0.003,0.6128523841668663,0.8868180267245976,30;35;58,BP061-062;BP071-072;BP117-118,0.35644073945156407,1.9718939301089562,0.4136226968761146,2.122399380789776,0.8617533373859383,0.9290871209052017,0.8042350688646529,0.8523176908433779,0.37830941002172375,0.6233550140407147,0.3042496944209672,0.5312965061428234,0.6485278535297166,1.3267293238075601,0.10844698605732202,1.04766035555113
Su,20110526,3,deep_anesthesia,6,2,2777.98,2857.98,0.003,0.5857329368091476,0.8908701826903233,30;35;58,BP061-062;BP071-072;BP117-118,0.3439770331468964,1.9029424773467094,0.3583461630285416,1.8387619447971557,0.959901538333199,1.0349042097217396,0.8360481675602213,0.8860327921471021,0.44950989829102617,0.7406748062242295,0.37581192676639386,0.6562621666318679,0.5793716980307897,1.1852527489421174,0.1292706715903228,1.2488291531593652
Su,20110526,3,recovery_eyes_closed,1,3,536.0699999999999,616.0699999999999,0.003,0.15168878968207344,0.7777234993727573,30;35;58,BP061-062;BP071-072;BP117-118,0.15930732701148795,0.8813166296287606,0.17428065855048372,0.894276751698587,0.9140849497383643,0.985507705477963,0.7489543795414861,0.7937319473260419,0.5948394484467613,0.9801399143553146,0.4455076100382439,0.7779683628732237,0.6422773997771811,1.3139424246243443,0.07097262651846901,0.6856364555252346
Su,20110526,3,recovery_eyes_closed,2,3,866.228,946.228,0.003,0.21389390575441214,0.8373566685393189,30;35;58,BP061-062;BP071-072;BP117-118,0.18710726045005002,1.0351108342117716,0.19725540018353377,1.012165779027267,0.948553298292257,1.0226692659047967,0.8060385339375088,0.8542289792787147,0.487492822830525,0.803260736767874,0.3929380002193741,0.6861685992638893,0.5603536723060276,1.146346521133026,0.07352155274776831,0.710260551193968
Su,20110526,3,recovery_eyes_closed,3,3,1196.386,1276.386,0.003,0.19888769954842167,0.8174508529627209,30;35;58,BP061-062;BP071-072;BP117-118,0.23999386032344652,1.3276889649689685,0.25977006809115255,1.332943853972096,0.9238703368982195,0.9960576816589325,0.8158943351093809,0.8646740270283486,0.5032443495119066,0.8292151351400199,0.4105942139425699,0.7170007901743773,0.5595786428062471,1.1447610003900413,0.0985400904305483,0.9519540369885504
Su,20110526,3,recovery_eyes_closed,4,3,1526.544,1606.544,0.003,0.21220219560531906,0.8343301459449445,30;35;58,BP061-062;BP071-072;BP117-118,0.2800603842789408,1.5493441425167649,0.29412311469751573,1.509217751406272,0.9521876054079006,1.0265875425021362,0.7346171196344659,0.778537508871345,0.4657872090890095,0.7674955593755702,0.34217525790354486,0.5975240808660759,0.6596635418501444,1.3495102177276637,0.09582973421921245,0.9257704347025686
Su,20110526,3,recovery_eyes_closed,5,3,1856.702,1936.702,0.003,0.26605722253836783,0.8494329285770411,30;35;58,BP061-062;BP071-072;BP117-118,0.2803660357337261,1.5510350610390062,0.2921068906997676,1.4988720121693464,0.9598063060480523,1.0348015363861276,0.775321266440193,0.8216752253877155,0.47845867200368675,0.7883748178181278,0.3709591835171913,0.6477880561207093,0.6047505712366689,1.237171714494907,0.10400435570173466,1.0047419871655232
Su,20110526,3,recovery_eyes_closed,6,3,2186.86,2266.86,0.003,0.20309426507621486,0.84836467196531,30;35;58,BP061-062;BP071-072;BP117-118,0.24392604429729128,1.3494425100941037,0.25172594223526035,1.2916674736755518,0.969014326180655,1.0447290325072194,0.7717426344350743,0.8178826385122304,0.4607394712417719,0.7591782069299677,0.3555722933243482,0.6209186749848661,0.5848464534374762,1.196452759086928,0.08673334297232438,0.8378940553358826
Su,20110526,3,recovery_eyes_open,1,3,2451.49,2531.49,0.003,0.1824072394138042,0.6939298496370403,30;35;58,BP061-062;BP071-072;BP117-118,0.1883144914922237,1.0417894522843414,0.19648388803967598,1.0082069612235958,0.9584220536912287,1.03330912436866,0.7913473815708815,0.8386594902751714,0.4570242432244656,0.7530564823533588,0.36166493819009454,0.6315579656388816,0.6434993762083068,1.3164422894417955,0.06810674892583417,0.6579504271087434
Su,20110526,3,recovery_eyes_open,2,3,2601.868,2681.868,0.003,0.174659548894881,0.6841327759101499,30;35;58,BP061-062;BP071-072;BP117-118,0.14449308480696604,0.7993615918089879,0.14799668252355994,0.7594072320480618,0.9763265118051808,1.0526125615806585,0.841047820884027,0.891331358624661,0.5419697557449945,0.8930244814229282,0.455822482054376,0.7959807243117819,0.4838471118043624,0.9898328159332146,0.06586319655640464,0.6362764188351366
Su,20110526,3,recovery_eyes_open,3,3,2752.246,2832.246,0.003,0.18432988798547523,0.6972157600976618,30;35;58,BP061-062;BP071-072;BP117-118,0.23003612373265422,1.2726009849271265,0.2328560328965059,1.194841346389488,0.9878899029208104,1.0650794674729063,0.85876480871099,0.910107588035665,0.5327866952215824,0.8778931982196382,0.45753846440572277,0.7989772611845909,0.5468059098582166,1.1186311136703206,0.10525037481048351,1.016779249517889
Su,20110526,3,recovery_eyes_open,4,3,2902.624,2982.624,0.003,0.18153942509592047,0.7015715452624681,30;35;58,BP061-062;BP071-072;BP117-118,0.16406636648604944,0.9076444872902498,0.16650205080442076,0.8543628098662428,0.9853714455371342,1.0623642284152661,0.80040962555193,0.8482635366079065,0.47233703491748635,0.7782879601541816,0.3780631092526141,0.6601932975797394,0.5805374048912386,1.1876374999845034,0.062027440637494755,0.5992208070942222
Su,20110526,3,recovery_eyes_open,5,3,3053.002,3133.002,0.003,0.19519629871501842,0.6967784144859523,30;35;58,BP061-062;BP071-072;BP117-118,0.1656632873594983,0.9164789392164332,0.1703915363148666,0.8743207128084828,0.9722506818259392,1.0482182633790411,0.8208573937467484,0.8699338109411454,0.47089874496825296,0.7759180343005065,0.3865407165132549,0.6749973325570021,0.4739171853152143,0.9695186157262337,0.06403560579588172,0.6186208393157634
Su,20110526,3,recovery_eyes_open,6,3,3203.38,3283.38,0.003,0.19491740695858717,0.7246968900256806,30;35;58,BP061-062;BP071-072;BP117-118,0.16168911841625197,0.8944931257303743,0.1665044855599157,0.8543753031931174,0.9710796551367924,1.0469557375866574,0.8134672202003498,0.8621018027437284,0.5493702232326172,0.9052185172899979,0.44689466835388275,0.7803905156327121,0.6022840525241008,1.2321258206510672,0.07225800495106262,0.6980539516186435
Su,20110526,4,eyes_open,1,1,44.88,124.88,0.003,0.31024903531269454,0.9167571860749522,7;30;35;58,BP015-016;BP061-062;BP071-072;BP117-118,0.4514875548139668,2.129768408564456,0.4713120583622668,2.0560367142434743,0.9579376271059413,1.035861078652047,0.7273137107366417,0.7836877301009099,0.297745110878187,0.4334295056740587,0.21655410144650702,0.3396733854604625,0.6017751502713924,1.4775480295394339,0.09777148174701916,0.7234256455838309
Su,20110526,4,eyes_open,2,1,257.11999999999995,337.11999999999995,0.003,0.2327297751820373,0.7321311810037952,7;30;35;58,BP015-016;BP061-062;BP071-072;BP117-118,0.2870035701973848,1.353860434100923,0.3533675430777516,1.5415193167653447,0.8121956184703566,0.8782636840009267,0.8660397200221919,0.9331663797098089,0.6706319788987263,0.9762433587774673,0.5807939312433814,0.9109974808261131,0.46809350446969544,1.1493173735364293,0.16668993181582487,1.2333634448560897
Su,20110526,4,eyes_open,3,1,469.3599999999999,549.3599999999999,0.003,0.22363275983642794,0.7368496373859665,7;30;35;58,BP015-016;BP061-062;BP071-072;BP117-118,0.19370050580325948,0.9137288804178046,0.22098511624804096,0.9640184337445966,0.8765319089899415,0.947833411098324,0.9652697129720299,1.0400876803601502,0.8422728207414734,1.22610205507632,0.8130204439212639,1.2752536423491425,0.3577758448461499,0.878452681754688,0.15748247121593933,1.1652360828724104
Su,20110526,4,eyes_open,4,1,681.5999999999998,761.5999999999998,0.003,0.30295289235213685,0.9295888402064211,7;30;35;58,BP015-016;BP061-062;BP071-072;BP117-118,0.26019484283885214,1.2273976335359178,0.27490149820221454,1.1992215413887235,0.9465020908960476,1.0234953185668811,0.8840144914995604,0.9525343740844978,0.7110052001077873,1.0350149210022854,0.6285389004268288,0.985887289945028,0.45147700327212087,1.10851861574252,0.16354258041466388,1.2100757266116695
Su,20110526,4,eyes_open,5,1,893.8399999999998,973.8399999999998,0.003,0.2834964125551732,0.9418416953968807,7;30;35;58,BP015-016;BP061-062;BP071-072;BP117-118,0.23539569517368653,1.1104144726637262,0.2673242174563001,1.166166653164846,0.8805625521457555,0.9521919269858946,0.9217661015219182,0.9932121079555003,0.7712767358158246,1.1227525898127015,0.710936749967503,1.1151314664403702,0.4169162761383156,1.023661116636792,0.1673514504831217,1.2382581192581126
Su,20110526,4,eyes_open,6,1,1106.08,1186.08,0.003,0.27707287534360425,0.8976753663618441,7;30;35;58,BP015-016;BP061-062;BP071-072;BP117-118,0.26167814540171813,1.23439470555939,0.26858801244901087,1.1716797921948965,0.9742733602133322,1.0535256422294441,0.9199795808253336,0.9912871142027129,0.5390480195929157,0.7846957284290182,0.4959131711098168,0.7778587641615972,0.43043034824068327,1.056842431280479,0.12976963889630175,0.9601847401540466
Su,20110526,4,eyes_closed,1,1,1500.2,1580.2,0.003,0.20613448740472828,0.7211819601769597,7;30;35;58,BP015-016;BP061-062;BP071-072;BP117-118,0.3080251742428215,1.4530240715388796,0.3300068294072931,1.4396112833823451,0.933390302243285,1.0093169512571625,0.904384194448296,0.9744829308504032,0.7520605410199901,1.0947794493412113,0.6801516665667134,1.066843886428814,0.4101405604442285,1.0070245948927437,0.20950383560575744,1.55014984755516
Su,20110526,4,eyes_closed,2,1,1714.944,1794.944,0.003,0.22837212317695932,0.7766561785647552,7;30;35;58,BP015-016;BP061-062;BP071-072;BP117-118,0.4130053205012565,1.948239048438558,0.48069299237143254,2.0969598020247653,0.8591873130160516,0.9290779186884714,0.9220824976954496,0.9935530279675764,0.5737742682254597,0.8352469557332202,0.5290672103587107,0.829862141969441,0.4212985369486813,1.034420950808016,0.21850757278090516,1.6167698298057303
Su,20110526,4,eyes_closed,3,1,1929.688,2009.688,0.003,0.2308497674749297,0.7604560046593205,7;30;35;58,BP015-016;BP061-062;BP071-072;BP117-118,0.42915351233484517,2.0244137036553265,0.507876556073148,2.215544514643647,0.8449957124483523,0.9137319021463838,0.92826185187136,1.0002113433219013,0.7180448788556272,1.0452626274072068,0.6665336689732708,1.045483536683142,0.3958949457050362,0.9720471120605283,0.2860452651293105,2.116491198607394
Su,20110526,4,eyes_closed,4,1,2144.432,2224.432,0.003,0.17963136521010448,0.7150456889324441,7;30;35;58,BP015-016;BP061-062;BP071-072;BP117-118,0.2618044179166463,1.2349903614313993,0.30728300863297175,1.340481611287298,0.8519977042705721,0.9213034711049912,0.8980453930645154,0.9676528095496729,0.6073432030460262,0.8841134737504895,0.5454217655045304,0.8555148868353821,0.452321744122973,1.110592721293547,0.1427938278369832,1.0565526393027727
Su,20110526,4,eyes_closed,5,1,2359.176,2439.176,0.003,0.27752234421255284,0.7865662348883278,7;30;35;58,BP015-016;BP061-062;BP071-072;BP117-118,0.41168830211335683,1.942026376292583,0.5013135778493439,2.1869143874412798,0.8212191336997429,0.8880212172204789,0.9405616109404885,1.0134644555943355,0.6113573477718123,0.8899568904872749,0.5750192518805602,0.9019396755201136,0.372079883107413,0.9135736127832532,0.2367286994892004,1.7515906396848353
Su,20110526,4,eyes_closed,6,1,2573.92,2653.92,0.003,0.20496638233647912,0.778437846646129,7;30;35;58,BP015-016;BP061-062;BP071-072;BP117-118,0.37255289331076824,1.7574158450934403,0.4048132518874808,1.7659444385639056,0.9203080471642281,0.9951705199301735,0.836604207043083,0.9014493228051761,0.5383458207680344,0.7836735330060421,0.45038237849859913,0.7064419756286364,0.49823696776665255,1.223329094987252,0.16779125820583862,1.2415123216088808
Su,20110526,4,deep_anesthesia,1,2,1181.39,1261.39,0.003,0.5532402469734328,0.8676529719789001,7;30;35;58,BP015-016;BP061-062;BP071-072;BP117-118,0.5539906870026284,2.6132987526162883,0.8516985035302479,3.7154224290574818,0.6504539866001462,0.703365176508132,0.8880410267916711,0.9568730057597477,0.41384416590018736,0.6024356595584732,0.36751059801774505,0.5764544203385723,0.4346099823106091,1.067104752816072,0.2035974486765972,1.506447617610937
Su,20110526,4,deep_anesthesia,2,2,1500.708,1580.708,0.003,0.5550425447521962,0.8734690878370936,7;30;35;58,BP015-016;BP061-062;BP071-072;BP117-118,0.5481060056064528,2.585539386054776,0.7768971276244825,3.389111288891471,0.7055065414933326,0.762895982356622,0.8843924188424793,0.9529415945412871,0.4247980686630456,0.6183813274678608,0.3756881914645245,0.589281288231781,0.44296173676152695,1.0876109474081643,0.2059169539771322,1.523609980188364
Su,20110526,4,deep_anesthesia,3,2,1820.026,1900.026,0.003,0.5882796773017858,0.8897112988503458,7;30;35;58,BP015-016;BP061-062;BP071-072;BP117-118,0.5270190801927395,2.4860676130213273,0.8429375612068206,3.677203973262127,0.6252172218286423,0.6760755267040253,0.8825028695606297,0.9509055864669903,0.5470572454325189,0.7963548108779366,0.4827795889081316,0.7572582384736933,0.40981637264147064,1.006228611461142,0.25443405488219273,1.8825951813630344
Su,20110526,4,deep_anesthesia,4,2,2139.344,2219.344,0.003,0.6020868642788172,0.8742962040472539,7;30;35;58,BP015-016;BP061-062;BP071-072;BP117-118,0.5303996924316159,2.5020147217980733,0.7233464262685116,3.1555034146436713,0.733258191607803,0.7929050908920052,0.8746116211888737,0.9424026881538808,0.5246874367550604,0.7637909340488698,0.458897729677778,0.7197986294352183,0.46249777253793917,1.1355780845580314,0.24339921467866016,1.8009467675769935
Su,20110526,4,deep_anesthesia,5,2,2458.6620000000003,2538.6620000000003,0.003,0.6128523841668663,0.8868180267245976,7;30;35;58,BP015-016;BP061-062;BP071-072;BP117-118,0.5365908826261248,2.5312199593446807,0.7125570540970272,3.1084362010754627,0.7530497095507785,0.8143065501775215,0.8203484540741411,0.8839335879066708,0.4337797463963341,0.6314560144999364,0.35585054436490565,0.5581651805021755,0.5028369975532231,1.2346236207647034,0.19094615768375178,1.4128388454983352
Su,20110526,4,deep_anesthesia,6,2,2777.98,2857.98,0.003,0.5857329368091476,0.8908701826903233,7;30;35;58,BP015-016;BP061-062;BP071-072;BP117-118,0.47122618650699094,2.2228799766682847,0.6339704816264051,2.7656126399563012,0.7432935762215529,0.8037568040271209,0.8444953440905768,0.9099521011652899,0.5350814590701798,0.7789215803278962,0.45187380089395934,0.7087813286623571,0.4778403876561031,1.1732490497442833,0.21293476797767966,1.5755358233198973
Su,20110526,4,recovery_eyes_closed,1,3,536.0699999999999,616.0699999999999,0.003,0.15168878968207344,0.7777234993727573,7;30;35;58,BP015-016;BP061-062;BP071-072;BP117-118,0.1588145217247443,0.7491638420244013,0.22056087575351896,0.9621677405214336,0.7200484727047539,0.7786208271942295,0.6838131859813816,0.736815483640548,0.5515910645734267,0.8029547210603852,0.3771852432248169,0.591629471139569,0.5894195662602749,1.4472111690007388,0.059902494004380795,0.44322740765378577
Su,20110526,4,recovery_eyes_closed,2,3,866.228,946.228,0.003,0.21389390575441214,0.8373566685393189,7;30;35;58,BP015-016;BP061-062;BP071-072;BP117-118,0.21487647154342054,1.0136206767106646,0.2470264172744566,1.0776201760446475,0.8698521960292364,0.9406103367803581,0.7958597957380902,0.8575468158971634,0.5246541386584652,0.763742461791829,0.41755113562586976,0.6549449162750439,0.482485633532236,1.1846545953004781,0.08972191471223508,0.6638657092429199
Su,20110526,4,recovery_eyes_closed,3,3,1196.386,1276.386,0.003,0.19888769954842167,0.8174508529627209,7;30;35;58,BP015-016;BP061-062;BP071-072;BP117-118,0.24271152407174562,1.1449248840879553,0.26604661640566696,1.1605932870273756,0.9122894602112133,0.9864996608936523,0.6639177846511207,0.7153779915682935,0.49038513166221304,0.7138568441287294,0.32557541023902464,0.5106774754200907,0.5446083016753844,1.3371853634175155,0.07902090401939743,0.5846873493516772
Su,20110526,4,recovery_eyes_closed,4,3,1526.544,1606.544,0.003,0.21220219560531906,0.8343301459449445,7;30;35;58,BP015-016;BP061-062;BP071-072;BP117-118,0.28524207776556576,1.345551077855745,0.3008223351612101,1.3122977750772964,0.9482077772340445,1.0253397539872304,0.5941693654672504,0.640223378776831,0.46597117939362953,0.6783172941018226,0.27686579998633915,0.4342745899126262,0.6477322768510748,1.5903872881736272,0.07897377605032897,0.5843386425422967
Su,20110526,4,recovery_eyes_closed,5,3,1856.702,1936.702,0.003,0.26605722253836783,0.8494329285770411,7;30;35;58,BP015-016;BP061-062;BP071-072;BP117-118,0.2850736394388966,1.3447565163598487,0.29811597042332744,1.300491615730226,0.9562508141851286,1.0340370519073034,0.6241852348125039,0.6725657754166006,0.47713952243544344,0.6945751241280969,0.29782344484969325,0.46714745694429505,0.5944129997651028,1.4594716251401576,0.08490161333353152,0.6281995868267731
Su,20110526,4,recovery_eyes_closed,6,3,2186.86,2266.86,0.003,0.20309426507621486,0.84836467196531,7;30;35;58,BP015-016;BP061-062;BP071-072;BP117-118,0.24593020289422413,1.16010811649456,0.25549898762309564,1.1145806471205286,0.9625486393590448,1.040847173770377,0.6154373921698215,0.6631398882887749,0.45537822278819584,0.662897057875011,0.28025678588369524,0.43959348090619227,0.5779392304612658,1.4190233192189274,0.06892360821486004,0.5099759651573688
Su,20110526,4,recovery_eyes_open,1,3,2451.49,2531.49,0.003,0.1824072394138042,0.6939298496370403,7;30;35;58,BP015-016;BP061-062;BP071-072;BP117-118,0.1884299311800405,0.8888663937161755,0.19774524386881484,0.862637554562221,0.9528923553025924,1.0304053991334348,0.6320784907986138,0.6810708369540693,0.4482786909932941,0.6525622229979391,0.2833473184602195,0.4444410993818144,0.6334020284491482,1.555202002972787,0.05339111571750823,0.3950487572267666
Su,20110526,4,recovery_eyes_open,2,3,2601.868,2681.868,0.003,0.174659548894881,0.6841327759101499,7;30;35;58,BP015-016;BP061-062;BP071-072;BP117-118,0.14652446841176228,0.6911888945281247,0.15007090181209695,0.6546645229860333,0.976368280875828,1.055790974246623,0.6727823041532258,0.724929599168271,0.5369378901544465,0.7816239992015376,0.3612423109252802,0.5666223724414716,0.4767437776202385,1.170556525805842,0.052930837576163216,0.3916430912227245
Su,20110526,4,recovery_eyes_open,3,3,2752.246,2832.246,0.003,0.18432988798547523,0.6972157600976618,7;30;35;58,BP015-016;BP061-062;BP071-072;BP117-118,0.23110135786988262,1.0901571171113014,0.2343182406172704,1.0221824308932528,0.9862713088878037,1.0664995642300834,0.6808849505431419,0.7336602809406417,0.5238453210391901,0.7625650606923823,0.35667839550802527,0.5594636966630906,0.5368119705236918,1.3180429084231122,0.08242886152475572,0.6099033306826673
Su,20110526,4,recovery_eyes_open,4,3,2902.624,2982.624,0.003,0.18153942509592047,0.7015715452624681,7;30;35;58,BP015-016;BP061-062;BP071-072;BP117-118,0.16509101409201468,0.7787714691181679,0.1675807272431749,0.7310488278378706,0.9851432011776186,1.0652796905802315,0.6256719768230165,0.6741677546647082,0.4683750061496748,0.6818165604357879,0.29304911599215955,0.4596587396422095,0.5761324913579388,1.4145872041669703,0.04837977573791404,0.3579691119641692
Su,20110526,4,recovery_eyes_open,5,3,3053.002,3133.002,0.003,0.19519629871501842,0.6967784144859523,7;30;35;58,BP015-016;BP061-062;BP071-072;BP117-118,0.16646936775531207,0.7852734735624087,0.17168723172969197,0.7489629122362693,0.9696083166941907,1.0484811206708788,0.6374559139688243,0.686865063703605,0.46923281328478056,0.6830652758939056,0.2991152318566125,0.46917367424058803,0.47104768803757713,1.1565708271023547,0.049793523533153874,0.36842964087494506
Su,20110526,4,recovery_eyes_open,6,3,3203.38,3283.38,0.003,0.19491740695858717,0.7246968900256806,7;30;35;58,BP015-016;BP061-062;BP071-072;BP117-118,0.16221916686701532,0.765224319415343,0.1673774873454326,0.7301622205802305,0.9691815156253866,1.04801960146233,0.6271836667129213,0.6757966155000638,0.5481563837890087,0.7979548337737471,0.34379473071688577,0.5392551759862142,0.6005304914069454,1.4744919989742251,0.05577009479016318,0.41265117503525295
Su,20110526,5,eyes_open,1,1,44.88,124.88,0.003,0.31024903531269454,0.9167571860749522,13;26;33;35;58,BP027-028;BP053-054;BP067-068;BP071-072;BP117-118,0.5928804999801536,1.9758709071207692,0.6705749214764305,2.0500217604498103,0.8841375974436769,0.9638292359819776,0.7079945756652891,0.7624743378356906,0.4861629562852303,0.7274179792097231,0.34420073593934414,0.5546375420277098,0.5665460195530954,1.6547091050765463,0.20406990441725512,1.095892183289525
Su,20110526,5,eyes_open,2,1,257.11999999999995,337.11999999999995,0.003,0.2327297751820373,0.7321311810037952,13;26;33;35;58,BP027-028;BP053-054;BP067-068;BP071-072;BP117-118,0.2779485187141943,0.9263087448871621,0.3562974305089384,1.089240683393721,0.780102506821815,0.8504169546817553,0.8916334792117562,0.9602441459601252,0.6482921912943971,0.9700027318661838,0.5780390220696366,0.931439444839832,0.33003175113289984,0.9639226553824307,0.16066508994325676,0.8628005030879793
Su,20110526,5,eyes_open,3,1,469.3599999999999,549.3599999999999,0.003,0.22363275983642794,0.7368496373859665,13;26;33;35;58,BP027-028;BP053-054;BP067-068;BP071-072;BP117-118,0.20544721946032116,0.6846863472387659,0.23771954971882364,0.7267349765108205,0.8642420015658181,0.9421403529056254,0.7880685696185161,0.8487099780734343,0.8203079184604981,1.2273800804069979,0.6464588879479071,1.0416897211299931,0.40716365315531217,1.1892015491765058,0.13281318102430875,0.7132307301166636
Su,20110526,5,eyes_open,4,1,681.5999999999998,761.5999999999998,0.003,0.30295289235213685,0.9295888402064211,13;26;33;35;58,BP027-028;BP053-054;BP067-068;BP071-072;BP117-118,0.5248390306851544,1.7491116197732508,0.5415828122022538,1.6556786043470415,0.9690836172421837,1.0564318553014442,0.7417150539757721,0.7987895869279992,0.5625653374556103,0.8417345164926712,0.41726317963578646,0.6723687667322199,0.5249273985849591,1.5331537350272988,0.21899600274065167,1.1760480226639372
Su,20110526,5,eyes_open,5,1,893.8399999999998,973.8399999999998,0.003,0.2834964125551732,0.9418416953968807,13;26;33;35;58,BP027-028;BP053-054;BP067-068;BP071-072;BP117-118,0.46115520956834477,1.5368749052866055,0.4934260213245458,1.5084579641904259,0.9345984800931784,1.0188384043644403,0.8613293559338361,0.9276081383914078,0.5612868520607797,0.8398215915148758,0.4834528427796417,0.7790253430860232,0.37554640779276893,1.096857164125299,0.22294679702845785,1.1972645003711988
Su,20110526,5,eyes_open,6,1,1106.08,1186.08,0.003,0.27707287534360425,0.8976753663618441,13;26;33;35;58,BP027-028;BP053-054;BP067-068;BP071-072;BP117-118,0.39996571636495737,1.3329509451528443,0.42446999174690797,1.2976517490740933,0.9422708887356132,1.0272023646590374,0.8731898072644603,0.9403812444088547,0.6090757034700884,0.9113253317145262,0.5318386961225121,0.8569932494990186,0.33663694247791415,0.9832144161258731,0.2127172450852451,1.142329961909323
Su,20110526,5,eyes_closed,1,1,1500.2,1580.2,0.003,0.20613448740472828,0.7211819601769597,13;26;33;35;58,BP027-028;BP053-054;BP067-068;BP071-072;BP117-118,0.29074167519205646,0.9689440241646853,0.3539375530075267,1.082026276658619,0.8214490740570658,0.8954902899002226,0.7638242186386354,0.8226000386826275,0.7556201565739256,1.1305914616469883,0.577160975682682,0.930024580085061,0.4134218453713273,1.2074798306995638,0.1678047489254647,0.9011417591996911
Su,20110526,5,eyes_closed,2,1,1714.944,1794.944,0.003,0.22837212317695932,0.7766561785647552,13;26;33;35;58,BP027-028;BP053-054;BP067-068;BP071-072;BP117-118,0.497099450551161,1.656664947358932,0.6453833230326821,1.973008255565833,0.7702390700386722,0.8396644781822377,0.8371795514672957,0.9016000208119985,0.5976048331589539,0.8941621209152919,0.5003025461787011,0.806176586826528,0.36157245255377973,1.0560434787937396,0.24870012081477913,1.335564492776974
Su,20110526,5,eyes_closed,3,1,1929.688,2009.688,0.003,0.2308497674749297,0.7604560046593205,13;26;33;35;58,BP027-028;BP053-054;BP067-068;BP071-072;BP117-118,0.4598790185504529,1.532621790697298,0.6009071028392899,1.8370395273911158,0.7653080091373884,0.8342889566855763,0.8177856517114016,0.8807137719865302,0.7197252563625545,1.076883964113237,0.5885809878276071,0.9484265380259762,0.3845083976775433,1.1230324186503207,0.2706760470196158,1.4535791790542103
Su,20110526,5,eyes_closed,4,1,2144.432,2224.432,0.003,0.17963136521010448,0.7150456889324441,13;26;33;35;58,BP027-028;BP053-054;BP067-068;BP071-072;BP117-118,0.27987144887102244,0.9327172230769981,0.3777743421513389,1.1548979795497425,0.7408429256397304,0.8076187157593215,0.7860063213488314,0.8464890410240182,0.5861321352197572,0.8769961755401413,0.4607035634284172,0.7423676516147057,0.4374507273235235,1.2776609075739065,0.12893777379675392,0.6924190945162602
Su,20110526,5,eyes_closed,5,1,2359.176,2439.176,0.003,0.27752234421255284,0.7865662348883278,13;26;33;35;58,BP027-028;BP053-054;BP067-068;BP071-072;BP117-118,0.5631517164807543,1.876794890246338,0.6742473406492224,2.0612487523586944,0.8352301633677994,0.9105135360779308,0.8221112418380307,0.8853722137047467,0.5376576903626294,0.8044666208601311,0.4420144315077887,0.7122523929625114,0.4440569956250545,1.2969558137807224,0.24892118581287606,1.3367516516777693
Su,20110526,5,eyes_closed,6,1,2573.92,2653.92,0.003,0.20496638233647912,0.778437846646129,13;26;33;35;58,BP027-028;BP053-054;BP067-068;BP071-072;BP117-118,0.3221715313792856,1.073689143050219,0.3820678787096572,1.168023796057255,0.8432311359629154,0.9192356753985071,0.9002783544891677,0.969554239256564,0.6556953324328743,0.9810796308712079,0.5903083149288958,0.9512099151594446,0.3262152666902456,0.9527758617616326,0.19018053380656794,1.021303758668416
Su,20110526,5,deep_anesthesia,1,2,1181.39,1261.39,0.003,0.5532402469734328,0.8676529719789001,13;26;33;35;58,BP027-028;BP053-054;BP067-068;BP071-072;BP117-118,1.272221224266822,4.2398846049659715,1.4538549786559,4.4445955960010455,0.8750674881225088,0.9539415934220745,0.5650009493842829,0.6084774369259881,0.2560860043109039,0.3831669224309211,0.14468883555968826,0.23314842687558576,0.6617386486807592,1.932737905416495,0.18407620751348786,0.9885224257818332
Su,20110526,5,deep_anesthesia,2,2,1500.708,1580.708,0.003,0.5550425447521962,0.8734690878370936,13;26;33;35;58,BP027-028;BP053-054;BP067-068;BP071-072;BP117-118,1.7896005977143303,5.964135701052829,1.9453256125372371,5.947075724337034,0.9199491263471318,1.0028686328384857,0.44456438165958634,0.478773346833489,0.12372132301329582,0.18511717852621418,0.05500209346351181,0.08862917111936805,0.7742797526396419,2.2614363394166603,0.09843177933784013,0.5285964036277433
Su,20110526,5,deep_anesthesia,3,2,1820.026,1900.026,0.003,0.5882796773017858,0.8897112988503458,13;26;33;35;58,BP027-028;BP053-054;BP067-068;BP071-072;BP117-118,1.3079856965184897,4.359075538439013,1.5233120494936494,4.656933549709466,0.8586459333484991,0.9360398837365771,0.5231155266147823,0.5633689557471137,0.1780883626426041,0.26646348760115723,0.09316078760775018,0.15011725675459792,0.7014044711109089,2.048589743167103,0.1218529776673344,0.654372461816538
Su,20110526,5,deep_anesthesia,4,2,2139.344,2219.344,0.003,0.6020868642788172,0.8742962040472539,13;26;33;35;58,BP027-028;BP053-054;BP067-068;BP071-072;BP117-118,1.3207141051190905,4.4014950348615045,1.473238896508894,4.503854378470748,0.8964697499154831,0.9772729455689023,0.5459144050141799,0.5879221943007311,0.16619080287764895,0.24866184564168012,0.09072595327178058,0.1461938179285263,0.6747481152828514,1.9707346119429165,0.119823046186416,0.643471363739855
Su,20110526,5,deep_anesthesia,5,2,2458.6620000000003,2538.6620000000003,0.003,0.6128523841668663,0.8868180267245976,13;26;33;35;58,BP027-028;BP053-054;BP067-068;BP071-072;BP117-118,1.509164588842454,5.029536989748357,1.7031755066345746,5.206796047156872,0.8860887107427463,0.9659562126491769,0.47428058662821126,0.5107761961281334,0.1529967354556131,0.22892031301848437,0.07256338144408943,0.11692704670004306,0.7454882859671826,2.1773451969371718,0.10951008572208737,0.5880889064799004
Su,20110526,5,deep_anesthesia,6,2,2777.98,2857.98,0.003,0.5857329368091476,0.8908701826903233,13;26;33;35;58,BP027-028;BP053-054;BP067-068;BP071-072;BP117-118,1.2867985727905635,4.288465995063951,1.418458958316354,4.336386043860877,0.9071806873551947,0.9889493120971629,0.594290457918911,0.6400207557494239,0.2271213937306099,0.33982882308681417,0.13497607708334544,0.21749750017746008,0.5986391373361032,1.7484433691487349,0.17368702335171807,0.9327306335224541
Su,20110526,5,recovery_eyes_closed,1,3,536.0699999999999,616.0699999999999,0.003,0.15168878968207344,0.7777234993727573,13;26;33;35;58,BP027-028;BP053-054;BP067-068;BP071-072;BP117-118,0.20686936240299195,0.689425870407911,0.26677736905870764,0.8155679466237288,0.7754381982733618,0.8453322292299273,0.76410196735138,0.8228991599938829,0.6666753203244707,0.9975083622268037,0.5094079238445396,0.8208487933633107,0.45726138072752115,1.3355218181332442,0.10538089240875197,0.5659143938377853
Su,20110526,5,recovery_eyes_closed,2,3,866.228,946.228,0.003,0.21389390575441214,0.8373566685393189,13;26;33;35;58,BP027-028;BP053-054;BP067-068;BP071-072;BP117-118,0.22765654947855668,0.75870255969835,0.29844945855690436,0.9123930299824409,0.7627976628918902,0.8315523406759819,0.7105042564697099,0.7651771370876927,0.5426847989110203,0.8119883974460728,0.38557985954768853,0.6213149573062096,0.4443433712906229,1.2977922302498772,0.08777978037305306,0.4713932484870913
Su,20110526,5,recovery_eyes_closed,3,3,1196.386,1276.386,0.003,0.19888769954842167,0.8174508529627209,13;26;33;35;58,BP027-028;BP053-054;BP067-068;BP071-072;BP117-118,0.2581528310274827,0.8603363889268436,0.31811116875691564,0.9725010544056266,0.8115176591764056,0.8846637081053493,0.6016746672933955,0.6479731756503242,0.537733685756396,0.8045803284453107,0.32354073646993087,0.5213464704884889,0.4993141535301385,1.4583452140245379,0.08352295707242618,0.4485333397998049
Su,20110526,5,recovery_eyes_closed,4,3,1526.544,1606.544,0.003,0.21220219560531906,0.8343301459449445,13;26;33;35;58,BP027-028;BP053-054;BP067-068;BP071-072;BP117-118,0.3041749781037914,1.0137126957784865,0.3484830983508445,1.0653514050231485,0.8728543207497406,0.9515289424680116,0.5822984469686736,0.6271059666777583,0.48641751113827264,0.7277988551576006,0.28324016131418367,0.45640700461057293,0.5858506237381766,1.7110919993384293,0.08615456986586065,0.46266557501599237
Su,20110526,5,recovery_eyes_closed,5,3,1856.702,1936.702,0.003,0.26605722253836783,0.8494329285770411,13;26;33;35;58,BP027-028;BP053-054;BP067-068;BP071-072;BP117-118,0.3188561481684981,1.0626400880848912,0.37783639275200886,1.1550876751043306,0.8439000432067375,0.9199648745182142,0.6548768145214472,0.7052691965146469,0.5030305632049937,0.7526560200374977,0.3294230528386158,0.5308251065037579,0.5257851305775726,1.5356589100508786,0.10503856574602882,0.5640760379328263
Su,20110526,5,recovery_eyes_closed,6,3,2186.86,2266.86,0.003,0.20309426507621486,0.84836467196531,13;26;33;35;58,BP027-028;BP053-054;BP067-068;BP071-072;BP117-118,0.2646660655619894,0.8820428046858657,0.31119808949417366,0.9513670058952343,0.8504745835431762,0.9271320102759559,0.6532695238081809,0.7035382257354491,0.49044206503891685,0.7338205662480475,0.32039085428347414,0.5162708191863339,0.5008272581499645,1.4627645337354669,0.08479658684525139,0.4553729613325817
Su,20110526,5,recovery_eyes_open,1,3,2451.49,2531.49,0.003,0.1824072394138042,0.6939298496370403,13;26;33;35;58,BP027-028;BP053-054;BP067-068;BP071-072;BP117-118,0.23543575806709,0.7846280403492089,0.27218353231019926,0.8320951860881881,0.8649889876466554,0.9429546684891548,0.6725679966503535,0.7243217046028523,0.4580219426351241,0.6853121811071962,0.30805090038000854,0.49638648720466294,0.5269452298610837,1.539047208231374,0.07252619725421688,0.3894787567112223
Su,20110526,5,recovery_eyes_open,2,3,2601.868,2681.868,0.003,0.174659548894881,0.6841327759101499,13;26;33;35;58,BP027-028;BP053-054;BP067-068;BP071-072;BP117-118,0.1911891389444141,0.6371689698183425,0.2126453098028573,0.6500802496366112,0.8990987815422069,0.9801389446526242,0.7838861242368296,0.8442056960032803,0.5677041653415854,0.8494234523689979,0.44501541788271964,0.7170881168086791,0.37435888818028246,1.0933887794797086,0.08508211456198572,0.4569062966559612
Su,20110526,5,recovery_eyes_open,3,3,2752.246,2832.246,0.003,0.18432988798547523,0.6972157600976618,13;26;33;35;58,BP027-028;BP053-054;BP067-068;BP071-072;BP117-118,0.260688626220879,0.8687873397495072,0.2861468330744347,0.8747825421130201,0.911030967632854,0.9931466369355845,0.7141974355897355,0.7691545041478909,0.5274603138416877,0.7892088663845882,0.3767108035210904,0.607023554293157,0.4574105049985845,1.3359573649036744,0.09820422185247658,0.527374378899643
Su,20110526,5,recovery_eyes_open,4,3,2902.624,2982.624,0.003,0.18153942509592047,0.7015715452624681,13;26;33;35;58,BP027-028;BP053-054;BP067-068;BP071-072;BP117-118,0.20891890095228452,0.696256291703105,0.23279714537811325,0.7116866415835748,0.8974289638000275,0.978318618084308,0.7265697440375695,0.7824788543837617,0.5180508210560648,0.7751299775284605,0.3764000524531577,0.6065228168149809,0.4530246350166816,1.3231475688019185,0.07863708527689622,0.4222953272689219
Su,20110526,5,recovery_eyes_open,5,3,3053.002,3133.002,0.003,0.19519629871501842,0.6967784144859523,13;26;33;35;58,BP027-028;BP053-054;BP067-068;BP071-072;BP117-118,0.21598974142996571,0.719821020158856,0.2430542502824036,0.743043746628176,0.888648279875823,0.9687464882455423,0.7085523446466212,0.7630750268089174,0.49825650905226504,0.7455128743503996,0.35304081772442286,0.5688822565813242,0.399604236342897,1.1671227852334827,0.07625319493452168,0.40949340628264075
Su,20110526,5,recovery_eyes_open,6,3,3203.38,3283.38,0.003,0.19491740695858717,0.7246968900256806,13;26;33;35;58,BP027-028;BP053-054;BP067-068;BP071-072;BP117-118,0.21430915558466074,0.7142201938898722,0.23965082811899932,0.7326391083520917,0.8942558524281206,0.9748594986914518,0.7088482492825006,0.7633937011308112,0.47402604472141663,0.7092582087676148,0.3360125319150845,0.541443249048519,0.5048193878765399,1.474424333962149,0.0720105619805854,0.38670970231579466
Su,20110527,3,eyes_open,1,1,47.05,127.05,0.003,0.23634100842006134,0.8029244947736858,22;33;36,BP045-046;BP067-068;BP073-074,0.22116963526370154,1.2805888458096357,0.2267127374846755,1.301817886485373,0.9755501067894403,0.9836927723177539,0.940844441965666,0.9552409323463061,0.7270192104950072,0.972701094993489,0.684011983396494,0.9291639008758532,0.48350380581585184,1.206841391907652,0.15128268088380364,1.189876927390589
Su,20110527,3,eyes_open,2,1,271.61600000000004,351.61600000000004,0.003,0.2638736575131255,0.8614310654081261,22;33;36,BP045-046;BP067-068;BP073-074,0.25526557442018294,1.4780069014985853,0.268696460275612,1.5428945982611248,0.950014652810638,0.957944180480203,0.9349124018658173,0.9492181221314141,0.6422817776992373,0.8593283085835368,0.6004771994634409,0.8156900033680292,0.4917158301838725,1.2273388746564355,0.1532811572472582,1.2055954544613543
Su,20110527,3,eyes_open,3,1,496.1820000000001,576.182,0.003,0.24822983593418857,0.799475037134979,22;33;36,BP045-046;BP067-068;BP073-074,0.21368292367548314,1.2372402218439855,0.21871404930813473,1.25588824242493,0.9769967880501197,0.9851515286543825,0.9822352338134555,0.9972650723971618,0.6957777444249132,0.9309021881463212,0.6834174154774033,0.9283562380564173,0.3883503773833487,0.9693353068821217,0.1460346314299539,1.1485996779231709
Su,20110527,3,eyes_open,4,1,720.748,800.748,0.003,0.4045851913428933,0.9338737772624345,22;33;36,BP045-046;BP067-068;BP073-074,0.27557487852014256,1.5955993018547865,0.2918329857231164,1.6757479306007828,0.944289686230332,0.9521714290780824,0.8792839748049596,0.8927384872838594,0.6026093022478218,0.8062492980764834,0.529864702534908,0.7197697787384733,0.5706485371339305,1.4243575056926665,0.1460174010331687,1.148464156451283
Su,20110527,3,eyes_open,5,1,945.314,1025.314,0.003,0.22947242804302215,0.7684101799460176,22;33;36,BP045-046;BP067-068;BP073-074,0.18888921852053137,1.0936828016318132,0.1913807902410086,1.0989366483314198,0.9869810772683112,0.9952191541636326,0.8859495096883198,0.8995060159767697,0.6273757475477266,0.8393850778668294,0.5558232359302515,0.7550319272623424,0.563879507730348,1.4074617858058316,0.10498901667041809,0.8257654335297464
Su,20110527,3,eyes_open,6,1,1169.88,1249.88,0.003,0.24264975967061375,0.7849246728238152,22;33;36,BP045-046;BP067-068;BP073-074,0.2156444689203871,1.2485977165479034,0.22532115297544336,1.2938272035410732,0.9570538144010347,0.9650420961397462,0.9675091304644572,0.9823136350867222,0.732041602865791,0.9794207063710509,0.708256934652489,0.9620983143545523,0.4289761019438741,1.0707384507377349,0.15273169053231725,1.201273758397682
Su,20110527,3,eyes_closed,1,1,1631.33,1711.33,0.003,0.24766210300683744,0.7680834946192406,22;33;36,BP045-046;BP067-068;BP073-074,0.15713153636687782,0.9098034300976185,0.16832741597152917,0.9665607822869344,0.933487486040034,0.941279065704461,0.8331314582810362,0.8458797602212514,0.6139472326404141,0.8214186596953125,0.5114987532373148,0.6948214189043327,0.5511359322202195,1.3756534024559366,0.0803725849459217,0.6321509102244562
Su,20110527,3,eyes_closed,2,1,1867.554,1947.554,0.003,0.2450761046066795,0.8075802205870863,22;33;36,BP045-046;BP067-068;BP073-074,0.22704904514686386,1.3146310718473269,0.2346814064199251,1.3475751556467033,0.9674777759793873,0.9755530638411282,0.8467975182146205,0.8597549336826407,0.7506620417067545,1.0043335573499577,0.6356587539351997,0.8634807309946634,0.5941232832605904,1.4829512436310333,0.14432571312023243,1.1351585989070294
Su,20110527,3,eyes_closed,3,1,2103.778,2183.778,0.003,0.30051129229950824,0.9273851360839334,22;33;36,BP045-046;BP067-068;BP073-074,0.30938884408697886,1.791384709222542,0.3180758625412258,1.8264383894328826,0.9726888472930857,0.9808076306251836,0.964943511263447,0.9797087576295114,0.7127739113287865,0.9536418763408508,0.6877865607345801,0.9342912978933711,0.4555385429594169,1.1370391766101426,0.21279348900423062,1.6736751450058713
Su,20110527,3,eyes_closed,4,1,2340.002,2420.002,0.003,0.2542080955946454,0.848016851198809,22;33;36,BP045-046;BP067-068;BP073-074,0.2438685001365225,1.4120169830130855,0.24988223736860457,1.4348605628892892,0.9759337146353019,0.9840795820395223,0.962064992382631,0.9767861926051143,0.7312560609593609,0.9783697059827289,0.7035158567166203,0.9556580200670549,0.45221659706330786,1.1287474904623214,0.17156535679974283,1.349405354287343
Su,20110527,3,eyes_closed,5,1,2576.226,2656.226,0.003,0.25328715076610264,0.8021905121080568,22;33;36,BP045-046;BP067-068;BP073-074,0.29446758963468717,1.7049895221331859,0.2967520412109953,1.7039938707706315,0.9923018168064298,1.0005843045445368,0.8595114355410624,0.8726633951657212,0.7071877277375527,0.9461679515564863,0.6078359390647259,0.8256861370022789,0.5669142950082751,1.415036714603873,0.17898798386972647,1.407786212159514
Su,20110527,3,eyes_closed,6,1,2812.45,2892.45,0.003,0.2391904638933644,0.8230978687206945,22;33;36,BP045-046;BP067-068;BP073-074,0.2501527378904381,1.4484031929124916,0.25808320349620323,1.48195171669837,0.9692716709249861,0.9773619319658936,0.8434650000474276,0.8563714224249885,0.6966896092363771,0.9321221997880947,0.5876333012876032,0.7982428141064399,0.5068926508273673,1.2652207178390804,0.1469980791926907,1.156177440671222
Su,20110527,3,deep_anesthesia,1,2,985.06,1065.06,0.003,0.6012349188005992,0.8857092618561145,22;33;36,BP045-046;BP067-068;BP073-074,0.2694784736335897,1.5603006584042483,0.27714267650139707,1.5913940142085556,0.9723456417302488,0.9804615604138923,0.7807540523419526,0.7927008925451038,0.28360472680662663,0.37944338241393627,0.22142553971760615,0.3007851079098604,0.6693456001246003,1.6707086190533385,0.05966941646659442,0.46931520190994963
Su,20110527,3,deep_anesthesia,2,2,1332.528,1412.528,0.003,0.6339992256513589,0.9017497833562597,22;33;36,BP045-046;BP067-068;BP073-074,0.37805790760341224,2.1889837588682606,0.40522969041751356,2.326888488813329,0.9329472063458483,0.9407342764347949,0.7842944684741631,0.7962954829536529,0.26046514794003367,0.34848423666330586,0.20428137475967295,0.2774964235355422,0.6649183204505591,1.659657983463886,0.07723018910399058,0.6074351642633318
Su,20110527,3,deep_anesthesia,3,2,1679.996,1759.996,0.003,0.6379698404166267,0.9000919356308473,22;33;36,BP045-046;BP067-068;BP073-074,0.287236531314469,1.6631211498440623,0.3808348901776662,2.1868099575326703,0.7542285087914821,0.7605238599336385,0.864987870484415,0.8782236287047455,0.3501654455297869,0.46849699069684453,0.3028888630460368,0.4114451272070362,0.5538870231324975,1.3825202158003234,0.08700074639512684,0.6842830930583031
Su,20110527,3,deep_anesthesia,4,2,2027.464,2107.464,0.003,0.6405284047174302,0.8951457809678275,22;33;36,BP045-046;BP067-068;BP073-074,0.22112305554316594,1.2803191457195322,0.23940016209478582,1.3746709448275087,0.9236545773750002,0.931364084282864,0.8724533363499569,0.8858033286590765,0.5299623079405418,0.7090526767347116,0.46236738370244895,0.6280812212462357,0.5045227094038696,1.259305266146932,0.10224008866778496,0.804144412628462
Su,20110527,3,deep_anesthesia,5,2,2374.932,2454.932,0.003,0.5919664602278574,0.8658330645622855,22;33;36,BP045-046;BP067-068;BP073-074,0.2399879890638381,1.3895485316373102,0.26460483623299147,1.5193998911592927,0.9069675085323172,0.9145377327736236,0.8981705940575071,0.9119141033357334,0.47869821345199753,0.6404648868619994,0.42995265875044797,0.5840489630207821,0.5573767131554891,1.391230596802531,0.10318347396617067,0.8115643789698228
Su,20110527,3,deep_anesthesia,6,2,2722.4,2802.4,0.003,0.5568416719439319,0.8582853133754088,22;33;36,BP045-046;BP067-068;BP073-074,0.2179383663367181,1.2618795553558508,0.23005079117097973,1.3209854817563405,0.9473489103314607,0.955256187735005,0.8554498115971031,0.8685396215959249,0.3353026007681405,0.44861153902559053,0.2868345466551245,0.38963689634885196,0.6022304944770238,1.5031871093082856,0.06251225250695103,0.491674833514924
Su,20110527,3,recovery_eyes_closed,1,3,289.39,369.39,0.003,0.1677868202788877,0.858746272188317,22;33;36,BP045-046;BP067-068;BP073-074,0.13614923940852097,0.7883143504041047,0.13844504094450874,0.794971789394691,0.983417235313557,0.9916255657378038,0.82329024386376,0.8358879587968435,0.5087705505071696,0.6806995804716258,0.41886583059774707,0.5689885828742951,0.597712082717571,1.491909005038168,0.057028264250101705,0.44854186509590294
Su,20110527,3,recovery_eyes_closed,2,3,621.7239999999999,701.7239999999999,0.003,0.16537560791675432,0.8193765765630212,22;33;36,BP045-046;BP067-068;BP073-074,0.13306201446842372,0.7704390854832212,0.13881742833007502,0.7971100925381766,0.9585396882013526,0.9665403721460494,0.8799202589250003,0.8933845076129958,0.47700846900030325,0.6382041264106998,0.4197294155521648,0.5701616792300052,0.5049979085133935,1.2604913787439227,0.05585004156502511,0.43927484272354284
Su,20110527,3,recovery_eyes_closed,3,3,954.058,1034.058,0.003,0.2966143442657626,0.9113606315828228,22;33;36,BP045-046;BP067-068;BP073-074,0.18622306616804624,1.0782455787067458,0.19640292403733933,1.127774479310493,0.9481685014661099,0.9560826197858029,0.954706904007705,0.9693155131962357,0.5898882956687225,0.7892294767976421,0.5631704284682677,0.765012375331703,0.40831114666886337,1.0191580431218707,0.10487532396453318,0.8248712113573554
Su,20110527,3,recovery_eyes_closed,4,3,1286.3919999999998,1366.3919999999998,0.003,0.1982950757756169,0.8484738567502227,22;33;36,BP045-046;BP067-068;BP073-074,0.1861104926530106,1.0775937695760922,0.1917060798951942,1.1008045093735728,0.9708116339072673,0.9789147486226334,0.9152846365507844,0.9292900192452086,0.4031577533679537,0.5393970097284199,0.36900409776401827,0.5012562575513312,0.4709092084644491,1.1754048629387936,0.06867553442584107,0.5401506200983437
Su,20110527,3,recovery_eyes_closed,5,3,1618.726,1698.726,0.003,0.2032662604365736,0.8470065233414235,22;33;36,BP045-046;BP067-068;BP073-074,0.16633331853548694,0.9630824418961463,0.16866861072762254,0.9685199727637703,0.9861545537011224,0.9943857318170658,0.8829071759262126,0.8964171294299649,0.5102984910079826,0.6827438585000067,0.45054619957526576,0.6120232897725142,0.5080338833960917,1.2680692718425088,0.07494084452890572,0.5894288844114262
Su,20110527,3,recovery_eyes_closed,6,3,1951.06,2031.06,0.003,0.21492879051915836,0.8505364740548647,22;33;36,BP045-046;BP067-068;BP073-074,0.16613195388510843,0.961916525404456,0.17112960313724884,0.9826513531745106,0.9707961149881694,0.978899100171114,0.8786514225107448,0.8920962558837131,0.6008818890061213,0.8039381394063234,0.5279657265361719,0.7171902041264997,0.5036165264555994,1.2570434037221512,0.0877119777338251,0.6898771092074761
Su,20110527,3,recovery_eyes_open,1,3,2178.18,2258.18,0.003,0.19175445105739375,0.7645415392923651,22;33;36,BP045-046;BP067-068;BP073-074,0.15954298068537456,0.9237658743222791,0.16712359263283882,0.9596482516022323,0.9546406834125541,0.9626088233683082,0.8657327289435983,0.8789798847416411,0.5560131834941013,0.7439069347937709,0.48135881067496605,0.6538792318035364,0.5521541324571019,1.3781948637150603,0.07679741943425109,0.6040313202681755
Su,20110527,3,recovery_eyes_open,2,3,2331.362,2411.362,0.003,0.19894023415557205,0.8299020489787323,22;33;36,BP045-046;BP067-068;BP073-074,0.1867443891244977,1.081264077888608,0.1957390005854897,1.1239621331915044,0.9540479340648131,0.9620111264943999,0.8440262511468571,0.8569412616030564,0.4296254120189191,0.5748088945590543,0.36261512590375217,0.49257745928409413,0.5977370141390765,1.4919712346857323,0.0677163401741989,0.5326063123015291
Su,20110527,3,recovery_eyes_open,3,3,2484.544,2564.544,0.003,0.21500254624373616,0.7669678179549355,22;33;36,BP045-046;BP067-068;BP073-074,0.22466365408466452,1.3008194779388578,0.24045455424146728,1.380725419627419,0.934328962050162,0.9421275652981579,0.8928088987271362,0.9064703651172881,0.5144493644905125,0.6882974382725235,0.45930497056164954,0.6239212301801885,0.5581980888058835,1.3932807774242293,0.10318913302562932,0.8116088889179626
Su,20110527,3,recovery_eyes_open,4,3,2637.726,2717.726,0.003,0.1870850467210995,0.7474999395449586,22;33;36,BP045-046;BP067-068;BP073-074,0.1771902194555118,1.025944715922449,0.18748869529542758,1.0765876666541148,0.9450714837836576,0.9529597520942654,0.8975706812558398,0.911305010866851,0.48408106432160836,0.6476667666190585,0.434496970686198,0.5902219697918794,0.5577906211817486,1.3922637248410783,0.07698861358864252,0.6055351111293188
Su,20110527,3,recovery_eyes_open,5,3,2790.9080000000004,2870.9080000000004,0.003,0.22032399368459032,0.7747540235875776,22;33;36,BP045-046;BP067-068;BP073-074,0.19550626193572815,1.1319959813756593,0.20976863204753374,1.2045223407066266,0.9320090426648073,0.9397882821430941,0.9377815854985386,0.9521312090628387,0.5382417409532069,0.7201299817647413,0.504753193212592,0.6856582302200631,0.48272501144058616,1.2048974955483058,0.09868241000511618,0.7761623612062586
Su,20110527,3,recovery_eyes_open,6,3,2944.09,3024.09,0.003,0.20529422735455594,0.7573926513895533,22;33;36,BP045-046;BP067-068;BP073-074,0.2081015884543645,1.2049238705493464,0.21574889615083162,1.2388618968425311,0.9645545917828435,0.9726054805788424,0.9348167008967868,0.9491209567778175,0.5355728263364792,0.7165591597937957,0.5006624226058352,0.6801013153313963,0.43941069778501357,1.0967835449385255,0.10418864542368467,0.8194703092348088
Su,20110527,4,eyes_open,1,1,47.05,127.05,0.003,0.23634100842006134,0.8029244947736858,30;33;35;58,BP061-062;BP067-068;BP071-072;BP117-118,0.3668692903055947,1.260098880024048,0.4204664322491338,1.3575400351074942,0.8725293202198318,0.928222260439096,0.8867123147449134,0.9585922313196729,0.5221312771228698,1.0741965800950075,0.4629802333383377,1.0297164965892351,0.4385010155127003,1.0563388953572959,0.1698532296303549,1.297544604094385
Su,20110527,4,eyes_open,2,1,271.61600000000004,351.61600000000004,0.003,0.2638736575131255,0.8614310654081261,30;33;35;58,BP061-062;BP067-068;BP071-072;BP117-118,0.4409863471549208,1.5146713470973168,0.5080489861416859,1.640313674491983,0.8679996598437015,0.9234034749886613,0.8265488141951556,0.8935516727563403,0.39680066094199157,0.816350085963192,0.3279751157734571,0.7294509848671925,0.5134697773915833,1.2369369243421335,0.14463254826264912,1.104878505890256
Su,20110527,4,eyes_open,3,1,496.1820000000001,576.182,0.003,0.24822983593418857,0.799475037134979,30;33;35;58,BP061-062;BP067-068;BP071-072;BP117-118,0.3013696657024445,1.0351250111682648,0.3551478309626467,1.1466489639480013,0.8485752676162103,0.9027392373026257,0.9214291201787685,0.9961232990986332,0.6277591596208048,1.291508040092563,0.5784355701335613,1.286501249709414,0.37373054822382823,0.900308324281637,0.17432293440155405,1.331689620473443
Su,20110527,4,eyes_open,4,1,720.748,800.748,0.003,0.4045851913428933,0.9338737772624345,30;33;35;58,BP061-062;BP067-068;BP071-072;BP117-118,0.5914198879352449,2.0313707309499085,0.6428840544500107,2.0756492668860695,0.9199479810417859,0.9786676214317324,0.8964910404818146,0.9691636538292338,0.496388859922172,1.0212359210961,0.4450081655152097,0.9897447367111594,0.42267287806640397,1.0182092750506357,0.26318667937927387,2.0105384892667715
Su,20110527,4,eyes_open,5,1,945.314,1025.314,0.003,0.22947242804302215,0.7684101799460176,30;33;35;58,BP061-062;BP067-068;BP071-072;BP117-118,0.2587940749521723,0.8888891292385146,0.287410840022625,0.9279497527721906,0.9004325478183078,0.9579065316661974,0.8536302738204886,0.9228284476222783,0.6017283803337039,1.237954124990037,0.5136535620698188,1.1424192833921518,0.47262181540255516,1.1385351201989067,0.13293049844174695,1.0154840820397382
Su,20110527,4,eyes_open,6,1,1169.88,1249.88,0.003,0.24264975967061375,0.7849246728238152,30;33;35;58,BP061-062;BP067-068;BP071-072;BP117-118,0.29809416362276087,1.0238745287452533,0.3341072977058067,1.078716391772426,0.8922108725839425,0.9491600726145796,0.9055116308664497,0.9789154839559144,0.5042327093798348,1.0373733115022652,0.45658858300674277,1.0155007972721897,0.4269225218506318,1.0284465695194855,0.13610639177109649,1.0397454002474926
Su,20110527,4,eyes_closed,1,1,1631.33,1711.33,0.003,0.24766210300683744,0.7680834946192406,30;33;35;58,BP061-062;BP067-068;BP071-072;BP117-118,0.37628320455839703,1.292433183058018,0.4729740487131272,1.5270688869510227,0.795568394465177,0.846348972271,0.7894117561011034,0.8534041584035404,0.5793589077689927,1.1919327277277403,0.4573527327947377,1.0172003463801285,0.4534565426943262,1.0923664175377255,0.17209415190954414,1.3146634814797888
Su,20110527,4,eyes_closed,2,1,1867.554,1947.554,0.003,0.2450761046066795,0.8075802205870863,30;33;35;58,BP061-062;BP067-068;BP071-072;BP117-118,0.3146976232889202,1.0809030167727582,0.4221255116569884,1.3628966261331734,0.7455072356409432,0.7930924444647788,0.8412973087873762,0.9094957304903643,0.5108598014874741,1.0510074299508438,0.4297849761590652,0.955886770253943,0.4932199527928558,1.1881555610360792,0.1352523105225431,1.0332208936606566
Su,20110527,4,eyes_closed,3,1,2103.778,2183.778,0.003,0.30051129229950824,0.9273851360839334,30;33;35;58,BP061-062;BP067-068;BP071-072;BP117-118,0.5337668254282828,1.8333477254416943,0.5759822390557041,1.8596465473982782,0.9267070913564427,0.9858581610611024,0.8597107198253566,0.9294017952642382,0.5327449919288495,1.096032498849984,0.458006580494505,1.0186545720991245,0.49154455071610437,1.1841195558355766,0.24446871849581517,1.8675480427687134
Su,20110527,4,eyes_closed,4,1,2340.002,2420.002,0.003,0.2542080955946454,0.848016851198809,30;33;35;58,BP061-062;BP067-068;BP071-072;BP117-118,0.3709237534736164,1.274024887548055,0.4397557785623976,1.419818633023708,0.8434767012867926,0.8973152330272184,0.9261567282641313,1.0012341431773653,0.667786205117815,1.3738568999829799,0.6184746869118356,1.3755524361027702,0.3692933170354717,0.889619136055988,0.22940695229775798,1.752488037722288
Su,20110527,4,eyes_closed,5,1,2576.226,2656.226,0.003,0.25328715076610264,0.8021905121080568,30;33;35;58,BP061-062;BP067-068;BP071-072;BP117-118,0.37372940313481506,1.2836615513115208,0.4572445487921755,1.4762837963061177,0.8173512491773427,0.8695222114632929,0.8548141336879532,0.9241082751977522,0.6472896527721687,1.3316887185349062,0.5533123437796174,1.2306245647855971,0.4732064872578169,1.139943581296794,0.20678909198788195,1.5797054379147457
Su,20110527,4,eyes_closed,6,1,2812.45,2892.45,0.003,0.2391904638933644,0.8230978687206945,30;33;35;58,BP061-062;BP067-068;BP071-072;BP117-118,0.32494270774678424,1.1160921694008035,0.44636985982113636,1.4411732036042006,0.7279674032583453,0.7744330567690209,0.7637706064119703,0.8256844498967528,0.587806183094233,1.2093115645511066,0.448949084914588,0.9985097539301621,0.5589436403669104,1.3464824179296957,0.1458827312925869,1.1144289174317756
Su,20110527,4,deep_anesthesia,1,2,985.06,1065.06,0.003,0.6012349188005992,0.8857092618561145,30;33;35;58,BP061-062;BP067-068;BP071-072;BP117-118,0.37941233490751447,1.3031809173398592,0.6000701246038058,1.9374179614389113,0.6322799942057108,0.6726379868864191,0.8781706739737936,0.9493581760914286,0.6038044440895685,1.2422252741900954,0.5302433556145081,1.1793167205997839,0.4556963337497322,1.0977620228512783,0.20118086962289608,1.5368630457854624
Su,20110527,4,deep_anesthesia,2,2,1332.528,1412.528,0.003,0.6339992256513589,0.9017497833562597,30;33;35;58,BP061-062;BP067-068;BP071-072;BP117-118,0.4408176841419225,1.5140920343028237,0.5810068361598837,1.8758692258478322,0.7587134207498664,0.8071415711926844,0.8598166660136823,0.9295163298109882,0.6249470129115271,1.2857225250119932,0.5373398570767989,1.1951000826044644,0.47866956170848995,1.1531040024277035,0.23686891139374655,1.809491515266071
Su,20110527,4,deep_anesthesia,3,2,1679.996,1759.996,0.003,0.6379698404166267,0.9000919356308473,30;33;35;58,BP061-062;BP067-068;BP071-072;BP117-118,0.43693554085005437,1.5007578999300584,0.6501541742652851,2.099121958050665,0.6720491202626191,0.7149455486253532,0.8706338736027318,0.9412104170442506,0.5223588068519945,1.074664683937096,0.4547832714200532,1.011485595351162,0.48843964812023666,1.1766399166505315,0.19871097466747742,1.517994997888711
Su,20110527,4,deep_anesthesia,4,2,2027.464,2107.464,0.003,0.6405284047174302,0.8951457809678275,30;33;35;58,BP061-062;BP067-068;BP071-072;BP117-118,0.36278549068900656,1.2460721095663223,0.4209873147889278,1.359221783868213,0.8617492212821136,0.9167540752769001,0.8563838077467075,0.925805192375291,0.5517947676351969,1.1352241826504545,0.47254810420213955,1.0509964428077865,0.4874165095876755,1.1741751993772556,0.17143359585713294,1.3096173546361998
Su,20110527,4,deep_anesthesia,5,2,2374.932,2454.932,0.003,0.5919664602278574,0.8658330645622855,30;33;35;58,BP061-062;BP067-068;BP071-072;BP117-118,0.34427389074260356,1.182489664874685,0.38610024519733394,1.2465835563054763,0.8916697024283081,0.9485843599439515,0.8355026001227289,0.9032312830294201,0.5800354494092727,1.1933245974511655,0.4846211261448029,1.0778481072263826,0.42738220348679096,1.0295539320444929,0.16684240063393363,1.2745442470999415
Su,20110527,4,deep_anesthesia,6,2,2722.4,2802.4,0.003,0.5568416719439319,0.8582853133754088,30;33;35;58,BP061-062;BP067-068;BP071-072;BP117-118,0.306154767651045,1.0515605694599106,0.3786857387535334,1.2226446908788595,0.8084665893644994,0.8600704499882379,0.8238915298483763,0.8906789799010902,0.6038397933525943,1.2422979993056267,0.49749849112859634,1.1064887147547011,0.45078764614915073,1.0859371069349728,0.15231153495822114,1.1635399029884208
Su,20110527,4,recovery_eyes_closed,1,3,289.39,369.39,0.003,0.1677868202788877,0.858746272188317,30;33;35;58,BP061-062;BP067-068;BP071-072;BP117-118,0.1578554691457879,0.5421917427609901,0.17309990883910747,0.5588794688449951,0.9119327110247705,0.970140742299064,0.6508971751348293,0.7036611143171756,0.6299984003810827,1.2961148983140325,0.41006417914750787,0.912025653630745,0.6268107056886995,1.509972622688603,0.06473087337921199,0.49449277858478297
Su,20110527,4,recovery_eyes_closed,2,3,621.7239999999999,701.7239999999999,0.003,0.16537560791675432,0.8193765765630212,30;33;35;58,BP061-062;BP067-068;BP071-072;BP117-118,0.16738911845555532,0.5749373040146265,0.18860928190118645,0.608953846337072,0.8874914148883272,0.9441393752136407,0.787115070888206,0.8509212960746197,0.5984030664504117,1.2311128554517359,0.47101207206883566,1.047580146575117,0.4715667850762241,1.1359935763254405,0.07884229552552682,0.6022929052111451
Su,20110527,4,recovery_eyes_closed,3,3,954.058,1034.058,0.003,0.2966143442657626,0.9113606315828228,30;33;35;58,BP061-062;BP067-068;BP071-072;BP117-118,0.30409785558691194,1.04449562110688,0.34825835023347157,1.12440522415425,0.8731961642356758,0.9289316686451046,0.770571113778441,0.8330362295237297,0.6302288821819074,1.296589075543147,0.4856361716782543,1.0801056747321216,0.4731505840567661,1.1398089117668364,0.14768091840279443,1.128165647590393
Su,20110527,4,recovery_eyes_closed,4,3,1286.3919999999998,1366.3919999999998,0.003,0.1982950757756169,0.8484738567502227,30;33;35;58,BP061-062;BP067-068;BP071-072;BP117-118,0.31292035560267983,1.0747985728192484,0.3424369991981303,1.1056101040619812,0.9138041634970278,0.972131648282218,0.7104925139444662,0.7680874540170094,0.5782149917124529,1.1895793143819207,0.4108174230621594,0.9137009469349092,0.5802853162788381,1.3978940260225992,0.1285531341123877,0.9820444737492386
Su,20110527,4,recovery_eyes_closed,5,3,1618.726,1698.726,0.003,0.2032662604365736,0.8470065233414235,30;33;35;58,BP061-062;BP067-068;BP071-072;BP117-118,0.265270337832417,0.9111333775792244,0.2921459886021868,0.9432379024933287,0.9080060934659411,0.9659634914699249,0.7922892821368525,0.8565149464882674,0.5931941789141152,1.2203964524650737,0.4699813901796239,1.045287802177594,0.4610226553691564,1.110593009546262,0.12467212214789804,0.9523966057404377
Su,20110527,4,recovery_eyes_closed,6,3,1951.06,2031.06,0.003,0.21492879051915836,0.8505364740548647,30;33;35;58,BP061-062;BP067-068;BP071-072;BP117-118,0.27804596113479013,0.9550142611536434,0.31366119907454937,1.012703042489784,0.8864531601459115,0.9430348493924637,0.6792083270015762,0.7342672644606776,0.5394271801200625,1.1097799681494782,0.36638343254852557,0.8148751013663754,0.4777612241899906,1.1509158381659144,0.10187143364681846,0.7782173428639108
Su,20110527,4,recovery_eyes_open,1,3,2178.18,2258.18,0.003,0.19175445105739375,0.7645415392923651,30;33;35;58,BP061-062;BP067-068;BP071-072;BP117-118,0.17871877662917543,0.6138516802049638,0.21521575895974754,0.6948569173788155,0.8304167756720907,0.8834217014354194,0.7834094465251128,0.8469152811951806,0.5210306152766592,1.0719321549535843,0.40818030593652654,0.9078357224346708,0.4808738147009252,1.1584139973621386,0.07294948492109868,0.5572764835666111
Su,20110527,4,recovery_eyes_open,2,3,2331.362,2411.362,0.003,0.19894023415557205,0.8299020489787323,30;33;35;58,BP061-062;BP067-068;BP071-072;BP117-118,0.15729116762547798,0.5402535164429844,0.18058900718479504,0.5830591656087648,0.8709897134797546,0.926584381670619,0.81519235249022,0.8812746176341699,0.6127351010267442,1.260598586727085,0.4994969684593243,1.1109335375080869,0.4807585733401682,1.1581363835655567,0.07856646139435373,0.600185750173189
Su,20110527,4,recovery_eyes_open,3,3,2484.544,2564.544,0.003,0.21500254624373616,0.7669678179549355,30;33;35;58,BP061-062;BP067-068;BP071-072;BP117-118,0.20847509617988483,0.7160567595896495,0.24876899233686733,0.8031886511942656,0.8380268546394277,0.8915175264552616,0.9096774072202255,0.9834189523117063,0.6214203644707313,1.2784670437560626,0.5652920659455825,1.2572687207356315,0.4258099308004401,1.0257663631816059,0.11784931781773123,0.9002757661033819
Su,20110527,4,recovery_eyes_open,4,3,2637.726,2717.726,0.003,0.1870850467210995,0.7474999395449586,30;33;35;58,BP061-062;BP067-068;BP071-072;BP117-118,0.19102018421359332,0.6561037583413821,0.22581149428852346,0.7290668656814028,0.845927638960324,0.8999226123493795,0.899732117279931,0.9726674633378212,0.6549653995690684,1.3474802662168213,0.5892934056993739,1.3106502124388877,0.43081132005340955,1.0378145952536717,0.11256693491255026,0.8599225302520863
Su,20110527,4,recovery_eyes_open,5,3,2790.9080000000004,2870.9080000000004,0.003,0.22032399368459032,0.7747540235875776,30;33;35;58,BP061-062;BP067-068;BP071-072;BP117-118,0.1818600167596835,0.6246410083797006,0.21412074651259208,0.6913215026062189,0.8493339376107052,0.9035463326756958,0.9118768323540501,0.9857966703286937,0.5887012882659577,1.2111530916850302,0.53682306594671,1.1939506850414057,0.3784908663223293,0.9117758214682525,0.0976266517700534,0.7457905598598987
Su,20110527,4,recovery_eyes_open,6,3,2944.09,3024.09,0.003,0.20529422735455594,0.7573926513895533,30;33;35;58,BP061-062;BP067-068;BP071-072;BP117-118,0.1965789586609992,0.675196676829184,0.228230446685724,0.7368768226015149,0.8613178544565122,0.9162951746065625,0.9073556784771807,0.9809090163388935,0.6866732254893222,1.4127137422756961,0.623056850405978,1.38574364730409,0.4030215487192886,0.9708696730874266,0.12247986683940904,0.9356495055968747
Su,20110527,5,eyes_open,1,1,47.05,127.05,0.003,0.23634100842006134,0.8029244947736858,26;30;33;35;58,BP053-054;BP061-062;BP067-068;BP071-072;BP117-118,0.3567426274623151,1.120241654441148,0.4593625438461745,1.2265728546964128,0.7766036483413775,0.9133103265345109,0.9004573879256096,0.9494689364145565,0.708456951273436,1.2413229214347599,0.6379352958014191,1.1785975539616718,0.3215950456543313,1.0381669450263877,0.22757871357514733,1.3203140737703165
Su,20110527,5,eyes_open,2,1,271.61600000000004,351.61600000000004,0.003,0.2638736575131255,0.8614310654081261,26;30;33;35;58,BP053-054;BP061-062;BP067-068;BP071-072;BP117-118,0.4066071614316214,1.2768260481511857,0.490952978049238,1.310924462333204,0.8281998065216798,0.9739890320443566,0.7914557432480903,0.8345343742385265,0.49074498181424936,0.8598588713261079,0.3884029343270673,0.7175817851155792,0.4463214029277186,1.4408061742201175,0.1579274146184414,0.9162271149144017
Su,20110527,5,eyes_open,3,1,496.1820000000001,576.182,0.003,0.24822983593418857,0.799475037134979,26;30;33;35;58,BP053-054;BP061-062;BP067-068;BP071-072;BP117-118,0.3171384337491552,0.9958767367871043,0.38750123437035416,1.0346914471093467,0.8184191574627353,0.9624866809997509,0.8470840877595986,0.8931905480964812,0.6326503989149547,1.108498462773745,0.5359080860356206,0.9901003495289883,0.34472615874574747,1.1128383597066591,0.169957051038844,0.986017905180702
Su,20110527,5,eyes_open,4,1,720.748,800.748,0.003,0.4045851913428933,0.9338737772624345,26;30;33;35;58,BP053-054;BP061-062;BP067-068;BP071-072;BP117-118,0.5317518046739733,1.669804715117664,0.5911635642885595,1.578503058979791,0.8995003021099824,1.0578406583493623,0.8007453809445847,0.8443296433335875,0.503555698247512,0.8823051694674784,0.40321989942002034,0.7449564090478565,0.39105299687823847,1.2623897681211886,0.21441290919705375,1.2439317243852372
Su,20110527,5,eyes_open,5,1,945.314,1025.314,0.003,0.22947242804302215,0.7684101799460176,26;30;33;35;58,BP053-054;BP061-062;BP067-068;BP071-072;BP117-118,0.3256542374195415,1.0226180266084821,0.4031553032167191,1.0764903620834194,0.8077637446938994,0.9499555803075898,0.88462847381311,0.9327784606091275,0.6475660043566229,1.1346328424118295,0.5728553261272531,1.058361076101465,0.32095838296475526,1.0361116827691454,0.18655276438169338,1.0822991150821129
Su,20110527,5,eyes_open,6,1,1169.88,1249.88,0.003,0.24264975967061375,0.7849246728238152,26;30;33;35;58,BP053-054;BP061-062;BP067-068;BP071-072;BP117-118,0.38920904765655395,1.2221925665900406,0.499809983182778,1.3345741094719241,0.7787140328371996,0.9157922051055287,0.8831740097450613,0.9312448306225661,0.5365145203987022,0.9400539731544556,0.4738356802669703,0.8754204030062914,0.3857915880426071,1.245404989247159,0.1844211338624029,1.06993230919555
Su,20110527,5,eyes_closed,1,1,1631.33,1711.33,0.003,0.24766210300683744,0.7680834946192406,26;30;33;35;58,BP053-054;BP061-062;BP067-068;BP071-072;BP117-118,0.4150590865344819,1.3033667467713452,0.6347098258142837,1.6947786740174207,0.6539351836912138,0.7690483523029912,0.8217642542766382,0.8664925658381069,0.6173274129894113,1.081650291378137,0.5072976011797699,0.9372419363157778,0.41437089419422873,1.3376641560450642,0.210558478946809,1.221569973473574
Su,20110527,5,eyes_closed,2,1,1867.554,1947.554,0.003,0.2450761046066795,0.8075802205870863,26;30;33;35;58,BP053-054;BP061-062;BP067-068;BP071-072;BP117-118,0.4163269497227219,1.3073480852665578,0.6129860573257865,1.6367726718157634,0.6791784980216193,0.7987352842446004,0.8247650731064031,0.8696567180799284,0.6195973392118356,1.085627542846693,0.5110222447715824,0.944123285969232,0.3717254355131831,1.1999969060161648,0.2127523324062112,1.2342977701674505
Su,20110527,5,eyes_closed,3,1,2103.778,2183.778,0.003,0.30051129229950824,0.9273851360839334,26;30;33;35;58,BP053-054;BP061-062;BP067-068;BP071-072;BP117-118,0.6248127777843714,1.9620343800239366,0.7483053540147496,1.998097247053385,0.834970342564268,0.9819513954675475,0.8788204595807251,0.9266543184011247,0.5964439664661482,1.0450593583633823,0.5241671607239309,0.9684087674129367,0.37731015187520933,1.2180253800326317,0.3275063397152666,1.9000512955807929
Su,20110527,5,eyes_closed,4,1,2340.002,2420.002,0.003,0.2542080955946454,0.848016851198809,26;30;33;35;58,BP053-054;BP061-062;BP067-068;BP071-072;BP117-118,0.4624250920384719,1.4521052722105667,0.6006032440173712,1.6037085422467627,0.7699343895403555,0.9054670683341233,0.9173059647437911,0.9672345747736473,0.6921633804289038,1.212774139571608,0.6349255974446593,1.1730370791850202,0.30026432884596965,0.9693075350217872,0.2936055278359286,1.7033733271830582
Su,20110527,5,eyes_closed,5,1,2576.226,2656.226,0.003,0.25328715076610264,0.8021905121080568,26;30;33;35;58,BP053-054;BP061-062;BP067-068;BP071-072;BP117-118,0.47499569548603726,1.4915794267392732,0.6138695304579536,1.6391316890588685,0.7737730444638377,0.9099814473086573,0.8326749057509371,0.8779970798659802,0.6931705846164319,1.2145389124943613,0.5771857512148093,1.0663616185536524,0.43145072668876416,1.3928009430137085,0.2741607473229092,1.5905630516990248
Su,20110527,5,eyes_closed,6,1,2812.45,2892.45,0.003,0.2391904638933644,0.8230978687206945,26;30;33;35;58,BP053-054;BP061-062;BP067-068;BP071-072;BP117-118,0.4373996489976701,1.373520484307383,0.6476663623089334,1.729374737993726,0.6753471763429838,0.7942295293967488,0.765911101544884,0.8075993475351441,0.6756794946454929,1.183891897368351,0.51751042603522,0.956110323866824,0.4341626454951072,1.4015555071787513,0.22635887870043997,1.3132371150888529
Su,20110527,5,deep_anesthesia,1,2,985.06,1065.06,0.003,0.6012349188005992,0.8857092618561145,26;30;33;35;58,BP053-054;BP061-062;BP067-068;BP071-072;BP117-118,0.5609889737721633,1.7616151469539654,0.9304297470313085,2.4843990573441643,0.6029353377426854,0.7090709287408689,0.8265684162457072,0.871558216491097,0.6442900780510491,1.1288929277921331,0.5325498294174787,0.9838959067559243,0.448430462846353,1.4476146009113662,0.2987545822874519,1.7332459323672469
Su,20110527,5,deep_anesthesia,2,2,1332.528,1412.528,0.003,0.6339992256513589,0.9017497833562597,26;30;33;35;58,BP053-054;BP061-062;BP067-068;BP071-072;BP117-118,0.7085004202120038,2.224829952496737,0.9614845553008852,2.567320456447222,0.7368817484439851,0.866596122392746,0.7891112928164926,0.8320623162737474,0.5730219097032331,1.0040203991511223,0.45217805997809374,0.8354075389037753,0.4739791005179737,1.5300902219743902,0.32036834550512816,1.8586397150947083
Su,20110527,5,deep_anesthesia,3,2,1679.996,1759.996,0.003,0.6379698404166267,0.9000919356308473,26;30;33;35;58,BP053-054;BP061-062;BP067-068;BP071-072;BP117-118,0.686655837919577,2.1562336897458576,1.0259880354893172,2.739555260726503,0.6692630071383777,0.7870743549717797,0.811222254843541,0.8553767694399184,0.5902945125299176,1.0342845920044252,0.47886004547628863,0.8847030129902295,0.4483312634075363,1.4472943671896832,0.3288120457727269,1.9076264420292006
Su,20110527,5,deep_anesthesia,4,2,2027.464,2107.464,0.003,0.6405284047174302,0.8951457809678275,26;30;33;35;58,BP053-054;BP061-062;BP067-068;BP071-072;BP117-118,0.509499568459221,1.5999283392846058,0.6365323926949731,1.699645224613829,0.8004299141825035,0.9413307648648385,0.8248368474158478,0.8697323990373664,0.6064846944037103,1.0626522208716587,0.5002509233379203,0.9242230654010932,0.448383097113392,1.4474616957626347,0.2548776295619975,1.4786906741557044
Su,20110527,5,deep_anesthesia,5,2,2374.932,2454.932,0.003,0.5919664602278574,0.8658330645622855,26;30;33;35;58,BP053-054;BP061-062;BP067-068;BP071-072;BP117-118,0.5551936684358527,1.743416754224389,0.6522953171993864,1.7417348019351717,0.8511385162468479,1.0009656764550772,0.7698142666563205,0.8117149604188847,0.6325450799942074,1.108313928215718,0.4869422268828043,0.8996349963733202,0.4689650402478512,1.5139039289852676,0.2703472412593872,1.568438725363847
Su,20110527,5,deep_anesthesia,6,2,2722.4,2802.4,0.003,0.5568416719439319,0.8582853133754088,26;30;33;35;58,BP053-054;BP061-062;BP067-068;BP071-072;BP117-118,0.5427927741665619,1.70447551972264,0.6562488778743913,1.7522914532519152,0.8271142130172977,0.9727123399246524,0.7211733110665264,0.7604264963679408,0.5419493505985828,0.9495766114588596,0.39083940760153374,0.7220832156846021,0.5238649485816997,1.691130757841462,0.21214480630565236,1.2307731643370121
Su,20110527,5,recovery_eyes_closed,1,3,289.39,369.39,0.003,0.1677868202788877,0.858746272188317,26;30;33;35;58,BP053-054;BP061-062;BP067-068;BP071-072;BP117-118,0.1641644240984183,0.5155084138965627,0.19882714963354184,0.5309008925177633,0.8256640222474125,0.9710068699485457,0.586748519970583,0.6186850157148235,0.6328735333176166,1.1088894277407584,0.371337609002665,0.6860532730277926,0.6007123312407264,1.939208001463393,0.06096042472800596,0.35366623462710284
Su,20110527,5,recovery_eyes_closed,2,3,621.7239999999999,701.7239999999999,0.003,0.16537560791675432,0.8193765765630212,26;30;33;35;58,BP053-054;BP061-062;BP067-068;BP071-072;BP117-118,0.16793981772878339,0.5273638886311975,0.2073034138894266,0.5535338994635436,0.8101160254811851,0.9527219365287137,0.6423341559712388,0.6772961564541445,0.593942464386894,1.0406763512330077,0.3815095315574331,0.7048460928028395,0.47008537890559965,1.5175205847062634,0.06407064119154905,0.3717103763870136
Su,20110527,5,recovery_eyes_closed,3,3,954.058,1034.058,0.003,0.2966143442657626,0.9113606315828228,26;30;33;35;58,BP053-054;BP061-062;BP067-068;BP071-072;BP117-118,0.29829357755600894,0.9367002009475635,0.35896327446664034,0.9584904433156379,0.8309863397564097,0.9772660828075687,0.6604335872794687,0.6963807328309592,0.6141637862230123,1.076107142407777,0.4056143925124047,0.7493802804345573,0.46046219903420343,1.4864552204118608,0.12099216825073256,0.7019446592691939
Su,20110527,5,recovery_eyes_closed,4,3,1286.3919999999998,1366.3919999999998,0.003,0.1982950757756169,0.8484738567502227,26;30;33;35;58,BP053-054;BP061-062;BP067-068;BP071-072;BP117-118,0.3120510422552859,0.9799013320410483,0.3545227947721148,0.9466336388632498,0.880200220851442,1.0351431555060175,0.6158216789382478,0.6493406155170881,0.5498413889628909,0.9634046473061316,0.33860424730086564,0.6255777666737867,0.5659092200311935,1.8268572668048417,0.10566180828230173,0.6130044868589097
Su,20110527,5,recovery_eyes_closed,5,3,1618.726,1698.726,0.003,0.2032662604365736,0.8470065233414235,26;30;33;35;58,BP053-054;BP061-062;BP067-068;BP071-072;BP117-118,0.2677093912065116,0.8406598713698582,0.3149197201229551,0.8408869754099024,0.8500877337944699,0.9997299232278708,0.6982689782772844,0.7362754895748428,0.5859035679155629,1.0265909979381214,0.4091182857374156,0.7558537896000169,0.4514846442942624,1.4574740507573083,0.10952480720621496,0.6354159495395706
Su,20110527,5,recovery_eyes_closed,6,3,1951.06,2031.06,0.003,0.21492879051915836,0.8505364740548647,26;30;33;35;58,BP053-054;BP061-062;BP067-068;BP071-072;BP117-118,0.279365260108157,0.8772615804372942,0.3587319679705527,0.9578728172749065,0.7787576381569911,0.915843486333659,0.5999071938729796,0.6325599111649196,0.520927900537744,0.912743875531276,0.3125083950217406,0.5773651848223884,0.4473647170970873,1.4441741809682078,0.08730398906122679,0.5065002945267346
Su,20110527,5,recovery_eyes_open,1,3,2178.18,2258.18,0.003,0.19175445105739375,0.7645415392923651,26;30;33;35;58,BP053-054;BP061-062;BP067-068;BP071-072;BP117-118,0.1818852684752093,0.57115533269616,0.2246496454447003,0.5998511646433137,0.8096396863443175,0.9521617467155924,0.6886684673435319,0.7261524265320647,0.506869223295514,0.8881109627276613,0.34906485115052804,0.6449039306144193,0.4728183075538754,1.5263429724392048,0.06348975416677276,0.36834031904714093
Su,20110527,5,recovery_eyes_open,2,3,2331.362,2411.362,0.003,0.19894023415557205,0.8299020489787323,26;30;33;35;58,BP053-054;BP061-062;BP067-068;BP071-072;BP117-118,0.16806060208606347,0.5277431751470607,0.20182100793093422,0.53889498208293,0.8327210522284975,0.9793061592580331,0.7891281870454113,0.8320801300490333,0.6018199327610556,1.0544788582705173,0.4749130724675232,0.8774109055236882,0.4294536280048915,1.386353947428519,0.07981417689743424,0.46304761718973025
Su,20110527,5,recovery_eyes_open,3,3,2484.544,2564.544,0.003,0.21500254624373616,0.7669678179549355,26;30;33;35;58,BP053-054;BP061-062;BP067-068;BP071-072;BP117-118,0.20984082807744928,0.6589412599412847,0.27468322830676806,0.7334489848921643,0.7639375340495768,0.8984145775839693,0.8066245534076467,0.8505288168873308,0.6131536522375451,1.0743372360392578,0.49458479090637736,0.913754778306475,0.4216869361869134,1.3612816621847392,0.10378408207830621,0.602110724894639
Su,20110527,5,recovery_eyes_open,4,3,2637.726,2717.726,0.003,0.1870850467210995,0.7474999395449586,26;30;33;35;58,BP053-054;BP061-062;BP067-068;BP071-072;BP117-118,0.20163462917050226,0.6331721896577999,0.26042196209009977,0.6953690799253762,0.7742612318570179,0.9105555710440115,0.8410658364958777,0.8868447257365755,0.6407463743973597,1.1226838270638675,0.5389098853642162,0.9956462307013446,0.41313302108423205,1.3336680778644419,0.10866289489173159,0.6304155040177069
Su,20110527,5,recovery_eyes_open,5,3,2790.9080000000004,2870.9080000000004,0.003,0.22032399368459032,0.7747540235875776,26;30;33;35;58,BP053-054;BP061-062;BP067-068;BP071-072;BP117-118,0.18932559430499962,0.594519411658173,0.23005261581812605,0.6142779760661279,0.822966492390053,0.9678344899576412,0.8302428190054159,0.8754326155764954,0.5912244814755869,1.03591403719006,0.4908598801653066,0.9068729350897012,0.361640456315165,1.1674407700117726,0.0929323385327776,0.5391535638182514
Su,20110527,5,recovery_eyes_open,6,3,2944.09,3024.09,0.003,0.20529422735455594,0.7573926513895533,26;30;33;35;58,BP053-054;BP061-062;BP067-068;BP071-072;BP117-118,0.2015797168487987,0.6329997542228982,0.2414956597119149,0.6448327681432133,0.8347136221382498,0.9816494841687587,0.8261341551086401,0.8711003186877515,0.6915437607321232,1.2116884728549449,0.5713079204930841,1.0555022148542175,0.38271552667745634,1.2354749070729307,0.11516408884647172,0.6681326425844453
